Hour,RegionA,RegionB,RegionC,RegionD,RegionE,RegionF
0,1.7583333333333333,14.373333333333335,1.5506666666666666,49.919999999999995,12.06,18.56
1,3.58,9.234666666666667,30.924,58.976,15.651666666666667,49.599999999999994
2,7.536,31.81066666666667,31.7,102.00833333333334,19.9,80.64
3,10.915000000000001,30.067999999999998,31.7,98.31566666666666,45.75999999999999,99.52
4,12.646666666666668,29.245333333333335,33.300000000000004,102.19433333333333,69.09166666666668,100.52
5,13.010000000000002,17.44666666666667,26.27266666666667,100.67866666666667,53.39600000000001,91.62666666666667
6,10.717333333333334,13.705000000000004,32.788000000000004,82.50000000000001,35.43333333333334,74.45533333333334
7,11.889333333333333,15.57866666666667,36.510666666666665,107.16766666666666,39.697333333333326,77.69000000000001
8,23.380000000000003,16.294666666666668,37.053333333333335,89.63266666666668,44.384333333333345,92.30000000000004
9,21.288666666666668,17.352,29.639333333333337,83.49866666666667,39.61999999999999,34.10066666666668
10,19.443333333333335,14.879999999999995,23.580333333333332,75.95866666666666,85.97666666666666,52.14666666666666
11,19.032,12.736666666666666,23.06199999999999,77.57400000000001,65.36000000000001,48.29866666666666
12,13.992666666666661,25.959666666666667,12.366666666666667,81.98,69.72266666666667,38.61333333333334
13,12.839999999999998,24.746666666666666,18.05133333333333,64.33800000000001,105.38766666666669,68.08
14,7.158666666666668,25.230666666666668,15.780000000000001,95.08066666666667,107.11000000000001,67.66900000000001
15,6.628,43.40266666666667,13.638333333333335,99.29466666666666,76.40866666666663,100.36
16,18.250666666666667,55.31299999999999,9.533333333333337,75.13999999999997,41.99866666666664,79.93333333333331
17,17.319666666666656,42.850333333333325,10.745,73.38466666666666,55.01400000000001,101.18133333333336
18,17.659666666666666,57.58533333333334,18.603,77.20600000000002,30.56266666666665,84.99733333333332
19,58.870666666666665,70.65766666666669,19.016,86.32433333333336,13.989333333333335,76.29299999999999
20,58.00366666666666,59.178000000000004,16.49066666666667,85.20933333333335,29.6,86.64800000000001
21,66.149,58.08899999999998,11.326666666666682,89.42500000000001,72.11199999999998,119.7856666666667
22,66.56266666666667,38.776666666666664,6.685333333333338,96.62133333333335,54.31,78.81066666666668
23,81.17466666666665,37.00433333333335,4.145333333333333,77.63333333333327,37.33733333333331,67.89899999999997
24,56.89333333333332,13.263999999999996,3.7800000000000002,83.921,48.44,87.94433333333332
25,21.820666666666675,27.72366666666666,3.9200000000000013,62.439999999999976,66.904,57.852
26,10.841333333333331,9.822333333333301,17.36,50.96166666666666,42.820000000000036,89.93399999999998
27,5.350000000000002,6.048,25.123999999999988,75.51466666666668,53.9,125.88
28,6.560000000000001,7.48,19.646666666666665,140.12,54.816333333333354,148.84533333333334
29,23.822666666666667,7.114666666666668,20.808000000000003,116.79666666666665,93.02833333333334,133.39866666666674
30,46.89833333333334,21.62366666666666,20.509333333333345,88.74399999999999,93.60166666666669,85.75600000000003
31,57.16966666666666,21.892000000000003,7.56166666666667,78.71133333333336,83.01466666666666,48.17300000000003
32,39.93733333333332,25.25266666666667,41.088,68.436,83.51366666666667,83.96699999999998
33,31.460999999999977,22.414666666666665,51.900666666666666,57.60266666666669,73.43199999999999,95.06666666666669
34,34.42666666666662,23.930666666666667,44.24633333333337,86.5266666666666,91.56666666666668,114.39333333333337
35,17.91133333333334,16.532000000000025,36.92133333333333,88.33299999999994,99.24833333333332,91.03333333333336
36,28.866,18.72,25.185333333333332,127.59866666666667,76.01866666666668,97.60400000000004
37,38.04633333333334,20.554333333333332,26.654666666666717,126.28533333333334,93.6,79.1336666666666
38,35.000000000000014,22.516000000000002,27.16200000000002,123.76133333333335,92.95866666666656,22.46799999999993
39,29.77933333333332,23.007999999999996,25.754999999999995,102.04533333333335,61.29733333333334,26.709333333333365
40,16.87666666666665,21.394,24.636000000000003,92.04766666666673,31.923333333333332,88.99600000000001
41,11.573333333333329,24.437333333333328,53.891999999999996,90.16300000000004,34.45066666666668,92.35166666666667
42,14.389333333333335,16.644000000000016,37.14266666666665,66.57833333333333,47.976,106.75033333333334
43,18.451000000000008,18.879333333333335,45.634,73.76300000000003,56.013333333333335,111.77599999999997
44,30.54200000000001,25.736666666666657,52.346666666666664,77.51600000000003,65.55199999999996,115.23733333333334
45,28.439333333333337,24.329333333333334,55.70166666666666,79.45466666666667,85.79599999999999,105.65466666666664
46,37.247666666666674,25.200000000000003,56.79733333333339,70.00833333333331,90.37066666666665,83.22933333333327
47,44.504,27.832,36.21233333333333,57.595999999999975,89.01133333333325,71.23400000000007
48,50.006333333333345,28.718666666666685,48.53833333333333,60.346666666666685,90.48400000000001,64.69333333333333
49,39.433333333333316,20.06433333333335,48.29999999999999,69.49333333333333,68.6066666666666,69.3316666666667
50,35.644000000000034,18.231333333333335,27.11466666666663,51.68266666666666,76.50133333333338,55.53899999999999
51,34.230999999999995,18.787333333333343,37.458,38.13233333333335,31.823999999999963,75.49133333333332
52,36.181333333333335,19.968000000000004,34.08766666666667,35.16100000000004,44.08,53.38633333333329
53,37.58,19.249333333333325,38.14,75.38,91.75999999999999,46.57866666666665
54,39.75266666666666,17.01800000000001,35.82533333333333,86.23466666666663,89.9,78.08133333333336
55,19.129333333333335,30.79933333333334,24.63766666666672,94.07866666666666,109.13200000000006,67.56
56,7.492000000000002,30.125333333333334,19.655999999999977,111.49466666666667,116.0326666666667,60.088999999999984
57,8.36100000000001,42.916666666666686,8.278666666666659,131.07466666666664,94.61666666666667,63.80600000000006
58,9.458000000000002,41.49666666666667,12.994333333333298,142.357,78.305,41.74533333333333
59,5.527333333333329,43.32,7.890000000000001,123.55533333333335,62.6106666666667,32.946666666666665
60,5.276666666666667,19.53766666666663,21.445666666666664,145.14833333333337,43.013333333333435,14.444000000000026
61,5.370333333333333,7.864999999999995,21.3,150.72399999999996,44.912,31.534333333333297
62,20.719999999999995,11.014666666666667,18.526,126.42166666666671,42.66666666666664,26.960000000000026
63,20.777333333333406,12.25633333333333,19.369333333333334,154.14033333333327,45.657333333333355,29.099999999999998
64,6.972000000000017,9.875000000000007,17.669333333333363,171.22933333333324,23.725333333333396,43.914666666666676
65,5.109333333333329,7.986666666666668,12.432666666666668,161.08533333333358,25.32,46.66800000000003
66,18.01466666666669,7.333333333333345,9.700000000000054,158.11200000000005,34.92,51.313666666666634
67,25.71800000000001,7.57466666666667,12.608333333333334,124.45166666666665,45.648000000000074,69.93866666666663
68,24.15333333333333,3.147000000000002,13.38666666666666,141.49966666666674,48.91,55.6880000000002
69,39.435,19.879333333333324,16.44,135.70933333333343,81.67066666666658,54.630666666666635
70,39.134666666666725,22.010999999999996,29.85166666666666,95.44999999999999,89.58399999999996,53.69233333333334
71,29.771333333333338,22.321333333333335,27.409000000000063,80.80133333333342,92.78066666666669,88.85500000000016
72,37.15733333333344,23.767999999999997,10.309000000000026,61.81999999999996,92.628,67.61466666666668
73,32.178000000000004,25.506666666666653,6.979999999999997,24.161666666666672,110.45600000000003,63.48933333333333
74,31.74133333333334,26.09166666666666,6.8866666666666685,74.0399999999999,106.11599999999997,36.5613333333335
75,26.100000000000016,15.368000000000043,8.117333333333324,106.65333333333334,88.42266666666669,46.870666666666644
76,17.990000000000084,6.645333333333335,8.623999999999995,141.24666666666656,94.73633333333336,27.243999999999986
77,29.359999999999996,6.982666666666667,18.661333333333335,107.16866666666667,82.98933333333338,44.19666666666668
78,30.883333333333358,4.91633333333334,17.106000000000005,95.52533333333315,95.00666666666666,39.37900000000002
79,31.80466666666667,7.278333333333339,37.824333333333335,48.22133333333336,98.39199999999997,37.29333333333334
80,21.901333333333373,16.101333333333336,39.619666666666674,47.635,78.06000000000003,48.1360000000001
81,15.482666666666674,15.868,38.328,38.956666666666685,66.01333333333329,26.603000000000097
82,29.162000000000006,28.76300000000001,41.61466666666667,51.15733333333322,43.444666666666656,32.86
83,36.62200000000001,49.528000000000006,45.80166666666672,32.065333333333385,58.895,48.1
84,35.324666666666666,55.284000000000034,13.481333333333263,54.15333333333334,69.32466666666672,65.82
85,33.11133333333334,27.832000000000114,33.87966666666666,55.56500000000005,56.55499999999999,80.4033333333333
86,28.22999999999998,7.968000000000001,32.90599999999999,63.040000000000006,67.55466666666655,70.328
87,23.176,12.906333333333325,48.504666666666665,55.46099999999994,103.13466666666667,62.29433333333345
88,10.381666666666579,11.623333333333342,75.30700000000002,90.33833333333334,91.82799999999986,48.92666666666681
89,11.001333333333339,12.550666666666666,71.04266666666665,106.70600000000007,94.94533333333318,34.96133333333334
90,11.324666666666669,11.636666666666667,54.380666666666684,103.93833333333333,82.84400000000004,43.56
91,27.221333333333337,14.079999999999997,39.508000000000074,97.6520000000001,45.48000000000009,60.820666666666675
92,27.808,11.757999999999985,27.363666666666642,100.9066666666667,104.0863333333333,58.8633333333333
93,30.183999999999997,7.258999999999986,8.617333333333388,53.985666666666674,91.78333333333335,56.401666666666664
94,31.558000000000003,6.559999999999992,10.492,68.52799999999989,83.20500000000001,65.56000000000003
95,11.864333333333237,20.784000000000006,16.854666666666695,85.76199999999996,109.64399999999996,52.96866666666668
96,9.07733333333333,32.143000000000015,17.421333333333337,107.35366666666668,95.35599999999997,53.18800000000006
97,12.830666666666673,33.44199999999999,21.491333333333337,85.88466666666653,68.7013333333333,99.97999999999992
98,13.661666666666658,31.866666666666656,21.038666666666686,64.65199999999996,46.596000000000046,90.00200000000002
99,13.843999999999994,29.351000000000006,14.206666666666628,54.448666666666604,56.0,83.90999999999998
100,11.029666666666664,34.95533333333338,10.428333333333322,52.851666666666766,55.726666666666674,71.83200000000004
101,11.118666666666654,17.791999999999977,8.576000000000015,66.84000000000002,64.15999999999985,47.476000000000106
102,39.81733333333334,20.5,3.120000000000006,69.616,51.655999999999935,55.653333333333215
103,39.477666666666664,13.858666666666625,5.632000000000005,63.72666666666661,53.78899999999996,36.26433333333335
104,38.80800000000002,9.846666666666668,10.289333333333337,71.72999999999999,61.31333333333324,55.776000000000046
105,40.41866666666667,13.29999999999999,11.170666666666666,81.955,51.15199999999997,83.66000000000001
106,30.915666666666663,14.382666666666665,16.725333333333335,56.01333333333342,43.654000000000046,56.26266666666681
107,9.03433333333335,20.018333333333292,24.282000000000004,52.04666666666665,51.32400000000002,58.89733333333341
108,7.632000000000016,32.99999999999999,20.753333333333337,55.44,53.99599999999992,66.94533333333334
109,10.971333333333348,37.53066666666667,37.28999999999999,102.5066666666666,39.850666666666555,111.57000000000001
110,12.435000000000024,29.979000000000042,49.42066666666669,127.15333333333322,32.952,101.22800000000011
111,7.346666666666669,26.580999999999943,61.68633333333338,82.6173333333335,23.543999999999976,89.03833333333343
112,7.721333333333331,16.600666666666648,61.9733333333333,107.9893333333334,59.91733333333331,56.8
113,7.090666666666671,7.696666666666683,63.28,104.03666666666669,61.059999999999995,63.704000000000036
114,10.121666666666671,3.6843333333333437,64.87999999999991,123.73900000000006,79.99333333333344,76.34666666666664
115,8.840000000000003,19.956333333333333,46.787333333333336,116.20800000000014,78.13066666666677,95.49599999999994
116,8.740333333333353,29.769333333333357,26.373999999999935,133.72999999999993,90.54266666666669,82.90133333333327
117,4.295999999999997,29.158666666666655,5.641333333333366,112.97566666666653,99.56400000000008,72.09466666666674
118,17.395000000000003,32.77500000000001,5.589333333333333,107.1356666666667,87.79333333333314,53.13366666666661
119,36.72266666666667,25.362666666666716,8.408666666666662,128.34200000000007,81.77599999999995,67.46
120,38.344,11.557666666666663,10.118666666666675,129.00600000000009,92.52333333333335,104.292
121,37.015333333333395,17.21166666666666,28.995333333333328,166.27266666666662,104.36733333333335,83.14633333333344
122,26.537666666666635,13.925000000000022,44.99600000000004,165.50799999999984,126.84366666666665,92.87733333333347
123,25.14266666666666,5.080999999999992,28.638000000000034,154.38133333333337,134.7939999999999,79.37333333333329
124,21.7783333333333,19.140666666666668,28.967999999999897,153.18833333333325,117.30666666666664,78.84933333333342
125,15.323999999999987,36.472,9.646666666666704,120.77333333333333,82.8849999999999,77.69333333333316
126,16.533333333333324,55.99333333333337,5.793333333333335,132.17199999999997,68.34666666666641,56.8733333333333
127,14.014666666666674,36.18666666666674,8.821333333333358,149.97866666666664,33.96166666666688,95.27499999999998
128,10.668000000000031,22.02000000000001,11.048000000000048,183.02000000000004,40.026666666666664,101.66000000000001
129,8.475999999999999,14.380000000000182,11.911666666666658,175.83599999999984,42.32,119.25766666666671
130,6.824000000000012,7.969333333333346,11.265333333333338,127.41599999999994,50.282666666666486,87.94666666666637
131,7.085333333333328,6.306333333333365,12.151666666666655,129.65166666666664,53.20966666666667,102.31599999999983
132,7.678666666666659,19.973333333333336,11.926000000000055,112.09000000000037,39.21200000000006,98.70000000000007
133,5.5493333333333315,39.86999999999999,6.266000000000021,143.5840000000003,34.282000000000096,111.23200000000007
134,4.2326666666666934,38.04666666666644,16.196000000000005,100.30833333333321,34.30333333333334,118.42266666666652
135,3.648000000000002,30.526666666666678,17.48533333333332,101.81200000000022,67.40666666666668,118.89066666666658
136,11.946666666666673,44.21366666666667,16.52,106.53233333333324,48.688,77.64400000000005
137,15.34533333333332,51.27466666666666,16.631999999999998,133.77033333333333,58.47000000000003,42.5143333333334
138,22.386666666666667,56.485333333333266,7.320000000000028,164.901,74.73200000000007,23.31300000000006
139,26.826666666666664,46.212000000000096,2.6750000000000047,140.44100000000003,98.06000000000006,23.582333333333583
140,38.374666666666634,55.78933333333331,10.548000000000002,63.006666666666916,70.18399999999998,59.471666666666664
141,19.839333333333396,45.35899999999982,12.020000000000001,92.17333333333335,58.69866666666647,60.01333333333331
142,14.785333333333362,49.67200000000005,10.464333333333334,95.16666666666644,53.93866666666666,58.50666666666649
143,9.76666666666669,44.430666666666795,14.249333333333336,75.9,63.84933333333332,43.342666666666474
144,10.992000000000004,28.560000000000006,14.045333333333339,92.77333333333316,82.58000000000001,82.9839999999999
145,9.836333333333338,33.152333333333395,17.50400000000006,60.06466666666694,109.86266666666668,74.92933333333325
146,11.268000000000018,16.0166666666668,10.920000000000005,61.44666666666677,129.36800000000014,74.36199999999991
147,8.662333333333336,25.233333333333327,11.958999999999982,90.28399999999993,95.46666666666654,111.98800000000023
148,34.022000000000006,42.14933333333331,16.919999999999998,113.21999999999991,42.93933333333338,101.26999999999984
149,31.904000000000018,44.89433333333333,20.23699999999998,122.18533333333339,44.129333333333406,99.14799999999987
150,54.76366666666662,47.45799999999998,25.21000000000002,101.06033333333292,26.193666666666623,83.07700000000015
151,36.74933333333358,66.73066666666668,24.107000000000095,93.58133333333343,43.552000000000184,94.52666666666686
152,39.05499999999998,65.09666666666652,17.95333333333333,113.50233333333328,105.67666666666668,79.4266666666668
153,40.3126666666668,61.70799999999997,36.80433333333336,141.05400000000014,94.30800000000023,39.09366666666669
154,41.17333333333335,74.87933333333343,32.55066666666666,126.87899999999996,80.91266666666687,30.62499999999997
155,40.275999999999996,57.866666666666646,11.930666666666426,79.74266666666685,81.36133333333319,49.34666666666656
156,25.439333333333284,29.498666666666445,9.694666666666658,50.937,72.76666666666672,96.14333333333335
157,37.326666666666675,15.753333333333329,23.017333333333333,58.3870000000001,45.57700000000009,96.32000000000001
158,23.621333333333475,8.946000000000074,20.311999999999983,75.02733333333349,64.34133333333334,119.64133333333339
159,23.691999999999986,6.477000000000002,31.789333333333417,58.46633333333326,61.12933333333362,130.26833333333332
160,23.930666666666667,2.38,40.56666666666668,59.61699999999995,60.30533333333331,95.79366666666674
161,27.579999999999988,2.8680000000000043,25.91333333333334,136.6186666666667,48.80666666666649,60.766666666666595
162,26.500000000000014,7.265333333333333,9.012333333333334,133.8066666666669,51.02,46.133333333333354
163,32.541666666666735,9.66,4.0293333333333425,152.17333333333335,53.76399999999985,64.82333333333334
164,34.1953333333333,29.673333333333325,3.5786666666666593,150.9173333333334,53.89200000000009,58.309666666666544
165,34.18700000000001,49.91933333333337,17.240000000000002,116.09933333333335,59.93600000000015,61.161666666666484
166,35.566666666666556,53.03899999999999,14.781333333333277,84.33399999999972,104.0499999999999,81.39799999999995
167,22.40800000000002,51.50666666666652,3.643666666666657,66.13200000000003,106.10800000000006,60.424000000000156
168,31.749333333333325,29.35133333333342,2.5200000000000022,81.9680000000001,130.70933333333332,84.993
169,32.10666666666667,8.385999999999996,4.5600000000000005,63.282000000000245,110.71133333333322,117.66166666666678
170,34.76833333333349,32.15533333333342,17.058666666666674,118.59033333333342,103.82000000000002,101.05599999999991
171,29.15700000000002,18.79066666666667,18.933333333333348,125.04533333333299,84.68933333333338,125.89066666666665
172,29.02166666666664,36.197,23.159999999999975,89.35733333333351,54.7,109.93200000000006
173,26.58233333333331,52.50666666666666,36.53933333333336,67.87866666666683,40.28933333333312,119.00799999999975
174,19.679,48.633333333333624,41.039999999999836,68.85733333333317,44.00433333333328,103.71466666666673
175,45.1933333333332,22.25733333333334,30.82333333333333,47.884,56.12666666666667,102.35333333333351
176,38.530666666666676,23.96533333333333,31.78799999999997,37.640000000000185,78.14000000000001,86.49199999999999
177,38.939999999999884,23.095333333333322,31.089999999999982,23.594999999999985,82.17166666666654,65.16266666666667
178,38.23466666666666,15.531333333333464,29.487333333333343,37.73999999999995,81.19966666666669,75.37666666666657
179,30.903999999999836,15.482666666666669,28.821333333333417,29.18666666666669,87.00600000000011,78.6569999999999
180,25.596999999999806,17.812000000000012,17.969333333333157,86.29499999999999,78.03199999999973,58.049333333333095
181,16.255000000000013,13.397333333333389,13.296000000000003,118.37999999999995,65.58133333333328,58.66533333333338
182,14.339666666666645,8.714666666666666,11.56666666666666,159.40333333333342,54.53066666666656,64.41600000000007
183,20.566666666666666,19.436000000000057,20.975,182.16199999999984,62.150333333333336,75.14
184,37.17600000000001,11.703333333333353,21.513666666666666,186.28666666666663,98.6373333333333,85.18299999999992
185,31.883333333333372,9.30166666666665,28.870666666666683,182.5253333333332,95.27366666666656,43.425000000000026
186,25.183666666666483,11.322000000000015,45.59466666666667,138.0353333333335,92.246,17.229333333333333
187,7.780000000000002,14.737333333333332,44.328666666666685,138.58900000000023,66.45499999999991,33.450666666666635
188,9.848666666666677,12.42066666666671,56.11466666666678,137.04200000000017,49.78266666666667,59.541666666666664
189,9.02566666666664,17.734333333333343,25.24333333333334,164.20399999999998,34.410666666666515,61.35499999999998
190,22.194999999999972,21.294666666666668,56.53333333333331,119.45466666666675,40.324999999999996,66.20666666666673
191,24.16666666666668,21.124666666666684,58.07333333333344,82.52433333333335,109.56666666666666,42.26833333333328
192,26.808,35.200333333333404,59.61399999999991,123.33200000000008,119.06,36.089333333333215
193,26.460000000000008,31.934666666666644,58.22400000000005,119.8686666666666,134.5379999999998,29.3746666666667
194,21.21500000000002,28.417333333333325,41.59666666666667,95.10166666666633,145.55866666666645,62.60400000000014
195,20.69333333333336,23.189333333333384,26.037333333333084,149.64100000000008,122.16400000000036,29.440000000000005
196,11.208333333333385,21.015999999999988,35.26266666666667,142.52399999999994,88.50933333333329,50.075
197,7.734666666666648,36.96200000000002,31.593666666666465,136.2930000000002,103.05666666666669,51.25000000000002
198,3.682666666666695,33.43333333333329,27.30999999999999,99.49666666666685,109.98599999999993,68.8733333333331
199,2.9573333333333314,25.086666666667032,44.099999999999994,92.34733333333394,72.2013333333337,35.306999999999896
200,2.1800000000000113,11.66166666666668,28.291999999999923,75.03200000000004,52.756,41.242666666666736
201,3.367999999999997,13.435000000000008,13.121666666666702,120.28500000000003,49.214666666666716,47.070666666666604
202,28.37000000000001,22.484,7.350333333333329,153.87566666666638,60.33600000000012,34.97599999999991
203,42.79466666666667,19.061666666666667,7.953333333333315,134.2013333333336,48.52533333333325,15.514999999999826
204,46.40666666666664,24.59866666666654,8.342333333333332,132.53999999999982,53.78833333333336,15.432666666666663
205,33.01600000000002,8.282666666666795,9.281333333333333,132.75833333333304,38.62266666666661,33.893333333333324
206,13.216000000000125,20.107000000000014,7.64833333333334,84.47500000000053,66.2326666666668,52.04
207,5.806000000000013,22.943333333333342,4.755666666666688,68.10800000000012,58.88,56.276000000000145
208,7.081333333333356,24.06133333333335,11.853333333333325,90.46033333333324,71.83466666666668,52.088000000000015
209,24.269333333333314,23.838999999999995,12.785,89.18400000000008,90.08000000000014,39.16666666666686
210,23.727999999999994,32.31333333333335,26.746000000000073,108.63600000000014,92.8813333333334,19.075333333333205
211,17.93600000000002,46.71633333333334,23.393333333333338,97.79666666666648,81.31066666666717,8.36
212,4.903999999999996,31.554666666666783,23.26433333333333,125.02833333333297,85.63199999999998,25.41599999999997
213,14.985333333333298,27.521333333333345,8.034666666666595,102.51833333333325,110.59600000000009,29.6
214,13.581333333333347,27.26799999999992,6.23733333333333,104.53333333333322,70.28533333333327,83.16799999999999
215,12.949999999999974,16.59866666666659,24.774000000000015,84.80000000000024,66.93200000000007,112.53600000000004
216,7.98066666666672,7.728,22.42333333333335,79.5013333333332,69.81600000000003,123.95266666666643
217,20.80066666666665,10.934666666666667,12.826666666666856,78.30200000000005,89.1836666666667,128.60666666666663
218,21.94199999999998,14.70466666666666,4.506666666666684,112.71733333333339,125.89999999999992,97.81466666666675
219,22.053666666666807,12.776666666666653,4.500000000000004,122.6333333333332,147.43666666666664,82.31600000000002
220,14.469000000000014,12.431333333333322,24.480000000000004,117.22799999999987,157.63800000000015,69.0106666666668
221,20.12399999999993,11.021666666666698,24.789333333333342,124.87933333333342,141.88266666666672,66.65233333333336
222,10.27066666666671,7.168333333333324,25.67900000000001,128.26933333333335,99.14133333333325,103.48933333333302
223,11.009333333333334,19.375000000000007,28.7586666666667,174.74466666666632,85.0396666666666,74.40000000000006
224,16.791333333333377,20.477999999999824,21.500000000000213,182.76699999999968,77.82733333333336,71.52933333333318
225,27.835999999999984,23.340000000000003,20.22266666666667,162.32599999999994,51.51999999999999,58.10399999999979
226,27.13733333333333,25.640666666666686,19.338666666666686,186.24366666666666,40.616000000000234,65.04833333333339
227,44.101333333333365,23.82133333333333,14.143000000000015,115.39200000000008,40.15866666666659,125.94966666666676
228,42.588666666666654,13.064000000000002,13.421666666666656,120.9199999999997,57.08866666666643,143.0333333333332
229,38.48466666666672,26.76266666666666,12.626666666666686,105.43933333333322,42.42666666666685,151.11533333333304
230,38.189333333333416,36.87733333333333,8.286666666666662,64.75800000000015,40.28800000000011,149.10799999999958
231,29.794666666666675,35.277999999999984,7.11933333333334,67.39600000000004,55.62466666666665,147.5809999999999
232,50.46466666666668,37.853333333333325,21.515333333333324,43.31866666666684,83.00666666666666,152.69400000000036
233,34.146666666666846,37.001666666666665,36.31533333333332,60.45466666666664,95.11599999999994,125.18399999999998
234,30.73899999999997,21.523999999999855,36.82,40.06333333333338,83.47466666666672,115.2466666666665
235,17.57499999999999,32.18133333333324,34.161000000000044,94.98666666666641,65.09000000000002,113.43066666666667
236,15.446666666666644,17.03733333333328,33.67466666666668,121.32333333333347,74.38800000000015,115.75166666666686
237,9.429333333333329,21.760333333333328,47.38666666666654,82.45799999999994,48.13466666666638,81.64
238,27.64333333333332,26.74533333333331,24.140000000000118,87.80999999999999,35.65199999999995,67.67400000000026
239,25.050333333333334,26.871666666666638,23.19833333333333,77.42633333333356,15.948666666666831,85.96666666666667
240,25.990666666666662,24.241333333333365,27.656,72.5840000000001,27.24266666666668,93.45466666666671
241,24.100666666666662,28.054666666666755,25.935999999999865,65.20200000000001,41.790000000000035,100.92133333333327
242,5.329333333333582,20.08,14.620000000000013,70.86233333333348,32.157333333333376,116.51999999999998
243,4.572000000000003,13.166666666666849,7.5393333333333725,92.81333333333338,70.64,130.46266666666665
244,7.548333333333338,7.9453333333333385,15.038666666666671,112.59866666666672,101.9680000000001,85.09033333333323
245,37.001333333333335,20.295333333333325,18.276999999999973,121.69666666666666,109.15333333333332,50.282666666666756
246,37.16333333333333,18.049333333333337,37.17866666666667,150.95333333333335,121.30399999999995,35.52266666666651
247,36.395000000000024,18.47500000000001,37.495999999999995,165.0586666666668,84.88066666666708,13.593333333333156
248,35.52266666666668,18.585000000000033,36.687999999999974,140.69066666666683,66.01999999999984,24.39833333333334
249,28.974666666666522,16.770666666666756,48.82466666666674,140.2513333333331,14.465999999999791,58.04300000000011
250,12.628666666666495,7.2159999999999975,41.033333333333175,151.50933333333373,52.627999999999936,47.16666666666668
251,8.177333333333335,10.50533333333334,10.753333333333304,135.52266666666654,41.260000000000005,70.96533333333343
252,17.750999999999983,9.56600000000001,9.64133333333333,162.07700000000028,40.45999999999998,80.05199999999994
253,30.096666666666657,21.603999999999996,23.481333333333332,143.87500000000028,41.5606666666665,86.68299999999982
254,31.196666666666687,20.593666666666675,22.15266666666664,111.88666666666671,27.433666666666504,62.445000000000334
255,51.88600000000001,56.030000000000186,19.836,96.50400000000012,17.345333333333325,51.2106666666667
256,47.5156666666669,44.79333333333332,23.279333333333316,100.81000000000017,15.529999999999987,39.61466666666672
257,35.37700000000019,37.25399999999988,23.810666666666567,124.7600000000004,25.42200000000002,28.631666666666426
258,30.970666666666578,37.406666666666105,14.559999999999677,138.70399999999995,67.17700000000023,19.26
259,26.69733333333334,20.726666666666482,27.541333333333327,142.1933333333335,64.07200000000007,35.573999999999884
260,53.76000000000022,10.552666666666653,26.13333333333333,146.77266666666665,55.283666666667415,34.541333333333476
261,47.115333333333325,8.963999999999965,21.78000000000051,117.4220000000004,48.08933333333329,34.59899999999969
262,53.83733333333335,10.877333333333329,11.634666666666774,106.28233333333354,47.02733333333367,36.97666666666676
263,51.02533333333335,11.528999999999998,21.307999999999986,77.25600000000037,36.78800000000017,67.69033333333346
264,32.3786666666663,20.742666666666693,19.031000000000027,67.9383333333332,33.936333333333415,48.849999999999994
265,21.32833333333336,30.90466666666684,34.08066666666663,107.49200000000022,29.74666666666667,46.50266666666647
266,18.738666666666617,30.916,25.587999999999784,136.38133333333317,102.24000000000001,39.35999999999993
267,18.366666666666713,41.18000000000001,21.432000000000006,93.46399999999943,120.63999999999973,47.84199999999986
268,16.534666666666702,48.644333333333265,20.902666666666647,91.32666666666613,119.89066666666695,50.76899999999969
269,15.617333333333294,40.73066666666646,9.361333333333729,92.93000000000006,107.70400000000002,63.370666666666374
270,16.574666666666722,42.037333333333585,7.014666666666659,141.83233333333388,82.32133333333388,76.32000000000001
271,9.38266666666669,41.17533333333331,9.26933333333333,125.98800000000013,96.94266666666744,105.11733333333325
272,8.541333333333343,33.24833333333328,8.65133333333336,94.61533333333355,78.80666666666662,115.47466666666689
273,12.920000000000051,40.64,6.844999999999988,72.43766666666667,59.94666666666746,103.04399999999933
274,14.90266666666668,37.051999999999985,6.221333333333308,57.39733333333332,56.76466666666649,93.44133333333312
275,18.501333333333285,46.30166666666662,17.926666666666655,83.4760000000009,60.12133333333317,99.66666666666688
276,18.735666666666685,40.08533333333335,23.606666666666673,56.880666666666656,65.54666666666665,79.44933333333361
277,15.160999999999982,45.99300000000008,23.68799999999996,52.739999999999995,64.8986666666669,41.98266666666677
278,8.884999999999884,11.415666666666384,31.87466666666671,103.1263333333333,72.0733333333337,26.877333333333073
279,22.09833333333335,16.465,40.68400000000002,102.98799999999926,58.70400000000039,34.371999999999964
280,32.428000000000004,12.158666666666587,36.69266666666664,97.44766666666652,79.64733333333336,36.393333333333416
281,33.05400000000005,3.9963333333333675,30.900000000000276,80.66466666666595,94.41500000000008,48.25666666666663
282,45.942000000000014,57.63566666666669,15.926000000000156,77.89366666666672,65.84333333333333,47.41500000000002
283,40.06699999999975,42.772666666666964,10.712000000000032,128.93866666666648,43.13166666666694,34.02800000000019
284,32.21866666666661,33.7640000000004,16.650333333333407,135.52000000000018,32.66033333333316,12.010000000000018
285,22.239666666666643,40.778666666666666,14.351000000000065,126.37133333333347,28.221666666666657,11.940000000000001
286,14.12733333333307,66.70666666666641,11.42366666666656,86.58333333333327,14.155333333333058,15.173333333333494
287,6.39333333333334,59.872666666666625,8.06900000000002,82.06600000000066,22.78399999999987,15.128000000000029
288,11.19866666666666,47.6350000000001,7.9173333333333265,81.61766666666693,33.89999999999981,51.46533333333376
289,11.543333333333301,26.749999999999623,8.252666666666629,55.41333333333331,72.04166666666673,74.67666666666668
290,10.090999999999964,32.09933333333334,24.762333333333522,96.75633333333305,89.06,64.91333333333272
291,10.676,34.38266666666667,6.325333333333286,81.68400000000031,85.07333333333354,41.59599999999984
292,10.970666666666657,37.504666666666694,8.61133333333333,68.98200000000013,69.1746666666668,145.72433333333353
293,11.138666666666696,54.02999999999989,7.524000000000002,101.78333333333356,61.18233333333325,128.1799999999999
294,7.986666666666677,48.89733333333331,9.239333333333345,120.74933333333303,36.92000000000019,145.85200000000003
295,13.286666666666665,36.425333333333526,6.706666666666635,127.5586666666666,40.620000000000005,122.5226666666672
296,22.892000000000145,26.86,4.591999999999999,87.29599999999964,31.73466666666667,99.1466666666667
297,26.645000000000028,32.88533333333329,4.410666666666667,79.43833333333356,26.64033333333357,79.40799999999993
298,15.673000000000041,18.991666666666568,7.511999999999999,120.82000000000001,12.8,52.00799999999981
299,12.253666666666637,10.449333333333364,25.07999999999999,143.04000000000005,3.136000000000204,70.88
300,10.198666666666764,10.320333333333366,25.767999999999994,91.6266666666667,49.84999999999999,67.77999999999986
301,17.220666666666702,9.06499999999998,29.353333333333346,104.45033333333326,66.73466666666661,97.00266666666671
302,15.50000000000005,9.030333333333342,24.246666666666734,116.53500000000035,55.506666666666305,79.82400000000013
303,16.04,5.836333333333288,23.491000000000007,119.20499999999976,63.266666666666964,42.78399999999983
304,7.309333333333508,17.48400000000001,52.84466666666659,67.33466666666679,21.117333333333193,75.47999999999999
305,13.541333333333366,23.66266666666668,39.76400000000015,39.174666666667015,65.67333333333336,94.39200000000031
306,19.362666666666673,24.31733333333329,20.618666666666574,55.32000000000001,51.158666666666555,108.37599999999958
307,20.39999999999999,21.9003333333334,16.321666666666694,66.39333333333356,48.27866666666622,94.62533333333369
308,31.341333333333356,17.34433333333333,14.736000000000201,96.45666666666637,75.54133333333341,84.45933333333369
309,24.21200000000005,24.90199999999982,3.290666666666633,66.441,60.51466666666633,48.04799999999945
310,21.969999999999697,18.54000000000001,1.395000000000016,71.19499999999994,30.26266666666685,13.857333333333173
311,11.004666666666557,2.68,13.823999999999998,90.26800000000001,28.49766666666658,14.992000000000099
312,7.129333333333288,4.1919999999999895,14.88,76.73133333333345,17.84466666666663,57.72200000000002
313,11.060000000000002,17.882000000000048,15.52,107.5493333333332,51.88,57.38
314,28.312000000000054,33.46200000000024,16.232,113.85200000000019,98.09500000000001,101.0166666666665
315,24.616,24.79666666666666,17.73200000000004,113.95799999999984,145.82666666666623,106.55999999999992
316,31.829333333333466,36.05066666666667,8.24666666666667,108.41600000000034,146.54000000000013,79.94266666666681
317,20.655999999999963,37.45800000000007,34.77733333333334,119.57099999999937,152.67166666666662,37.145333333333646
318,38.49200000000022,39.5690000000002,55.02799999999999,156.55366666666635,90.7626666666668,50.96000000000001
319,25.40666666666667,24.94666666666662,55.190666666666644,169.33133333333305,60.61733333333327,61.44
320,36.72666666666668,28.961666666666662,45.689,127.67700000000043,48.5066666666667,76.5419999999996
321,31.39733333333332,28.633333333332992,66.85200000000013,79.60666666666664,45.55899999999988,76.92399999999974
322,25.684000000000026,18.2863333333333,51.867666666666565,88.31066666666659,33.28466666666689,91.05999999999997
323,19.878999999999987,26.215999999999816,30.909333333333468,79.93599999999955,46.699999999999996,80.07433333333353
324,15.160999999999973,16.523999999999997,23.666000000000018,62.96200000000037,72.83600000000045,76.9983333333333
325,24.063333333333215,24.733666666666675,13.877666666666617,86.74299999999971,74.42799999999994,89.53833333333374
326,21.686333333333387,16.58833333333322,4.7813333333333325,87.85666666666701,95.37733333333361,82.71700000000003
327,36.66266666666668,13.190666666666685,4.402666666666715,131.06866666666718,103.64133333333345,83.96800000000039
328,55.10000000000001,52.4520000000003,5.521333333333328,110.89200000000011,105.77966666666646,97.68333333333352
329,39.89300000000044,37.625000000000085,5.252000000000008,88.89199999999984,107.59633333333262,107.15866666666577
330,19.234666666667124,36.850666666666676,6.340000000000002,57.00133333333339,129.37599999999983,66.1536666666669
331,10.540000000000024,40.13866666666676,3.5220000000000393,86.30733333333305,100.8823333333332,51.68533333333321
332,11.453000000000065,26.894666666666982,3.7266666666667017,61.06200000000041,75.5096666666661,61.46666666666667
333,30.51666666666665,20.879000000000023,1.5023333333333087,71.86333333333334,46.656000000000304,86.23433333333341
334,34.545999999999964,16.758000000000013,2.7026666666666683,70.06166666666678,75.88266666666625,69.32700000000034
335,23.22066666666615,16.11333333333334,4.7916666666669165,65.13666666666647,65.78699999999948,56.316666666667004
336,18.520333333333365,14.723999999999972,6.042666666666633,76.65466666666703,5.730666666666621,49.760000000000005
337,42.04133333333334,17.828999999999976,5.55333333333334,73.49900000000005,10.84,52.13066666666613
338,38.39199999999998,18.2973333333333,6.281000000000017,108.50800000000002,20.759999999999998,46.90666666666699
339,34.791,15.876999999999985,6.697333333333318,87.12400000000035,35.73533333333377,36.760000000000005
340,18.38566666666654,10.74133333333343,10.74933333333335,79.63666666666667,26.84,35.60533333333363
341,7.505333333333338,10.273333333333298,24.248333333333342,90.5979999999999,31.385666666666875,55.64666666666666
342,6.442666666666678,28.739000000000082,25.89866666666665,92.98466666666702,70.85333333333365,87.28200000000004
343,3.976000000000022,20.156000000000038,19.987333333333666,60.88633333333327,57.09800000000017,104.52333333333334
344,3.6653333333333107,19.85133333333333,10.255333333333283,102.85999999999999,48.79866666666679,93.94833333333371
345,4.374666666666658,17.89600000000004,11.03333333333338,105.47500000000007,73.62133333333333,98.58133333333345
346,24.624000000000002,17.759999999999998,10.465999999999976,130.36666666666721,94.4719999999999,96.8
347,28.366333333333298,18.995000000000218,24.882333333333257,158.06866666666699,118.88866666666634,93.15466666666656
348,29.734333333332952,33.45933333333332,24.492000000000004,130.5546666666664,126.70733333333408,71.97199999999988
349,24.586666666666666,31.700333333333294,25.161000000000033,130.48333333333338,118.58666666666628,72.11200000000053
350,24.337333333333216,49.07999999999999,18.189999999999785,135.68666666666724,118.76666666666672,77.01466666666693
351,15.530666666666528,56.22400000000025,6.084000000000041,120.1999999999999,134.93600000000055,70.17866666666649
352,10.217999999999986,46.55666666666648,12.146666666666812,84.71633333333352,75.4756666666674,52.769333333332845
353,8.867999999999999,45.905333333333886,7.640000000000006,72.77899999999983,55.260000000000005,94.95866666666709
354,8.801333333333293,24.998666666666466,21.28400000000003,60.72999999999979,54.23599999999968,117.47866666666685
355,9.032000000000046,18.606666666666683,19.639000000000088,67.79666666666684,67.78266666666664,102.62500000000041
356,23.017333333333326,19.570666666666657,22.870666666666622,78.90900000000009,51.68800000000003,137.7253333333333
357,22.393333333333317,22.740666666666684,21.746666666666677,102.66633333333273,48.557000000000166,147.35066666666674
358,17.359999999999776,25.613000000000188,19.299999999999986,102.3340000000003,53.813333333333226,131.33600000000067
359,5.125666666666636,25.425333333333317,11.34399999999971,86.24700000000107,43.29733333333397,135.06666666666698
360,10.260666666666665,31.478666666666605,5.577000000000027,49.21333333333305,30.106666666666676,151.63066666666668
361,16.73666666666673,28.926666666666648,20.46499999999999,67.74,31.278999999999975,144.2000000000002
362,13.885333333333307,27.876000000000012,18.291999999999998,98.4466666666663,55.11266666666664,129.8720000000002
363,11.849999999999978,29.79200000000001,18.36,96.36299999999977,32.68400000000054,123.68400000000102
364,34.84633333333333,18.42066666666636,28.41733333333334,111.90933333333366,29.22666666666654,54.433333333333046
365,44.55466666666669,17.525333333333386,30.68,129.50400000000016,17.268666666666682,66.92533333333361
366,54.4760000000004,31.59866666666667,34.56133333333334,129.42666666666702,29.029333333333064,50.21733333333326
367,41.9156666666667,31.969333333333335,32.35466666666659,122.40033333333326,46.66800000000003,44.765999999999934
368,40.97333333333335,55.47066666666673,25.152000000000005,93.71333333333341,66.74000000000001,26.1303333333334
369,42.534666666666666,51.026666666666664,21.38000000000025,136.0046666666667,93.22000000000001,35.357333333333614
370,32.47933333333336,47.84066666666685,17.74866666666667,161.03233333333344,91.97166666666699,44.26933333333366
371,29.708333333333368,37.43899999999995,11.21333333333333,195.9133333333334,86.07866666666692,49.6013333333333
372,27.794333333333352,13.36533333333389,9.317333333333316,176.54533333333356,67.46666666666704,70.14833333333331
373,36.73200000000001,4.423666666666664,7.179999999999955,163.96800000000093,50.992000000000424,71.23066666666666
374,33.468333333333334,7.998333333333317,7.949333333333326,86.61366666666706,49.593333333333184,68.42166666666664
375,22.617333333333207,9.02933333333333,6.148000000000048,44.18266666666635,62.56,97.17999999999947
376,18.36066666666666,8.778666666666599,6.318666666666654,29.38933333333318,61.18833333333346,69.10400000000016
377,24.55366666666673,6.9999999999999964,20.921333333333315,23.49000000000003,62.018666666666434,65.95399999999988
378,14.366666666666674,8.176000000000004,25.20133333333331,34.499999999999844,65.73233333333296,55.53466666666669
379,7.3800000000001,8.30533333333333,24.310666666666663,76.39066666666662,68.5440000000001,41.845333333333855
380,10.233333333333354,13.76133333333309,24.66166666666663,144.4883333333333,71.41666666666669,51.636666666666684
381,18.762666666666615,14.19333333333333,33.88533333333329,131.7986666666667,67.05666666666674,49.85366666666655
382,8.83833333333328,11.976000000000017,39.28466666666664,216.54966666666667,42.04933333333351,73.32666666666667
383,8.542333333333334,10.113333333333282,52.592000000000006,221.82833333333377,39.95533333333348,121.11999999999986
384,8.524000000000003,8.325000000000015,50.75333333333331,209.92266666666745,18.683999999999997,109.97666666666682
385,9.41333333333333,5.175333333333345,52.86933333333333,170.4119999999994,11.306666666666679,104.5559999999999
386,7.403000000000022,2.345000000000023,50.02666666666661,126.50766666666667,46.7,100.6533333333332
387,16.518666666666725,2.8923333333333154,34.34933333333346,147.09899999999985,73.52266666666652,57.23599999999986
388,20.746666666666776,2.953333333333335,20.22,186.15333333333328,77.27333333333326,42.43733333333356
389,8.99933333333329,8.670666666666703,8.567999999999774,138.25033333333346,72.01566666666665,64.69866666666667
390,18.45866666666667,6.36666666666664,7.471666666666702,151.78000000000017,69.07666666666668,64.02266666666662
391,18.8766666666667,7.189333333333325,7.007333333333323,161.79066666666685,59.71199999999965,81.16000000000001
392,8.363333333333067,5.852000000000054,6.187999999999993,157.2163333333335,56.066000000000116,100.15999999999976
393,10.192666666666671,5.22099999999998,5.56666666666669,157.5776666666659,84.57266666666655,86.6506666666666
394,10.260000000000002,5.249333333333339,4.022666666666664,141.8723333333336,79.03999999999999,153.3906666666665
395,9.629666666666632,4.050000000000043,13.878666666666717,105.08400000000046,59.755999999999815,152.6479999999997
396,8.723333333333324,3.7303333333333444,3.0146666666666624,36.629000000000325,75.29933333333369,129.8493333333333
397,7.802666666666664,8.873333333333344,1.700666666666674,26.233666666666632,51.2320000000001,125.8000000000001
398,9.944000000000006,7.033333333333331,4.914666666666658,30.480000000000004,71.71599999999985,110.9800000000002
399,10.337000000000037,6.970666666666669,4.719999999999975,47.145333333333554,84.33999999999973,102.64399999999986
400,11.111333333333274,6.973333333333321,5.529333333333317,91.47533333333313,91.9,85.06033333333288
401,9.678666666666668,5.531999999999994,7.017333333333337,79.01900000000059,56.64933333333242,84.48133333333367
402,14.204333333333356,7.36333333333337,23.086666666666662,72.78,49.75000000000001,112.05199999999981
403,10.967999999999975,4.213666666666678,24.753999999999984,138.02599999999993,50.479333333333436,110.40166666666671
404,10.940000000000008,4.75333333333333,53.11333333333332,123.09599999999989,38.700333333333276,110.18299999999981
405,13.391999999999998,11.571666666666692,52.878000000000036,122.80000000000018,70.93733333333327,90.60266666666674
406,14.63166666666663,12.829333333333334,31.38133333333304,150.48999999999978,64.85433333333356,81.90533333333352
407,26.979666666666745,21.696000000000037,32.24800000000001,101.9219999999997,64.89999999999938,76.07533333333345
408,17.84900000000032,42.5376666666666,46.563666666666684,130.92133333333342,47.54000000000001,52.618666666666265
409,16.756,34.08166666666655,52.202000000000176,127.00633333333302,71.18599999999995,73.48
410,25.187999999999946,31.609666666666705,47.56333333333358,98.58399999999938,62.03666666666685,84.66400000000026
411,33.92299999999998,31.575333333333887,32.14733333333332,94.62266666666727,68.86599999999993,92.72066666666649
412,34.73733333333334,22.488333333333372,29.766666666666666,81.01866666666663,78.24333333333335,61.34133333333361
413,23.62933333333308,18.972333333333353,28.92166666666668,111.30400000000003,83.71999999999991,76.32400000000045
414,18.833999999999946,15.441333333333324,38.040000000000155,183.71066666666653,98.2433333333329,62.40799999999997
415,15.49533333333309,15.508000000000067,26.04266666666679,151.29999999999998,72.94766666666649,57.75999999999976
416,10.886666666666642,15.604333333333374,17.982333333333333,132.80933333333354,76.93333333333277,73.2699999999999
417,14.930000000000005,11.887000000000018,20.38966666666669,133.70833333333334,68.85599999999988,81.70399999999971
418,16.965666666666593,11.471333333333352,18.479999999999954,90.30799999999934,68.78333333333336,81.81166666666655
419,21.384666666666654,20.813666666666652,15.62900000000027,103.60800000000023,31.11866666666673,73.37099999999973
420,19.646000000000022,15.201000000000125,6.829333333333296,98.68466666666642,30.259333333333167,67.17766666666648
421,22.938666666666713,4.951999999999998,15.335999999999995,120.89999999999998,54.7,45.030333333333296
422,22.891666666666694,6.044999999999977,27.935999999999794,154.4906666666667,46.23466666666666,56.46133333333347
423,29.469333333333275,6.372666666666706,15.513999999999982,174.66,50.087999999999866,72.06033333333339
424,27.230000000000032,9.153333333333343,37.696666666666694,144.65766666666616,58.08933333333264,90.93600000000018
425,17.238666666666848,23.11066666666668,30.71900000000004,82.30266666666621,70.97199999999968,100.33866666666657
426,13.953333333333351,26.92400000000002,25.479999999999983,106.62666666666672,64.26233333333256,89.79999999999997
427,16.622666666666603,47.438333333333325,25.49066666666669,122.82266666666618,20.58666666666646,69.74533333333275
428,15.889333333333335,29.842000000000382,15.427999999999777,131.8253333333332,10.840000000000003,92.965
429,15.79466666666663,12.311333333333375,8.72,175.20966666666683,11.469666666666658,110.00133333333328
430,10.64266666666668,11.350000000000032,10.618333333333352,188.24033333333384,75.31866666666649,82.37199999999925
431,12.324000000000002,15.465999999999978,8.37866666666666,199.0773333333333,72.78799999999994,48.50000000000016
432,11.118666666666712,16.629000000000026,5.864666666666714,170.5040000000002,90.58400000000009,89.46699999999996
433,11.418666666666654,10.055333333333333,43.53466666666667,89.92533333333375,75.701333333333,108.07866666666683
434,30.33400000000001,4.4573333333333816,45.84966666666662,104.57133333333348,76.22399999999934,115.21800000000036
435,75.47866666666661,4.7093333333333245,46.5296666666667,71.24000000000002,87.90399999999966,91.31766666666637
436,72.36666666666667,16.216,34.43600000000022,51.41199999999984,55.272000000000546,81.74133333333353
437,83.12533333333333,17.914000000000012,41.87566666666656,71.14766666666699,23.57400000000022,81.77066666666674
438,90.43566666666672,19.978666666666655,18.77666666666668,50.26233333333289,39.99333333333301,81.39199999999988
439,68.38133333333336,12.511666666666535,18.359333333333367,69.36766666666657,49.04000000000001,61.2213333333338
440,56.576333333333565,10.700000000000001,15.976333333333312,92.42500000000001,66.50933333333317,89.17600000000036
441,35.90933333333318,14.358666666666664,9.320666666666765,118.05999999999912,83.30000000000001,80.1320000000001
442,32.965333333333355,7.449666666666786,2.942666666666664,103.86666666666638,85.5973333333339,92.78266666666646
443,45.94366666666664,5.67333333333334,4.341333333333332,105.76033333333335,70.19399999999963,60.81599999999963
444,29.111333333332986,5.508333333333357,7.674999999999985,108.39666666666675,66.99133333333334,75.49666666666639
445,26.628333333333337,5.773333333333344,7.329333333333311,165.52133333333364,61.17866666666681,88.88433333333353
446,30.1506666666666,5.672999999999963,9.165333333333315,145.17133333333396,44.07533333333356,103.89866666666713
447,41.95066666666664,7.193333333333293,10.138666666666678,148.66800000000038,60.897333333333115,118.87533333333339
448,37.695333333333465,8.340666666666719,8.760000000000046,95.19666666666606,63.96999999999997,95.89166666666684
449,53.41866666666668,26.5600000000002,5.2720000000000065,81.92099999999986,62.60800000000005,92.03800000000027
450,52.16666666666671,27.041000000000018,3.4160000000000035,58.78399999999981,64.70666666666664,92.09000000000023
451,44.500000000000526,46.4,4.027999999999979,51.64833333333393,61.94000000000039,85.0253333333334
452,19.52800000000011,47.985333333333344,3.451999999999966,65.55533333333325,68.73599999999998,73.68799999999956
453,39.31200000000001,55.35199999999999,15.016000000000004,45.494666666666,84.73566666666675,89.92733333333308
454,38.85066666666665,46.217666666666595,18.660000000000004,54.239999999999995,57.86266666666709,65.25600000000063
455,35.786666666666605,25.318999999999857,23.56833333333334,97.60733333333275,66.612,52.15499999999977
456,21.750999999999507,26.665666666666702,22.69599999999999,92.76633333333328,51.56533333333301,66.62733333333347
457,25.650000000000002,23.45933333333328,22.066666666666663,92.04200000000024,29.890666666666583,73.40666666666651
458,21.29733333333335,24.106666666666666,15.81999999999989,64.77333333333318,22.18000000000003,50.17866666666728
459,21.618000000000027,18.237000000000418,11.565333333333314,89.90266666666649,48.09333333333329,40.21700000000017
460,21.730666666666707,8.75666666666668,4.9350000000000005,100.60166666666706,61.88933333333348,44.86000000000005
461,12.035999999999731,6.861333333333255,4.874999999999984,91.5066666666667,58.1613333333336,48.56499999999996
462,11.261333333333333,4.459333333333371,11.821333333333246,127.45066666666692,46.87866666666683,47.68999999999999
463,15.217333333333327,3.173333333333335,3.6406666666666574,92.50733333333312,36.266666666666495,61.986666666666665
464,14.065333333333303,3.8949999999999716,1.745333333333347,96.5159999999998,44.49466666666709,66.52900000000056
465,12.639999999999986,3.229999999999971,1.4266666666666699,126.05033333333324,27.58399999999999,81.59866666666653
466,11.955333333333318,4.128333333333338,1.171999999999989,150.23233333333351,24.59700000000042,80.20366666666698
467,36.27199999999986,18.42933333333332,1.04,120.04400000000008,10.662666666666592,90.56133333333301
468,18.82533333333377,45.08599999999996,4.6000000000000005,114.32,13.250000000000012,81.66666666666643
469,16.245333333333324,35.215666666666564,6.376000000000003,173.4346666666667,22.398666666666678,67.04266666666656
470,17.760666666666673,37.95333333333335,7.991999999999994,180.33466666666683,21.13333333333332,52.48866666666701
471,16.072666666666652,40.946000000000026,27.050666666666665,168.04466666666633,61.56466666666616,50.35133333333329
472,15.366666666666674,27.315333333333207,25.982333333333347,147.59600000000057,74.76233333333332,75.98633333333305
473,9.368666666666746,15.689333333333245,13.764000000000141,94.61600000000058,64.14833333333334,92.15200000000038
474,7.931333333333281,28.373000000000047,7.557999999999968,74.5136666666671,108.34133333333337,81.61066666666679
475,20.936666666666632,27.374666666666705,7.707999999999992,57.70900000000051,90.40533333333275,94.98599999999993
476,10.50466666666688,26.899333333333374,31.842000000000027,85.6873333333333,69.27733333333309,110.73499999999993
477,5.4399999999999995,54.61700000000004,30.006666666666632,64.80766666666639,83.10666666666648,115.20666666666644
478,5.330666666666671,36.5346666666669,35.78400000000002,53.70166666666661,70.31200000000045,83.1493333333333
479,7.038666666666651,26.416666666666654,37.94533333333332,65.56266666666636,84.38,49.06799999999972
480,9.702666666666618,31.578666666666646,30.00366666666701,98.6826666666663,75.5139999999999,68.2799999999999
481,8.966666666666697,41.798000000000016,15.039666666666687,108.29333333333307,86.15866666666668,82.98166666666644
482,6.48633333333337,35.821999999999996,11.317000000000082,131.69200000000006,73.79333333333345,71.77333333333333
483,4.266666666666656,31.62000000000009,8.232000000000069,155.995,64.2866666666667,57.65533333333353
484,30.896000000000033,25.879000000000012,51.5866666666667,146.67266666666694,52.686666666666305,103.77099999999993
485,27.39133333333318,16.106666666666793,28.05066666666741,94.7526666666667,74.3716666666666,88.99999999999977
486,14.685000000000016,15.270333333333342,39.25066666666667,79.7079999999994,65.66666666666615,132.5440000000003
487,14.659999999999986,16.840999999999998,56.537333333333336,77.74000000000001,43.00266666666685,140.65499999999952
488,10.412666666666711,28.740000000000002,54.30466666666683,50.05466666666737,30.010666666666545,143.12
489,8.06200000000002,31.816666666666602,43.71333333333324,46.63333333333333,60.971999999999625,114.18399999999966
490,4.613333333333353,28.437333333333367,39.04166666666671,88.66000000000003,94.22133333333332,87.43666666666662
491,4.176666666666646,27.37066666666667,39.77,87.2466666666669,116.48800000000011,97.84400000000018
492,3.9000000000000097,37.47200000000022,16.70533333333342,115.28166666666714,103.51866666666652,52.61733333333386
493,2.6359999999999797,45.61033333333287,16.183000000000305,85.68133333333331,119.64266666666671,45.55333333333345
494,7.13599999999999,27.187000000000097,9.91833333333335,62.03199999999987,121.116333333333,61.37333333333308
495,22.38133333333333,38.74999999999997,9.299999999999988,55.57766666666619,93.3359999999999,35.78366666666629
496,24.770666666666678,40.161333333333346,30.309333333333292,54.21299999999995,70.57733333333312,35.999999999999986
497,29.37033333333332,24.90000000000018,28.429999999999993,90.7,57.7633333333335,38.32533333333345
498,25.036999999999974,7.899666666666647,26.35566666666665,72.19066666666599,69.74000000000008,46.400000000000006
499,34.168333333333116,7.706666666666665,43.03499999999996,60.81799999999986,58.377333333333155,69.70266666666701
500,23.291666666666607,27.213333333333363,29.959333333333433,76.33999999999995,69.39999999999999,39.711999999999826
501,46.43999999999997,27.1236666666667,22.6,40.35666666666657,50.9483333333335,96.28800000000015
502,38.1466666666667,24.505000000000017,23.908333333333324,43.06666666666667,32.660999999999824,81.74799999999989
503,36.51333333333334,6.515666666666659,26.95199999999999,102.47500000000014,34.529333333333355,106.61133333333368
504,37.674666666666646,9.109333333333336,25.574999999999953,89.79200000000031,20.435999999999876,101.25399999999993
505,42.31466666666669,24.938666666666688,11.104333333332924,102.19300000000014,50.42,105.06
506,20.40366666666619,29.573333333333306,7.422999999999988,118.76000000000002,99.03533333333326,88.22266666666658
507,12.089333333333268,35.28933333333332,7.408000000000003,158.16400000000016,109.22666666666696,82.17266666666643
508,28.419999999999973,43.73599999999985,5.830666666666632,129.0786666666662,113.89833333333304,76.26133333333344
509,32.87700000000001,36.56033333333313,4.682666666666664,135.60266666666615,104.39766666666691,90.79866666666635
510,38.5500000000001,28.3736666666665,8.356999999999914,133.54266666666658,92.61466666666611,84.09500000000028
511,29.033333333333772,12.155333333333534,11.370999999999995,111.72533333333321,65.18266666666703,52.73066666666684
512,23.933333333333426,20.140666666666682,9.241666666666747,115.53300000000053,68.12,97.76000000000002
513,14.325333333333887,18.697999999999908,6.18266666666671,101.06066666666648,51.93199999999933,89.79199999999955
514,24.121666666666542,20.00499999999999,8.28333333333331,90.66133333333308,37.93600000000061,42.017333333333156
515,20.085333333333384,20.568333333333392,5.28,110.59199999999983,68.32866666666682,34.867999999999554
516,7.530666666666476,11.518666666666668,7.119999999999927,92.87333333333378,58.847999999999224,38.208000000000744
517,25.421333333333333,10.776000000000003,7.0586666666667135,53.04733333333264,48.120000000000616,48.039666666666676
518,34.288666666666686,11.606666666666689,6.703666666666672,56.85266666666637,11.261333333333097,56.76133333333458
519,36.19166666666628,21.093333333333394,26.89466666666658,41.739999999999995,47.8,48.85999999999986
520,25.13333333333332,15.671666666667097,28.867999999999974,43.955000000000425,64.54333333333331,78.04266666666669
521,29.63666666666658,28.086666666666694,25.94400000000009,41.12666666666668,92.06666666666698,71.16666666666586
522,56.27966666666667,34.950000000000024,24.277000000000033,81.6600000000002,91.52799999999996,73.80133333333305
523,29.418333333333546,32.00933333333335,4.508000000000102,84.63200000000019,58.371999999999915,85.98000000000002
524,15.521666666667217,24.39933333333353,17.516999999999992,87.22933333333322,51.17999999999997,76.71200000000039
525,9.926666666666595,37.74833333333338,31.117333333333313,86.77266666666557,54.999333333333254,77.39933333333289
526,21.18999999999997,46.18433333333323,40.38533333333299,78.7999999999999,68.27600000000096,55.1133333333333
527,30.884999999999362,44.81266666666718,39.13200000000005,63.56766666666557,62.997333333333856,63.018666666666775
528,39.56133333333338,35.76933333333328,38.46666666666666,62.04733333333307,39.63566666666586,59.90833333333318
529,30.310666666666094,18.5300000000009,37.27133333333342,104.53966666666634,52.5033333333333,41.760000000000005
530,20.9653333333333,14.42,42.0533333333328,124.4719999999998,47.75166666666669,40.66933333333334
531,20.89099999999997,13.953000000000095,33.199666666666054,168.9216666666669,87.94133333333178,49.041666666668114
532,7.127666666667131,13.192333333333275,24.182666666666602,154.40533333333445,63.63500000000007,28.711999999999954
533,17.351666666666723,12.050666666666693,42.57200000000001,121.16000000000028,31.401333333332555,45.86400000000002
534,29.998666666666647,16.35466666666691,37.60133333333436,132.17200000000093,24.086666666666964,72.19500000000005
535,53.40666666666667,14.796333333333498,47.28733333333363,85.06266666666718,47.97000000000034,70.70166666666668
536,54.499000000000414,22.72066666666679,27.5600000000001,69.05066666666625,43.595000000001576,60.89333333333308
537,33.957666666666704,21.547999999999977,36.19466666666668,50.07866666666682,26.79333333333326,74.86733333333395
538,27.869333333333387,17.812333333333285,24.951000000000224,67.24266666666645,46.212000000000074,83.95333333333394
539,26.706999999999987,34.85733333333334,40.41466666666668,106.46933333333284,78.67733333333362,48.53000000000069
540,13.120666666666832,50.38399999999978,34.70666666666702,65.01466666666872,63.74000000000068,70.43333333333332
541,6.6293333333333075,44.83466666666679,39.048333333333126,30.382666666667504,68.31600000000005,86.38099999999905
542,7.001666666666608,34.384999999999245,38.964,21.53133333333337,85.1113333333343,66.12
543,6.650666666666675,13.120666666667042,63.52000000000039,81.8416666666667,88.55333333333361,93.34599999999911
544,6.573333333333313,5.337333333333364,48.46766666666699,78.4786666666667,121.15333333333342,111.9323333333335
545,8.385999999999996,4.172000000000069,37.0626666666667,81.21333333333318,153.8426666666667,120.62799999999932
546,8.879666666666676,3.5699999999999505,40.503999999999785,89.77566666666678,151.11000000000124,107.8299999999998
547,10.359333333333465,3.410666666666675,23.9733333333333,120.41333333333336,150.25333333333333,76.49333333333314
548,13.054000000000078,3.552000000000044,12.24666666666636,130.96100000000024,156.88799999999972,54.6853333333318
549,8.152000000000069,8.325999999999977,22.706666666666692,80.78300000000141,149.8433333333342,41.41466666666575
550,7.582333333333357,8.639999999999937,22.160000000000004,100.3699999999995,158.21266666666693,25.026000000000426
551,19.77000000000006,8.132,9.847666666666553,92.79466666666706,122.71500000000096,38.06
552,18.33299999999997,6.00000000000001,7.484000000000056,79.41499999999834,74.3986666666674,52.15866666666615
553,32.95199999999997,13.291666666666671,6.1876666666667575,109.72,45.62000000000016,87.46000000000001
554,30.785999999999984,12.209333333333316,2.2786666666666817,121.92133333333295,53.00666666666756,89.1853333333342
555,24.978666666666395,19.942666666666657,18.810000000001047,116.99066666666644,44.90399999999971,107.10400000000003
556,21.321333333333314,31.9706666666668,3.2200000000000006,105.18199999999972,80.53999999999999,147.25466666666773
557,21.767999999999983,27.848000000000138,15.631666666666607,69.38333333333274,76.11000000000075,142.05366666666725
558,25.689333333333327,13.31033333333334,16.56,67.86466666666617,74.05600000000001,115.82466666666737
559,29.961333333332497,15.599999999999895,19.170666666666694,57.74266666666574,57.81233333333334,101.62866666666609
560,14.25800000000001,14.73066666666642,30.158000000000023,48.56666666666635,46.48533333333304,109.42700000000012
561,11.59800000000001,7.816666666666658,33.05066666666682,40.45933333333335,92.07999999999932,86.23066666666627
562,28.65200000000012,9.28766666666661,23.062666666666637,60.79600000000055,66.2239999999998,56.21599999999926
563,29.893333333334084,16.18533333333324,20.598333333333237,97.11666666666657,61.14533333333317,41.1073333333334
564,9.877333333333597,4.658000000000097,29.368000000000066,99.62533333333272,61.14,38.85600000000048
565,18.874666666666663,3.706666666666688,26.33066666666671,146.30000000000004,74.39866666666694,68.75533333333385
566,37.418333333333294,5.469999999999935,29.292000000000062,159.99199999999976,59.082000000000306,60.9
567,37.270666666666585,3.9933333333333305,26.56166666666668,176.3570000000003,44.630666666667565,50.93599999999973
568,47.97200000000101,8.120000000000001,21.902000000000413,126.07533333333413,46.11866666666624,39.81433333333269
569,32.986000000000004,11.54533333333332,6.402666666666646,102.09333333333336,27.17699999999882,26.62933333333305
570,34.95066666666749,13.577333333333279,19.570666666666682,125.70666666666745,7.34000000000008,16.440000000000023
571,28.132666666666587,10.32033333333339,41.97999999999999,101.60666666666833,47.733333333333455,34.27866666666676
572,42.84533333333336,8.641666666666739,23.906666666666272,84.17033333333251,77.59599999999908,35.10666666666666
573,47.417333333333296,11.009999999999968,20.779999999999973,88.90666666666662,114.28,54.29333333333346
574,55.591999999999835,10.347333333333358,18.997333333333387,91.07799999999975,110.30999999999989,59.497333333333216
575,56.895999999999596,34.25199999999997,14.154666666666873,116.54133333333318,102.38300000000012,65.18199999999977
576,51.76533333333282,39.76133333333344,6.12,100.38,93.28333333333305,66.44133333333335
577,45.5459999999998,37.83266666666674,5.387000000000044,101.8813333333325,61.108000000000665,78.8600000000001
578,35.33466666666675,34.39999999999992,8.883666666666677,63.84999999999923,40.12800000000025,61.21866666666689
579,26.87133333333373,33.48666666666669,5.856000000000177,44.64066666666645,37.28233333333303,100.04400000000008
580,15.385333333333339,33.077333333333385,22.169333333333327,30.06,51.77000000000002,55.332333333334006
581,16.359666666666676,13.241666666666127,23.02266666666659,28.508666666666386,42.815999999999626,76.18500000000057
582,28.124666666666684,26.88800000000003,22.89600000000001,41.33966666666698,32.08533333333444,71.14233333333326
583,22.169666666666778,27.632333333333392,23.92733333333325,56.04,32.70866666666653,51.02266666666607
584,20.169333333333405,25.701999999999856,25.341333333333324,52.592666666665494,32.32933333333371,45.20333333333333
585,16.684000000000093,22.59466666666579,27.73733333333328,58.193333333333236,35.71333333333334,31.6
586,15.654666666666701,6.495333333333308,14.067999999999449,62.31333333333322,59.0,66.5716666666667
587,7.9840000000002265,4.403999999999997,22.37733333333332,50.400000000000006,58.8440000000006,66.7159999999996
588,11.145000000000113,4.071333333333332,27.449999999999374,127.84799999999946,38.890999999999366,83.03466666666682
589,8.841666666666677,4.006666666666661,28.47999999999995,151.92933333333335,29.23200000000008,74.58366666666633
590,8.078333333333285,23.809333333333353,31.758999999999975,145.77733333333327,18.4,77.12233333333283
591,7.24499999999996,18.007999999999996,44.71333333333331,138.84799999999973,20.1,49.77999999999956
592,7.5233333333333405,11.20933333333338,43.176000000000016,113.71966666666766,57.870666666666274,52.700999999999745
593,9.21866666666666,30.07866666666665,24.401999999999955,89.83199999999952,68.93466666666717,59.82333333333327
594,9.0836666666667,28.75200000000001,39.647999999999996,77.35466666666707,89.89733333333284,64.90899999999992
595,23.695999999999984,26.59633333333339,46.68,83.24000000000093,99.95333333333261,59.01199999999879
596,26.265333333333636,19.71333333333414,71.1540000000002,93.93533333333362,89.86866666666651,60.68899999999974
597,26.374666666666613,18.150999999999954,57.12100000000055,76.3319999999998,66.86500000000022,85.89333333333398
598,24.582666666666608,37.13333333333409,61.819333333332985,104.84399999999923,44.14866666666588,55.45600000000041
599,22.784666666666645,20.933333333333355,42.74933333333342,143.52400000000048,35.32,59.674666666666745
600,32.05400000000029,19.53066666666669,40.738333333334324,130.56933333333407,32.21333333333331,99.19733333333335
601,22.11600000000014,20.522999999999975,26.90566666666665,135.06000000000057,54.23366666666729,106.89466666666684
602,16.619333333333714,27.05700000000001,22.773666666665925,99.3893333333325,50.19733333333361,63.61200000000092
603,22.082,21.831000000000508,24.7443333333334,139.80533333333372,90.28500000000001,54.651999999999035
604,21.247999999999976,22.753333333333437,10.039333333332982,133.31966666666756,87.70600000000015,63.653333333333364
605,22.934333333333303,31.88100000000002,5.846666666666732,105.34633333333383,110.20100000000038,82.56133333333452
606,19.694666666667235,29.35866666666703,5.12833333333334,135.84000000000003,98.33066666666674,93.13333333333374
607,19.658333333333438,25.76133333333317,7.96300000000007,129.0396666666673,80.08733333333393,58.07900000000096
608,20.240000000000023,25.983333333333363,5.172000000000008,159.85066666666538,72.98,45.707000000000185
609,32.74233333333333,22.22566666666659,7.233666666666669,129.2943333333338,79.49199999999927,37.305333333333564
610,31.813333333333304,40.382333333333676,6.567000000000146,131.97866666666616,54.84966666666696,80.74799999999955
611,32.95000000000054,26.57866666666672,20.45999999999999,107.08500000000036,60.68,123.51333333333366
612,22.19066666666665,34.003999999999984,33.61466666666668,112.08199999999945,95.59466666666653,131.86
613,13.130000000000061,38.27333333333291,33.53199999999999,73.47199999999859,111.32466666666699,138.33600000000138
614,7.446333333333298,20.226666666666524,20.513999999999363,85.47500000000043,127.08,118.80533333333496
615,4.521333333333282,15.48533333333332,11.782666666667064,84.54666666666654,120.03166666666604,107.19333333333331
616,4.958333333333319,13.223999999999615,7.8080000000000025,104.62800000000078,89.09999999999974,87.83999999999936
617,6.591999999999999,9.737333333333336,16.824000000000023,64.85166666666736,73.08400000000016,73.13199999999965
618,5.530666666666712,24.37866666666669,16.0706666666666,106.24666666666678,47.475999999999985,62.27599999999957
619,17.21333333333334,15.891999999999253,15.971000000000034,94.0950000000001,50.35433333333349,54.05466666666668
620,16.846000000000117,8.928333333333377,24.108000000000057,104.80000000000003,50.337999999999504,43.98166666666662
621,36.32733333333327,34.99733333333337,21.293333333333376,89.03600000000048,40.94866666666679,31.706666666666877
622,30.212333333333568,33.10933333333323,38.591,92.64533333333314,58.31599999999937,58.573333333333245
623,16.897333333333318,31.92799999999994,30.07000000000042,70.9146666666665,89.2233333333333,61.44766666666581
624,31.61300000000081,17.6400000000006,26.42133333333333,94.28,106.26466666666548,60.48799999999992
625,7.1406666666666485,26.107666666666603,23.016666666666616,92.82933333333324,126.14066666666768,63.834000000000096
626,5.039999999999981,23.133000000000607,35.55300000000005,85.84133333333274,105.94000000000024,76.38666666666647
627,30.73866666666667,13.038333333333458,19.23733333333292,62.06733333333335,122.13999999999872,112.17866666666717
628,38.75000000000012,9.599333333333172,21.12,51.31666666666668,115.34133333333303,99.34199999999811
629,26.594000000000502,4.489999999999973,24.21333333333333,66.82700000000094,99.64400000000056,87.93599999999998
630,15.568333333333033,5.529333333333352,20.026666666667445,91.40733333333235,42.213333333332336,59.84799999999943
631,12.572000000000081,29.570666666666657,27.267666666666642,71.6260000000001,36.5740000000001,69.39866666666668
632,11.532333333333353,46.330999999999364,29.479666666666688,64.23199999999984,59.05599999999937,53.013333333332774
633,24.19999999999998,33.208000000000034,29.754000000000143,63.27333333333347,66.52166666666623,101.04333333333403
634,31.43066666666668,29.776999999999944,22.948999999999856,121.77799999999948,84.4516666666667,80.6760000000004
635,61.29666666666654,27.725333333333303,17.5463333333334,85.09200000000016,98.37600000000026,128.26000000000002
636,54.412,39.307333333333276,11.250666666666511,105.43433333333364,76.79733333333331,98.97533333333514
637,31.144666666666637,21.3253333333333,19.213333333333313,154.20666666666574,54.35333333333228,42.89333333333423
638,28.782666666666294,30.478666666666676,20.610333333333312,117.3413333333329,45.246333333333624,50.37600000000013
639,6.878666666666131,31.900000000000034,36.540000000000035,140.20100000000102,40.99333333333351,51.076666666666675
640,6.935666666666607,29.044000000000217,52.690666666667035,109.9263333333344,34.800333333333704,64.28799999999934
641,7.718666666666649,29.939999999999923,47.552666666666624,78.45933333333241,47.37333333333338,45.65000000000001
642,21.95866666666665,29.921666666666773,36.218666666667076,69.0130000000002,48.722666666667116,51.161333333333204
643,22.255666666666652,12.726333333333773,28.55599999999973,43.1459999999997,29.623333333333743,41.596666666666664
644,28.66199999999996,16.920000000000073,18.177666666666664,36.50099999999988,24.121000000000027,50.71333333333266
645,24.80600000000032,11.883999999999997,28.313333333333482,87.35333333333332,32.21766666666619,34.915666666667065
646,17.80166666666667,12.288333333333314,21.997333333333373,73.01600000000046,48.66999999999996,46.34533333333353
647,16.721000000000004,20.989333333333526,35.36133333333319,80.2530000000006,51.72100000000067,34.285000000000096
648,19.139000000000102,12.61999999999999,17.960000000000008,73.11033333333381,74.39433333333376,18.29099999999941
649,9.93833333333337,12.40000000000001,19.45000000000003,60.74866666666587,72.19333333333314,51.404666666666536
650,6.9573333333333105,12.00400000000013,19.440000000000026,68.47866666666567,62.915000000000035,47.740000000000066
651,7.876000000000012,11.55599999999999,30.31533333333323,110.55199999999961,76.67999999999992,49.040000000000006
652,41.502000000000045,4.3343333333336815,18.48799999999941,124.27733333333292,69.56266666666642,90.52666666666666
653,38.84666666666636,16.962666666666685,17.98133333333339,95.24266666666719,54.80400000000051,86.91466666666712
654,25.72500000000009,34.082666666666654,14.840000000000046,103.80200000000107,58.4893333333332,84.48799999999959
655,39.27933333333339,32.877333333333155,5.035999999999985,122.95933333333392,104.02533333333305,80.40000000000039
656,37.146666666666775,29.800000000000004,31.323000000000015,122.42499999999936,78.66133333333273,73.66400000000002
657,27.344000000000417,23.131999999999614,24.59533333333327,127.42933333333298,65.80899999999957,63.63199999999877
658,34.40600000000004,13.502666666666567,23.99933333333335,115.75433333333343,59.44,16.34933333333387
659,36.917333333333765,11.110000000000081,21.058666666666376,146.92666666666682,72.90166666666615,4.104000000000019
660,18.91566666666734,10.833666666666552,57.746666666666776,116.34866666666497,58.8886666666672,44.960000000000676
661,19.497333333333373,10.23333333333333,58.38,108.0559999999996,49.13333333333394,43.47200000000091
662,18.562666666666658,11.367999999999828,63.4979999999996,106.389333333334,48.91233333333338,37.00666666666666
663,21.939999999999984,20.812333333333328,49.93800000000007,115.83499999999958,52.963333333333274,58.75466666666607
664,15.758999999999489,16.977666666666607,48.035999999999945,128.28033333333394,35.57966666666696,70.08
665,11.206000000000166,16.10000000000001,49.812000000000424,113.96266666666673,9.913333333334123,112.43733333333279
666,10.483999999999888,18.251333333333275,28.316000000000916,100.66833333333332,17.660000000000025,123.28400000000033
667,9.65199999999998,20.116000000000263,4.473333333333312,109.00266666666754,19.189333333333444,109.25866666666657
668,14.160000000000002,14.939333333333524,1.999999999999975,97.71633333333243,17.52666666666655,79.39199999999919
669,13.215333333333328,10.723333333333342,3.6763333333333366,83.46166666666653,47.936666666665715,79.60666666666626
670,7.6299999999999955,12.188000000000013,2.828000000000002,61.866999999999315,70.9580000000004,48.74633333333386
671,22.89466666666658,27.29133333333346,3.22,55.60800000000044,99.20800000000042,55.38133333333376
672,20.793333333333358,26.990000000000215,4.989333333333307,76.20299999999845,85.15699999999954,71.69833333333368
673,19.956999999999866,41.320999999999685,7.250999999999928,56.08133333333321,71.27600000000096,61.23333333333328
674,19.395999999999997,39.88700000000076,5.632333333333367,88.51366666666677,91.94266666666658,86.24933333333335
675,27.01800000000039,33.756000000000014,8.739999999999991,114.9256666666661,90.78999999999992,64.65466666666609
676,23.31266666666623,33.43200000000003,14.36,99.96133333333486,95.8606666666671,62.7236666666672
677,19.70999999999995,34.68133333333359,15.83066666666664,87.87966666666587,49.480000000000146,24.3900000000005
678,20.0066666666668,26.28266666666618,29.66366666666673,106.65100000000075,48.004999999999846,21.560000000000002
679,19.554666666666662,31.845999999999954,25.975666666666704,76.34800000000033,82.62800000000001,64.23333333333244
680,32.83466666666702,33.50833333333335,26.06499999999999,93.78,52.84,67.842333333333
681,30.171333333333244,63.92766666666587,16.83333333333404,112.69066666666666,89.98399999999992,67.22
682,26.613333333333316,49.197333333333056,3.0213333333333416,114.69466666666685,72.75166666666718,90.03199999999877
683,25.528000000000027,21.982999999999798,2.039666666666794,127.38533333333329,79.3666666666668,110.80799999999958
684,43.56000000000008,3.7516666666667327,0.7200000000000001,131.23833333333377,98.64000000000001,94.93866666666753
685,42.1963333333333,4.370666666666676,14.567999999999993,157.72733333333306,77.6053333333334,71.03566666666742
686,33.81200000000034,5.991999999999989,15.86,185.03833333333102,88.02,58.99833333333297
687,14.812000000000443,13.836666666666698,15.949333333333316,127.3699999999999,92.76999999999926,52.564000000000114
688,12.926666666666618,12.931999999999992,15.357333333333326,129.7533333333336,57.10800000000051,44.5439999999989
689,8.994333333333223,15.813333333333333,5.128999999999824,112.14733333333291,30.069999999999233,50.458999999999946
690,16.76799999999991,22.89066666666668,4.36,87.22099999999972,9.69733333333288,67.14000000000001
691,15.963333333333381,19.412666666666507,6.060000000000001,87.17466666666715,36.50799999999998,59.936333333332854
692,16.9180000000001,18.093333333333383,5.385666666666644,64.84800000000028,32.78333333333332,72.32066666666695
693,30.15666666666595,14.595999999999997,6.198333333333294,62.660000000000025,76.62000000000002,78.16733333333455
694,17.35633333333274,14.586666666666698,4.791666666666629,87.53799999999893,91.18933333333361,102.79333333333405
695,7.323333333333251,14.016666666666545,18.63599999999998,68.32399999999932,91.16499999999999,125.387
696,6.180000000000068,5.825333333332956,18.277333333333324,72.88466666666676,88.28133333333328,125.76133333333392
697,9.42700000000001,6.226666666666679,18.041333333333316,85.0913333333333,79.38466666666683,149.64800000000037
698,27.920000000000122,6.332333333333325,53.053333333333214,113.55899999999981,68.22633333333391,147.87266666666702
699,27.253999999999944,22.56133333333328,39.194666666667,128.89866666666694,31.29499999999932,135.63733333333255
700,28.293333333333322,28.803000000000058,25.478666666666328,102.54199999999916,22.32,99.36
701,28.605999999999987,27.209666666666724,28.266666666666474,116.09533333333405,35.63399999999995,109.61266666666674
702,34.85566666666662,24.48666666666663,9.98266666666657,85.82566666666652,36.524000000000456,62.49899999999938
703,35.678666666666885,12.64933333333288,12.014666666666699,55.505666666666315,51.266666666666225,35.02399999999971
704,27.29499999999994,6.852666666666535,14.040000000000123,70.44666666666667,22.417333333334003,28.223999999999727
705,24.752000000000017,7.283999999999997,7.008000000000003,150.7439999999987,16.98,37.0346666666666
706,39.437333333333356,8.526000000000082,13.773333333333348,151.71400000000116,18.81000000000003,35.60533333333329
707,20.529333333334236,24.871666666666602,15.327999999999994,143.04,43.73066666666679,48.573333333333345
708,53.49733333333334,25.166666666666714,13.227999999999907,164.69300000000112,85.43700000000017,65.94800000000018
709,38.68399999999976,24.48,7.908000000000104,130.56833333333284,95.653666666666,50.814666666666355
710,40.30133333333333,24.200666666666734,7.840666666666626,108.72000000000001,112.97466666666655,46.79800000000002
711,55.647666666666645,25.662666666666638,7.0520000000000165,85.1273333333327,105.87166666666658,36.67866666666616
712,53.94133333333334,10.403999999999883,21.225333333333303,74.70933333333483,92.53033333333327,55.7066666666666
713,46.254666666667106,23.650666666666687,33.93600000000004,111.23200000000017,101.33499999999962,66.34733333333425
714,10.371999999999826,24.03199999999999,40.789333333333275,108.80799999999893,84.67199999999839,56.2586666666666
715,9.59333333333334,24.989333333333335,52.01733333333314,80.61500000000025,68.17600000000058,35.22966666666684
716,12.948000000000075,26.257333333333335,46.91733333333331,76.83366666666758,121.5480000000001,39.15333333333267
717,10.907999999999957,23.97600000000005,43.910666666666835,76.18066666666664,125.7573333333342,45.68666666666666
718,37.562999999999974,14.764666666667583,33.26666666666661,71.21733333333313,99.85366666666624,44.993333333333325
719,51.5439999999993,13.76499999999995,35.77333333333243,77.84400000000096,105.37733333333323,41.694666666666734
720,58.24033333333336,14.809333333333306,16.385666666666232,108.69333333333374,93.00866666666795,78.32566666666659
721,56.945333333333465,26.561999999999934,6.694666666666512,94.31133333333294,146.71366666666742,92.44133333333285
722,38.650999999999726,20.96400000000045,3.446333333333314,79.3479999999998,119.93199999999982,80.74100000000072
723,27.404000000000128,22.771333333333203,2.987999999999993,60.726666666667356,133.94800000000149,71.19600000000044
724,33.01233333333343,7.975333333333445,5.687999999999974,63.11066666666693,109.65599999999816,59.468666666666984
725,32.75966666666657,9.344333333333324,6.496000000000004,66.37366666666755,79.41300000000054,66.74666666666563
726,28.464333333333464,27.949000000000012,8.325000000000001,46.034333333333095,64.42466666666678,68.2719999999994
727,29.277333333333374,26.04000000000002,9.917666666666644,76.54566666666676,90.84133333333295,56.54399999999973
728,28.567666666666735,28.357333333333344,8.136000000000003,117.95066666666695,111.38,79.56600000000071
729,19.197666666667548,29.544666666666757,27.899333333333367,97.85766666666736,123.10433333333287,87.74000000000022
730,17.155333333333317,25.598666666666617,41.15000000000005,86.13200000000026,68.07066666666597,101.12099999999931
731,27.10299999999983,24.22,41.72,72.48399999999987,79.9133333333338,89.09199999999929
732,36.72666666666717,26.111999999999554,36.395999999999184,95.13233333333355,70.22,65.70399999999987
733,26.521000000000377,15.345666666666247,23.219333333333203,85.15200000000037,98.83666666666669,63.91466666666658
734,17.800666666666736,11.962000000000067,16.298666666667533,60.968000000000345,79.66933333333199,46.94533333333366
735,14.599333333333401,13.186666666666692,4.618666666666649,56.07466666666633,77.98066666666581,24.71999999999946
736,9.371000000000402,22.333333333333307,19.72,83.24466666666682,80.12333333333274,21.72
737,25.934333333333406,20.543999999999897,41.0,117.60800000000069,65.10833333333326,70.18933333333291
738,52.702666666666616,18.723666666666645,41.5786666666666,126.56133333333354,85.04933333333464,78.63866666666664
739,69.64099999999999,24.061999999999944,34.293333333333,139.51866666666595,64.6966666666659,91.4313333333333
740,72.98466666666673,21.38533333333331,31.900000000000027,109.9650000000002,58.36833333333307,96.18200000000043
741,86.07199999999995,25.74133333333329,30.80566666666661,110.67066666666722,63.59933333333362,124.96400000000055
742,51.96066666666788,19.77333333333307,47.107666666665985,108.84799999999983,71.20400000000072,107.12799999999987
743,27.10766666666718,8.490666666666637,25.365333333333155,86.3546666666675,89.11333333333336,86.90399999999934
744,20.11333333333334,5.945666666666605,27.473333333333777,84.45599999999945,113.0920000000012,98.44200000000123
745,14.394000000000098,7.875333333333349,24.725333333333367,99.2006666666668,75.76233333333415,84.64533333333348
746,8.749333333333317,10.8,21.255999999999656,107.53599999999992,65.24000000000025,65.39466666666682
747,5.6633333333332345,12.096666666666657,20.64266666666671,106.94933333333272,54.55200000000013,69.07033333333254
748,5.078333333333313,11.624666666666695,10.262000000000366,133.84599999999907,57.56133333333335,59.82733333333364
749,5.221333333333377,18.733666666666657,2.874666666666644,144.35833333333338,64.96399999999973,85.41999999999933
750,7.846666666666664,16.26933333333332,3.7,115.4709999999999,67.5013333333339,79.38933333333267
751,7.2860000000001035,15.602666666666655,4.145333333333374,110.69466666666602,80.97666666666667,91.93466666666733
752,28.742666666666672,14.863999999999987,4.278333333333294,85.77600000000038,112.96166666666683,86.23733333333271
753,40.685000000000045,28.198666666666632,15.734666666666662,73.786999999999,134.08599999999984,76.0469999999998
754,34.980999999999774,28.790666666667093,14.977333333333318,73.41333333333388,113.89999999999968,83.1566666666667
755,32.72266666666657,37.910666666666714,14.058666666666735,105.0876666666662,80.3586666666664,87.26866666666673
756,32.731999999999154,39.590000000000074,15.9,110.62366666666603,49.72933333333272,99.32833333333343
757,28.128000000000085,27.19333333333383,17.66000000000001,113.25166666666554,30.709333333333177,63.593666666666884
758,21.73733333333334,11.989333333333281,13.063666666667181,125.42833333333344,19.446000000000172,28.764000000000223
759,20.494333333333575,11.087999999999994,7.89199999999999,133.43533333333454,7.193333333333522,12.52
760,33.542666666666754,9.09099999999978,8.251999999999963,132.0776666666666,38.81066666666695,33.48333333333327
761,31.968666666666685,8.04,7.19933333333324,112.85666666666745,27.24333333333327,74.59499999999987
762,32.499333333333304,10.879999999999955,20.734333333333357,99.74400000000108,29.143999999999835,88.02666666666663
763,54.3239999999999,10.632999999999978,26.53199999999979,104.21933333333145,46.88,89.32799999999946
764,52.21333333333335,9.850333333333408,39.86400000000002,82.41066666666678,37.96800000000023,120.41833333333395
765,61.032666666666685,23.328000000000003,41.35766666666676,88.11500000000008,52.32800000000016,146.0486666666678
766,27.17133333333282,23.2086666666666,40.89033333333331,100.54599999999974,65.15199999999962,107.947333333334
767,22.69599999999997,18.56666666666611,38.71966666666677,99.57999999999997,75.99200000000002,131.12933333333305
768,22.914666666666673,27.233000000000175,22.65533333333301,81.02866666666772,75.59200000000085,99.41466666666697
769,13.134333333333437,41.339999999999996,16.483333333333242,59.29200000000006,74.53199999999963,127.50766666666735
770,6.047999999999985,52.31066666666641,10.072333333333521,55.21533333333343,62.02533333333409,143.14566666666718
771,29.30666666666666,45.87899999999992,10.025999999999948,46.098000000000006,71.60499999999998,89.065333333332
772,26.253000000000025,40.09066666666632,3.324333333333334,53.54833333333375,54.45999999999933,53.76399999999989
773,41.41333333333303,34.84400000000017,7.0600000000000005,82.55999999999982,36.82400000000049,20.36833333333254
774,35.77666666666657,41.458666666666375,8.319999999999995,65.37333333333338,66.28800000000044,36.255999999999844
775,21.17999999999989,37.681333333333285,6.797333333333335,99.10866666666631,62.50000000000042,40.480000000000004
776,7.960000000000009,47.469666666666726,5.536000000000026,113.4466666666665,37.809333333334365,40.480000000000004
777,7.8173333333333455,35.05933333333303,25.49866666666663,91.77633333333267,47.01299999999958,33.39066666666632
778,19.51000000000022,29.005333333333322,24.031666666666613,61.28666666666715,54.24266666666729,76.50000000000001
779,6.576666666666636,25.09233333333326,46.403999999999996,39.14266666666485,54.881333333333174,77.26533333333322
780,16.28400000000004,34.417000000000044,34.33933333333284,28.930666666666667,48.65866666666717,110.55333333333311
781,15.000000000000323,30.707333333333413,27.745333333333356,43.28999999999999,56.997333333333344,75.9560000000016
782,22.37966666666572,27.607333333333415,26.550666666666586,61.03200000000001,50.26666666666618,74.99966666666654
783,9.385333333333337,28.241333333333362,25.280333333333914,112.70933333333333,51.53866666666689,66.06066666666499
784,8.977999999999932,37.075333333333305,22.127999999999975,112.68,57.47000000000081,66.48266666666662
785,7.299999999999973,37.01333333333331,19.565333333333946,103.13933333333365,57.64066666666645,76.08
786,5.743333333333307,22.136000000000557,8.829333333332915,73.37933333333326,93.54000000000025,97.64599999999987
787,24.18399999999999,18.62666666666658,22.82666666666658,98.97300000000088,106.63999999999864,92.3626666666668
788,28.645333333333404,17.956666666666713,21.45200000000005,114.92999999999942,101.12799999999991,74.80000000000064
789,42.94999999999999,31.55899999999997,20.608,131.21999999999966,85.47733333333171,83.28366666666683
790,43.096000000000004,33.88133333333356,21.097333333333328,121.47166666666854,49.509333333332805,88.93066666666678
791,51.19666666666676,15.6379999999997,19.71366666666668,101.6946666666682,74.02166666666714,100.43666666666661
792,26.846999999999884,13.84333333333337,12.257333333332973,89.33900000000074,83.82066666666682,105.12933333333288
793,13.044666666667501,16.29733333333236,13.841333333333417,85.09733333333413,70.15100000000118,93.30133333333146
794,11.712000000000009,11.963999999999976,13.627999999999993,100.56000000000006,62.01766666666617,72.86133333333345
795,14.568000000000048,8.964333333333107,25.495333333333274,117.50666666666633,42.36000000000067,33.94533333333369
796,16.016666666666502,6.446666666666641,26.840000000000003,101.30766666666692,40.8973333333323,52.16399999999959
797,12.553333333333356,10.337333333333259,8.994000000000746,83.73333333333326,46.03866666666682,42.10466666666727
798,14.406333333334128,9.870000000000005,4.7439999999999785,143.72000000000003,45.918666666666255,23.09899999999993
799,9.558666666666669,10.599000000000107,4.510666666666666,140.05433333333366,47.71266666666657,52.88000000000022
800,10.865333333333275,8.448000000000011,7.446666666666515,130.96100000000098,54.176999999999516,50.943000000000524
801,10.739666666666617,8.48,6.515333333333192,158.1079999999998,61.44000000000001,35.8626666666666
802,12.85333333333337,12.47133333333344,4.060000000000012,156.07866666666436,61.44000000000001,31.34800000000014
803,14.79266666666678,9.479333333333322,3.9280000000000017,112.17333333333411,42.55866666666579,38.70000000000055
804,13.98500000000005,9.67166666666672,19.92,85.22399999999914,41.660000000000004,50.300000000000004
805,33.990999999999914,5.480333333333337,21.629333333333324,70.19333333333383,51.17600000000046,49.296666666666276
806,34.485000000000056,4.605333333333329,54.90999999999997,57.441333333333205,41.96933333333276,50.350666666667095
807,31.886999999999894,25.09666666666667,55.06166666666671,47.09566666666602,17.906000000000144,60.35866666666621
808,34.340666666666415,26.475999999999992,43.05466666666773,36.988000000000085,36.95566666666728,62.5153333333328
809,11.586000000000185,24.00766666666663,29.833000000000133,35.39166666666665,55.0293333333332,50.3913333333321
810,8.217333333333327,22.113666666666646,25.86500000000003,63.277333333333345,65.02000000000001,54.058666666666326
811,9.345333333333281,11.851999999999716,38.681333333332404,88.88000000000001,61.686666666666,45.81466666666682
812,8.258333333333283,5.423999999999984,20.338666666666715,95.06266666666593,97.76000000000002,48.08933333333509
813,10.257666666666637,21.209333333333316,20.4436666666667,92.10666666666698,92.14366666666629,78.74400000000075
814,9.09333333333334,22.678666666666707,20.450000000000067,85.17133333333338,65.73199999999933,90.20000000000063
815,9.480666666666764,24.430666666666657,22.84,90.773999999999,46.92666666666553,93.25599999999939
816,22.146666666666647,37.114666666667034,24.610000000000035,52.517333333333355,48.12133333333284,83.47199999999917
817,15.965333333333785,22.661333333333314,10.983999999999607,74.66266666666655,40.06800000000021,55.02
818,10.808000000000213,33.186666666666156,8.351999999999977,89.98666666666692,31.11499999999978,64.83599999999961
819,18.206666666666624,47.92300000000002,19.91900000000004,150.02166666666665,70.35333333333337,53.920333333333836
820,19.719999999999963,49.30366666666677,8.2796666666667,141.01199999999983,111.7280000000009,32.5153333333331
821,18.37600000000007,46.05499999999988,7.020000000000101,92.61733333333174,106.66499999999937,28.859999999999474
822,14.236333333333317,53.39866666666681,16.64766666666663,86.04800000000066,85.84533333333471,32.78266666666747
823,14.665333333333347,50.48866666666669,25.44399999999957,56.01066666666651,73.88399999999989,43.07166666666655
824,35.32400000000001,35.609666666667074,14.444000000000106,44.44799999999921,94.65533333333315,62.48266666666623
825,7.948333333332468,25.41866666666639,14.735000000000019,44.90266666666631,93.17666666666665,51.2506666666668
826,11.495333333333315,23.89199999999989,8.381333333333332,41.56133333333285,85.77733333333278,72.1959999999988
827,29.9,20.02000000000063,5.183666666666706,25.21466666666726,87.79733333333353,59.599999999999994
828,35.62266666666666,10.681333333333246,5.5333333333334105,54.980000000000004,43.61333333333408,62.62
829,32.52266666666624,19.44499999999998,28.537333333333326,97.3163333333329,33.71999999999997,40.65199999999972
830,35.81533333333326,21.5253333333333,18.986666666666615,79.89066666666743,108.23866666666618,27.95333333333339
831,38.13199999999998,24.270666666666667,44.660000000000004,68.46333333333328,135.1739999999999,34.42399999999997
832,24.50266666666689,24.438333333333468,44.811666666667,110.60466666666667,129.17000000000138,36.4480000000008
833,12.243333333333378,17.949333333333094,21.326666666668054,100.64666666666764,97.56666666666531,53.6186666666666
834,14.42,11.813333333333256,10.944999999999977,116.16266666666637,80.47500000000005,70.07333333333332
835,19.283999999999935,11.561666666666676,10.103333333333367,94.6539999999997,59.86666666666724,67.92533333333222
836,15.402999999999853,7.401999999999931,5.668333333333307,135.8493333333337,60.84,44.7
837,25.747333333333412,4.351333333333368,6.339999999999987,95.66533333333322,65.04399999999961,68.93599999999977
838,26.053333333333335,5.14199999999998,18.417666666666705,94.54799999999982,42.98033333333376,89.51133333333372
839,26.814666666666664,9.493333333333371,18.09733333333334,120.01466666666622,55.675999999999064,86.63466666666659
840,26.990333333333197,8.210000000000004,22.09000000000055,78.26033333333268,65.11133333333333,80.34666666666651
841,45.785999999999845,3.6333333333332307,9.096333333332915,60.50199999999941,76.46333333333291,91.56433333333324
842,64.5843333333339,3.15199999999998,4.357333333333354,72.29333333333332,65.10133333333269,60.7293333333336
843,52.96533333333329,5.8253333333333295,7.17199999999999,86.04833333333325,63.25533333333339,115.96933333333332
844,70.91533333333334,10.551666666666712,7.159999999999952,106.08133333333205,65.45533333333321,118.48000000000044
845,65.91099999999908,11.436000000000003,6.31200000000009,89.19199999999921,53.1280000000008,128.0933333333333
846,46.280000000000356,10.40533333333338,11.08666666666728,73.96000000000006,27.22400000000073,143.2513333333334
847,41.58433333333371,7.44000000000001,22.577333333333282,99.8213333333334,38.247333333332904,101.05933333333225
848,32.08533333333324,7.594666666666599,17.732666666666336,65.92800000000061,45.319999999999816,108.17999999999999
849,23.360000000000078,5.068000000000001,21.8476666666667,86.76966666666654,40.58600000000083,125.55866666666545
850,25.473666666666688,5.338666666666668,21.88800000000003,103.61733333333308,28.430999999999973,135.8413333333338
851,25.631999999999998,6.62,21.839333333333336,92.42366666666626,40.92,128.03433333333373
852,26.614000000000043,7.840666666666714,23.85333333333339,109.14333333333342,68.08,66.89333333333346
853,39.42,8.946666666666701,20.194666666666222,122.5133333333326,78.33333333333323,43.969333333334
854,24.96466666666685,14.705333333333003,6.983333333333456,99.84066666666551,88.18266666666666,35.49199999999939
855,7.927333333333282,9.642666666666694,6.9799999999999915,86.13466666666599,80.32333333333298,54.673333333333204
856,10.934666666666672,27.526000000000046,7.314666666666636,103.14399999999954,48.34933333333349,104.58
857,20.82000000000003,41.95933333333331,5.306666666666688,73.28333333333411,33.76000000000003,103.13699999999993
858,23.136000000000006,46.266666666666474,6.102666666666692,49.16700000000017,57.761666666666756,101.05999999999995
859,24.19999999999998,46.808000000000014,13.38,48.871666666666734,92.49999999999892,107.58533333333382
860,23.122666666666756,44.444000000000635,7.16,68.67999999999984,86.78666666666678,101.922333333333
861,10.293333333333358,29.745333333333782,8.81866666666665,102.9906666666663,111.96033333333344,144.65599999999952
862,8.08599999999994,14.633333333333322,8.56300000000002,164.59866666666667,88.6800000000011,136.86533333333426
863,9.837333333333373,23.92333333333339,8.570999999999959,187.78066666666726,61.659999999999755,134.15133333333287
864,11.656666666666602,19.370666666666793,5.564333333333384,131.71400000000148,65.83999999999993,106.72866666666678
865,10.602999999999895,19.425333333333338,5.347999999999993,120.77333333333443,66.5360000000003,86.17033333333366
866,8.887999999999973,21.15066666666658,4.599999999999966,95.44000000000005,59.173666666666314,76.87333333333315
867,30.65266666666679,18.953333333333052,6.456333333333389,101.93866666666702,53.98800000000009,54.20266666666661
868,21.71333333333304,9.618333333333235,3.443999999999987,99.97733333333429,78.31966666666668,53.613999999999926
869,10.964666666666558,8.309333333333342,7.476666666666626,125.68333333333322,96.52533333333277,58.227333333333405
870,11.485000000000111,11.298666666666712,6.244666666666641,200.14400000000174,96.32000000000001,63.72999999999995
871,10.531999999999924,11.261333333333443,7.5250000000000865,196.30600000000092,93.84800000000011,74.00599999999945
872,11.83333333333334,15.577333333332916,11.259999999999938,168.8133333333345,74.58800000000048,64.57999999999997
873,13.503000000000085,8.271333333333356,14.22533333333331,144.98666666666662,76.51866666666601,96.4366666666657
874,18.398000000000145,15.56,14.407999999999957,118.64266666666671,57.0429999999989,79.17133333333422
875,16.63533333333343,12.392000000000353,17.90000000000004,77.25466666666556,39.66666666666715,88.31166666666796
876,15.314666666666671,8.43300000000013,16.412999999999798,87.046666666667,30.720333333333922,64.9493333333338
877,31.389333333333067,7.5019999999998985,7.905333333333365,80.58800000000109,39.749333333333176,108.86399999999948
878,29.220000000000088,9.228000000000003,4.311999999999985,54.27599999999989,44.336666666666765,86.5293333333333
879,28.244999999999983,17.580000000000048,3.12,77.87733333333416,88.80300000000028,82.50599999999905
880,28.28533333333332,16.25999999999982,1.4599999999999453,89.07366666666664,86.73200000000048,85.27066666666622
881,23.313333333332544,11.208000000000048,2.6600000000000095,70.07200000000022,71.85199999999897,75.13733333333242
882,22.835333333333345,24.720333333333027,16.749333333333336,81.28666666666697,76.20799999999998,64.86666666666774
883,23.91733333333334,10.117333333333267,24.7246666666666,131.40266666666614,62.05799999999996,54.57666666666673
884,25.720000000000002,7.002666666666612,22.34666666666669,126.36000000000034,42.00199999999955,89.95800000000074
885,26.073333333333366,23.4006666666668,16.93399999999935,84.28333333333275,26.058666666667268,98.40666666666613
886,27.98,24.552,9.758000000000035,57.80266666666594,30.822666666666958,106.05199999999962
887,26.642666666667083,29.050000000000004,27.456666666666667,75.14600000000048,31.340000000000053,105.89099999999978
888,12.590666666666749,30.97033333333339,14.187999999999896,58.47466666666678,35.754333333332696,73.63666666666697
889,10.81599999999997,31.037999999999702,11.542999999999893,94.66433333333194,57.24,57.62800000000005
890,23.484666666666797,31.15533333333326,7.9026666666667555,74.84566666666706,95.3926666666665,46.50599999999966
891,23.906666666666634,25.043666666666667,35.84,97.84933333333322,67.2863333333341,39.96266666666699
892,28.90566666666663,25.92866666666658,34.509999999999835,103.22333333333363,81.96666666666721,57.31600000000021
893,27.518000000000082,24.715999999999937,15.968000000000576,126.64400000000114,93.37999999999994,37.56166666666664
894,22.72266666666732,26.33033333333338,12.00666666666666,142.79199999999972,106.14666666666626,45.300000000000004
895,7.001333333333369,11.81600000000035,13.040000000000001,148.0456666666676,119.5506666666663,39.32033333333334
896,21.026000000000003,16.18533333333334,19.713333333333296,175.95266666666842,122.81466666666574,35.75333333333343
897,20.673333333333304,31.371000000000038,11.180000000000346,165.83666666666664,109.63999999999999,35.24266666666636
898,16.154333333333234,15.198999999999655,8.64,152.40799999999925,104.79333333333355,23.655999999999658
899,7.406666666666633,24.399666666666874,10.58,134.4383333333333,100.62433333333392,26.560000000000436
900,3.279999999999909,21.92399999999996,13.63900000000002,149.1866666666666,60.46000000000002,37.10000000000001
901,7.513333333333321,25.57299999999995,7.218666666666396,112.7303333333337,37.08,54.3200000000001
902,15.955999999999356,25.237000000000112,5.471999999999989,120.76766666666727,53.23233333333396,59.354666666665295
903,12.83333333333333,22.790666666666674,8.555999999999987,114.96133333333343,29.868333333333528,59.879999999999995
904,13.325333333333337,11.583333333333114,11.529333333333117,113.16533333333321,24.620000000000033,70.2106666666672
905,16.013666666666825,9.816000000000003,8.122666666666637,129.48333333333264,14.310333333333825,67.19200000000093
906,31.64333333333341,11.496666666666705,9.263999999999914,58.00333333333227,28.64,67.34533333333322
907,30.273999999999944,9.057333333333126,18.154999999999973,42.36933333333311,34.02,91.77999999999966
908,21.915999999999713,4.943999999999905,15.018333333333388,36.20666666666668,36.97666666666658,94.5933333333331
909,9.712000000000007,6.484666666666676,11.919333333333281,42.95533333333317,106.2,142.65866666666508
910,12.99733333333337,19.62000000000009,14.280000000000001,62.50400000000074,119.292333333334,125.21533333333362
911,12.990000000000089,19.760000000000012,14.277333333333718,139.37866666666696,120.2956666666668,146.31866666666645
912,12.807999999999858,38.33866666666673,9.558666666666745,138.63466666666685,79.54266666666645,151.66633333333345
913,10.890666666666728,20.785333333333142,30.06800000000015,168.4266666666668,77.79299999999756,150.449333333333
914,12.83499999999996,14.73266666666635,29.373333333333377,178.94400000000005,69.13999999999999,151.7853333333323
915,13.585333333333294,19.684666666666637,27.09166666666661,167.05933333333397,68.57333333333334,128.2066666666678
916,24.469333333334014,31.646999999999906,16.176000000000442,139.27133333333308,85.53866666666664,118.01600000000062
917,20.15133333333332,28.074333333333023,7.3360000000000305,116.23966666666782,89.0,125.66699999999858
918,19.197333333333418,22.702666666666644,6.481333333333323,90.89999999999958,66.77599999999924,131.55599999999822
919,39.87966666666668,22.950666666666677,6.800000000000001,86.49866666666604,33.37466666666661,102.4079999999993
920,51.53733333333376,24.12166666666664,2.9173333333335543,81.26366666666749,42.062666666666765,86.1346666666671
921,34.68666666666646,37.456000000000614,2.8726666666666554,74.7306666666664,49.311999999999934,74.00800000000027
922,33.66166666666673,19.13866666666725,4.08,65.0040000000005,59.387999999999735,64.25866666666681
923,35.92166666666653,6.257333333333345,18.537333333333734,56.035333333333,99.90066666666702,74.89466666666696
924,26.297333333333228,5.467999999999965,15.54533333333333,61.967333333333784,78.0333333333345,60.09999999999994
925,27.78266666666668,6.55799999999987,15.38,64.68,77.64733333333392,49.947999999999645
926,24.066666666666652,5.646000000000009,13.397999999999998,75.79066666666716,51.40399999999957,37.07666666666671
927,9.586666666666853,5.760000000000001,12.52800000000006,88.48533333333256,66.02,46.513333333333215
928,32.95066666666665,6.445666666666625,23.1426666666667,75.25333333333407,79.69733333333365,67.51333333333297
929,36.141333333333336,12.293333333333312,21.543999999999926,75.43600000000019,54.247333333333145,43.82000000000001
930,35.75633333333336,11.771333333333363,19.798666666666684,77.12266666666639,66.66200000000013,56.214999999999954
931,23.09600000000013,14.214666666666663,12.113666666667244,98.20800000000139,64.67999999999999,47.20999999999986
932,18.88900000000002,28.208000000000013,18.040000000000106,85.76400000000045,61.13733333333421,77.9800000000002
933,19.667999999999957,32.62266666666658,10.238000000000104,97.85000000000008,36.78533333333293,78.10266666666703
934,14.026666666666223,35.37999999999998,5.486666666666715,111.20133333333416,34.916000000000174,43.114666666666565
935,9.726666666666702,16.761999999998867,2.146000000000058,103.28400000000018,28.178666666666743,87.45566666666711
936,11.979333333333285,6.857999999999988,2.6800000000000095,119.67300000000066,40.02400000000075,96.62066666666641
937,7.196666666666666,12.991333333333374,3.894333333333348,93.47533333333344,32.97500000000011,82.68966666666627
938,7.198666666666796,12.704333333333267,7.865000000000065,107.07633333333348,53.74000000000001,66.19333333333289
939,7.392666666666684,9.555999999999976,9.654666666666646,104.79066666666661,58.02000000000007,65.10800000000026
940,6.137666666666702,6.022666666666701,8.843333333333316,164.09600000000043,66.44,76.1163333333333
941,7.673333333333403,11.324000000000066,9.154666666666673,150.40299999999914,64.6466666666669,91.96166666666598
942,40.28066666666664,3.096333333333705,10.843000000000012,154.716,49.436999999998996,74.67933333333337
943,41.32833333333331,14.600000000000001,9.486666666666679,190.45033333333365,49.563999999999965,101.08666666666593
944,37.79466666666675,16.204000000000008,31.005999999999926,214.30133333333436,48.68666666666668,128.29333333333395
945,34.50000000000002,18.103333333333318,27.431333333333317,181.8653333333333,55.399999999999935,81.74399999999949
946,32.85733333333392,19.71133333333333,24.959999999999727,158.32999999999913,64.02000000000054,77.28933333333356
947,22.3060000000003,18.950000000000024,20.032000000000007,159.51366666666675,70.53066666666709,90.54166666666598
948,15.717333333333228,37.099999999999596,18.538000000000007,128.3453333333321,57.416666666666984,71.82
949,13.05733333333331,27.161333333333495,21.56000000000001,98.86400000000054,56.47833333333325,95.06666666666689
950,15.716000000000022,32.52533333333332,12.016666666666172,98.0200000000002,56.59500000000004,88.19
951,10.072000000000362,32.84799999999996,8.199999999999964,91.41266666666715,100.53066666666606,86.34699999999987
952,8.072666666666642,57.827000000000005,11.713333333333338,72.20533333333385,147.60066666666663,79.39266666666654
953,17.111999999999988,52.8689999999993,12.382999999999956,76.3299999999993,153.41066666666677,79.235
954,16.1766666666667,37.88333333333341,12.581333333333333,62.60566666666661,126.75999999999941,81.8179999999997
955,24.86400000000016,33.12800000000014,16.51999999999995,43.93533333333371,99.02399999999966,62.547999999999995
956,31.643999999999988,7.6413333333333515,13.499333333333453,32.65299999999972,71.11733333333451,62.625333333332655
957,34.34999999999992,23.126999999999853,13.864666666666583,53.07200000000003,33.81200000000016,53.755999999998934
958,22.64700000000012,39.42800000000001,16.65733333333344,56.35399999999943,21.960333333333853,55.52
959,16.5293333333332,41.72,15.986666666666691,42.142000000000955,26.959999999999983,86.22333333333327
960,21.022666666666556,41.19866666666697,16.12999999999999,31.776000000000934,34.3983333333337,123.34933333333335
961,13.490666666666765,49.21999999999997,16.08666666666668,24.784,57.03066666666635,115.40666666666615
962,7.112000000000036,39.827666666666246,18.313333333333496,45.8,81.61933333333397,87.54366666666616
963,9.044999999999888,24.63599999999956,8.515666666666407,58.41600000000125,105.10266666666686,62.450666666666066
964,8.77199999999999,23.912666666666677,4.520000000000018,40.71333333333337,98.5629999999996,76.84266666666656
965,9.676333333333279,21.381333333333345,8.72,64.9613333333338,127.8426666666667,60.682666666666385
966,23.10433333333345,20.792666666667174,10.24066666666669,75.98166666666644,119.86799999999998,44.182999999999986
967,44.53100000000006,7.820333333333347,13.454000000000038,94.298333333333,102.14833333333459,59.1073333333338
968,37.326666666667094,22.74666666666668,13.679000000000086,103.38333333333397,95.6760000000003,65.22266666666746
969,34.65999999999998,33.657333333333334,22.53566666666665,114.13300000000103,132.08933333333337,47.62666666666682
970,36.032666666666586,23.89266666666761,22.87133333333309,117.0486666666665,114.6243333333331,48.3159999999998
971,33.431333333332866,13.34,12.275999999999986,117.9873333333327,88.28933333333474,54.579999999999444
972,24.53766666666637,23.799999999999997,12.691999999999998,84.6373333333337,94.89333333333344,67.0676666666657
973,24.839333333333606,24.283333333333346,9.701333333333178,92.83233333333355,101.25866666666779,42.845333333333386
974,11.505333333333375,14.974666666666309,3.08800000000002,58.67533333333374,79.69066666666706,33.37933333333298
975,14.569333333333372,16.642666666666607,5.987999999999993,33.035333333332886,69.09800000000024,25.75333333333334
976,10.807333333333448,19.156000000000006,6.0149999999999935,6.685333333332825,67.79700000000061,44.47999999999994
977,20.216666666666725,19.9183333333336,7.686666666666652,24.274666666666647,82.64666666666565,53.67599999999993
978,20.287333333333294,14.038333333333352,10.09333333333327,49.66666666666663,57.78,41.493333333333325
979,17.72933333333327,15.865333333333274,5.9619999999999935,87.21300000000011,38.6680000000005,34.0
980,20.543333333333386,19.548666666666605,3.958333333333317,159.38200000000018,31.982666666666518,69.93999999999997
981,19.708333333333332,23.408333333333463,4.665333333333329,163.72666666666595,13.705999999999808,52.89299999999991
982,36.86166666666673,28.411666666666537,10.051999999999998,116.87700000000099,9.64,45.472666666666655
983,30.227333333333398,23.947666666666606,27.755333333333326,119.20533333333377,24.980000000000004,46.540000000000006
984,25.59333333333334,19.35133333333324,30.27199999999997,85.73400000000173,23.999999999999936,58.609333333334405
985,27.402666666666256,14.120000000000001,47.542666666666726,100.88000000000001,42.29333333333313,55.097333333333836
986,41.669333333333356,15.560000000000002,36.013333333333286,64.31200000000084,36.620000000000005,59.89599999999972
987,28.31266666666726,22.27999999999962,34.34600000000003,49.922666666666906,48.19733333333404,56.084000000000245
988,17.36400000000021,14.880000000000036,35.658333333333346,41.82699999999982,34.62333333333337,66.03866666666688
989,10.760000000000005,13.88266666666671,33.91200000000003,79.43833333333332,23.701666666666604,59.74833333333393
990,7.3919999999998875,29.34133333333369,66.03600000000078,88.94,55.186666666666596,56.029666666666024
991,14.067000000000036,28.622666666666646,70.45533333333273,127.16933333333378,95.93333333333335,38.9
992,26.932000000000148,28.396666666666775,66.94799999999911,120.86633333333337,141.77966666666606,93.36933333333228
993,13.695333333333226,24.739333333333242,61.547333333333185,150.47866666666695,120.07999999999912,74.8106666666676
994,14.934666666666727,15.019666666666778,47.854666666665906,118.74866666666613,110.05866666666682,50.90400000000018
995,12.738000000000062,6.11299999999996,40.460000000001045,82.55466666666756,76.7416666666669,39.42
996,18.401333333333334,4.546666666666598,17.66000000000001,97.51300000000055,59.42000000000003,45.887333333334034
997,17.4926666666671,10.697333333333336,20.014333333333354,82.0933333333333,53.16466666666565,44.14166666666665
998,15.340333333333016,12.47999999999999,26.667666666666218,91.04533333333467,49.87466666666643,62.29599999999997
999,23.227999999999994,18.997333333333415,19.355999999999916,71.79200000000006,88.41333333333317,51.22000000000073
1000,35.58433333333324,39.82633333333388,16.116000000000124,63.97000000000007,90.87733333333325,61.21899999999998
1001,34.889333333333276,32.01999999999998,24.540000000000028,65.12666666666681,90.2466666666657,77.9660000000002
1002,51.985333333333315,32.0246666666669,23.573333333333313,97.29466666666663,97.82000000000015,112.22966666666741
1003,62.297333333332745,34.151666666666664,4.911333333333027,69.84900000000097,94.2443333333332,90.17666666666788
1004,41.40333333333274,33.84533333333334,3.4560000000000217,90.08299999999981,67.10333333333442,82.20399999999967
1005,30.600000000000104,18.52366666666733,6.84,93.60566666666737,73.26399999999968,67.4776666666663
1006,42.598666666666695,11.298333333333282,7.22233333333333,76.9046666666669,89.47333333333309,74.396666666667
1007,46.513333333333335,12.74533333333333,5.299333333333264,71.81999999999977,79.41333333333321,75.70799999999953
1008,44.86133333333356,13.63699999999997,4.659999999999918,51.52000000000022,101.77733333333313,73.81200000000064
1009,39.48466666666666,12.78733333333331,4.609999999999973,76.78366666666639,53.54700000000052,96.80666666666639
1010,45.70600000000028,9.850666666666564,5.743999999999896,102.12966666666702,51.42800000000015,93.49633333333291
1011,42.1633333333333,9.100000000000001,5.860000000000069,123.25199999999998,67.37466666666533,77.43599999999985
1012,42.08566666666668,6.637666666666674,7.84,102.46833333333194,76.44633333333391,97.28000000000024
1013,35.87333333333362,8.286666666666676,7.618333333333265,84.71466666666736,77.32,83.20666666666668
1014,21.487333333333552,9.732000000000026,2.8320000000001713,131.8653333333331,69.8553333333333,62.12300000000123
1015,14.611333333333292,12.344999999999967,2.126666666666688,136.99066666666872,53.21733333333399,19.44933333333404
1016,28.530000000000037,10.22733333333337,9.284666666666766,148.31233333333333,45.28666666666666,38.596666666666756
1017,24.958666666666613,20.127999999999975,7.028000000000033,162.1956666666657,56.42800000000038,41.12
1018,23.585000000000004,21.10966666666679,13.203666666666608,160.51733333333283,54.83200000000058,48.62500000000006
1019,25.433333333333312,30.6,8.786000000000097,134.80133333333302,51.9123333333327,88.46533333333329
1020,47.449999999999854,30.276000000000025,6.663999999999996,124.77866666666664,39.33333333333287,81.56666666666686
1021,34.53699999999922,16.259999999999874,7.298000000000075,120.03766666666671,45.53066666666737,69.05833333333337
1022,62.786999999999445,8.375999999999886,6.651999999999972,127.51200000000144,34.18266666666645,66.41733333333491
1023,46.96033333333298,16.48833333333338,8.551000000000016,99.30400000000013,33.816666666666784,77.27066666666757
1024,21.230333333333373,21.03533333333351,27.529333333334257,114.16800000000158,74.9,75.36399999999969
1025,21.53733333333338,32.78133333333243,32.16266666666675,141.75466666666549,52.535333333332126,88.4673333333343
1026,14.63200000000068,17.02166666666689,25.274666666666853,149.44133333333212,95.91999999999885,126.75199999999855
1027,14.459000000000191,32.615666666666584,6.848333333333553,123.0683333333337,84.19033333333377,95.4186666666668
1028,16.080000000000055,31.76200000000011,6.446666666666624,124.65800000000309,74.56900000000026,90.71866666666844
1029,16.45466666666666,22.751666666666537,5.695999999999912,121.23466666666337,88.7046666666653,81.53999999999986
1030,13.386333333333468,23.88666666666695,4.631999999999989,108.48699999999967,71.87266666666468,76.58166666666665
1031,8.53166666666652,19.88266666666501,5.171666666666661,107.90866666666648,42.27733333333323,58.956000000000344
1032,21.507999999999903,4.2356666666666385,3.4180000000000654,170.43199999999928,58.15466666666736,42.78799999999963
1033,34.21966666666672,4.927999999999956,3.9266666666666605,181.08433333333318,51.04,51.699999999999996
1034,52.437333333333115,29.46666666666666,5.436000000000076,173.19099999999952,48.27199999999994,44.80300000000156
1035,46.10399999999942,53.06266666666667,5.3666666666666245,147.50666666666584,47.96933333333699,59.951333333333174
1036,34.38400000000007,64.1513333333312,18.53766666666693,146.40733333333696,52.12800000000032,70.22500000000008
1037,23.877333333333006,43.34466666666657,18.469333333333417,109.95666666666688,59.31000000000002,81.13733333333334
1038,23.362000000000126,32.37999999999997,17.54,59.217999999998035,56.31200000000364,50.951999999999316
1039,21.054666666666698,33.44800000000018,18.41066666666664,69.75533333333371,17.184999999999913,33.536000000000676
1040,28.141333333332206,40.104000000000084,15.106000000000396,65.07466666666458,36.71999999999996,47.84
1041,18.367999999999956,36.254666666665685,17.54933333333338,65.45333333333323,54.50666666666673,66.87733333333301
1042,8.766666666667152,22.304000000000023,18.406666666666638,86.7796666666666,61.94066666666804,51.84799999999851
1043,25.717333333333627,24.20499999999997,16.60399999999985,68.65466666666822,44.01066666666455,53.23199999999957
1044,28.209333333333053,27.19600000000004,8.23599999999995,53.01499999999984,53.92,102.5173333333338
1045,26.673333333333268,24.669333333331853,9.001333333333225,36.3616666666669,94.25333333333319,106.63333333333199
1046,29.37833333333343,37.12533333333191,7.836333333333259,36.386666666666684,105.38399999999842,80.50666666666733
1047,28.482666666666628,24.90400000000012,11.172333333333285,71.22533333333372,137.05866666666776,78.41999999999979
1048,39.942666666665964,16.60266666666685,5.914666666667399,78.19266666666549,102.9853333333331,71.22333333333454
1049,28.73233333333324,13.419999999999966,21.093333333333376,95.78,90.21999999999832,62.14
1050,18.42099999999949,22.910666666666422,23.306666666666697,124.85099999999976,87.21900000000102,77.59066666666668
1051,10.673333333333376,8.838666666666327,25.981333333333353,99.993000000001,98.10399999999939,49.09633333333375
1052,6.953666666666613,17.210666666666675,26.16833333333353,91.21066666666431,94.65199999999865,33.357333333331646
1053,5.6559999999999,26.952666666666858,23.62366666666655,165.86666666666588,69.5320000000015,39.20266666666614
1054,11.764000000000014,18.143999999999544,9.051666666665433,142.1086666666696,90.87133333333355,63.884666666668465
1055,11.04333333333316,17.836000000000034,32.84333333333309,117.90399999999886,78.57866666666814,50.78666666666664
1056,9.826666666666606,17.57833333333358,20.671666666665473,117.87599999999813,112.39700000000113,48.98400000000075
1057,23.472333333333232,12.29433333333336,28.5,105.18266666666702,110.84666666667066,52.15333333333321
1058,16.224999999999405,7.4590000000000645,41.07866666666649,92.97333333333435,81.43366666666608,51.93466666666617
1059,10.896333333334052,11.86,27.29333333333478,65.94933333333327,72.2260000000016,82.75066666666571
1060,9.335999999999931,14.277333333333214,33.00333333333328,53.6459999999989,77.08799999999887,53.17266666666828
1061,9.981333333333279,13.349333333333327,22.97066666666573,51.09866666666643,77.73700000000107,46.2560000000002
1062,9.098999999999933,17.086666666666716,18.132000000000154,41.06133333333384,39.126666666665884,39.60333333333327
1063,9.497333333333355,16.87899999999972,37.82400000000019,63.962000000001055,76.43799999999952,29.23999999999991
1064,8.363333333333495,15.712666666666738,24.52933333333337,64.74000000000001,87.60933333333305,47.16
1065,11.651000000000014,15.5913333333333,42.292000000000115,63.65066666666753,70.43466666666697,63.67566666666826
1066,10.338666666666722,17.178333333333523,47.294666666665144,61.85699999999996,66.75433333333234,61.27199999999976
1067,10.660999999999959,16.932333333333148,32.23866666666669,66.7383333333333,80.84666666666534,57.58599999999959
1068,14.263000000000131,15.113333333333248,24.226666666665935,83.21833333333447,74.60666666666492,53.67833333333372
1069,26.189333333333025,36.4106666666669,14.10999999999975,81.17999999999844,56.47599999999994,65.38533333333355
1070,19.080666666666904,33.257666666666715,7.180000000000037,59.39966666666743,69.16933333333193,52.97066666666651
1071,7.114333333333117,30.384666666666824,26.0266666666667,55.59466666666719,70.21499999999999,74.23199999999837
1072,10.045333333333328,28.037333333333336,24.9226666666667,106.07933333333271,114.0583333333332,77.43333333333416
1073,8.355666666666618,29.83233333333355,23.508666666666713,91.0889999999995,107.00000000000126,81.22
1074,8.435999999999988,40.27533333333345,20.825333333333113,74.70766666666546,95.47133333333072,69.52533333333164
1075,17.90366666666656,28.154000000000046,33.19266666666668,80.05833333333476,71.64766666666728,52.075999999999084
1076,13.71466666666602,32.98266666666651,32.59200000000003,105.98899999999708,48.683999999999685,72.1146666666676
1077,8.786666666666624,33.68333333333399,31.885333333333158,119.84800000000038,54.6973333333305,67.79733333333309
1078,6.471666666666593,37.16399999999997,31.56000000000002,113.41333333333444,50.00166666666645,70.84066666666658
1079,2.554666666666617,39.95966666666738,42.42533333333344,131.09966666666568,60.881666666665424,71.39566666666762
1080,3.8000000000000003,36.74466666666531,24.277000000000132,97.74400000000054,45.31999999999934,65.65199999999983
1081,3.473333333333421,17.46166666666792,39.442666666666575,88.25266666666722,50.520333333333376,49.344000000000676
1082,2.933333333333358,8.236333333333114,40.83066666666667,80.89766666666615,33.52166666666585,53.43399999999956
1083,4.0666666666666424,14.022999999999787,17.37199999999835,70.61999999999956,52.643999999999366,82.33333333333336
1084,6.43466666666669,13.929333333333325,14.412666666667441,69.06299999999968,51.32000000000015,88.46333333333166
1085,7.450666666666676,14.549333333333344,25.14,73.33600000000047,40.5620000000001,83.07733333333124
1086,10.167999999999974,13.26200000000013,26.57266666666626,69.37866666666541,62.166666666666856,93.62133333333368
1087,10.46,21.867999999999974,22.869333333333323,77.46400000000048,53.842666666668485,84.62533333333512
1088,19.12766666666645,19.113333333333323,26.27866666666649,91.01599999999965,57.035999999997784,96.01866666666683
1089,22.74266666666666,14.456000000000005,32.878666666666646,106.07999999999998,62.39833333333212,136.96933333333283
1090,18.061333333333312,18.244666666665626,35.013333333333364,108.06766666666417,84.9866666666667,110.56133333333183
1091,14.319999999999782,13.239999999999869,27.270333333332825,89.55999999999706,83.51000000000126,97.36199999999822
1092,33.89599999999999,12.842000000000255,30.54666666666679,61.35999999999999,71.31199999999902,83.60666666666631
1093,33.12133333333346,6.5653333333323465,28.860000000000003,72.23299999999934,85.26400000000257,111.4766666666668
1094,29.543999999999144,4.3279999999999745,35.39200000000001,83.93199999999892,73.00799999999941,109.72400000000074
1095,54.98133333333411,5.065333333333329,45.78000000000111,63.76933333333326,51.54666666666665,97.40633333333183
1096,30.21999999999916,5.573333333333386,36.7616666666666,72.27099999999695,22.722666666667173,120.30933333333395
1097,30.819333333333226,9.245666666666681,36.953333333333546,53.44333333333345,11.521333333333079,92.21333333333385
1098,45.749333333333425,6.551333333333288,40.004999999999995,44.15866666666542,8.0199999999998,82.32566666666597
1099,42.23099999999995,8.284000000000052,44.12533333333286,51.92599999999898,30.753333333333213,91.33333333333357
1100,47.245333333333335,5.983666666666437,30.208666666667142,46.52000000000015,76.18166666666647,76.94433333333536
1101,46.05599999999999,4.493333333333377,22.254000000001096,56.46800000000023,85.98,87.53066666666604
1102,46.62400000000001,6.538333333333267,10.800000000000349,61.121666666666115,103.64000000000003,88.96199999999881
1103,48.69200000000073,25.310333333333105,7.752000000000107,107.31000000000058,124.2049999999999,81.53599999999942
1104,63.39066666666474,43.241999999999905,26.646333333333583,97.39466666666588,113.5123333333341,56.426666666667735
1105,60.79600000000001,42.72666666666679,24.383333333333283,80.39433333333197,88.39799999999865,61.746666666666684
1106,61.97100000000118,41.76933333333333,23.979999999999983,59.37599999999843,45.614000000005234,111.86333333333502
1107,77.82833333333336,44.3866666666667,19.90433333333424,78.76066666666713,25.15166666666638,116.2560000000002
1108,67.99266666666865,35.13033333333561,8.041999999999867,78.63666666666519,56.22800000000003,145.38933333333392
1109,66.63833333333483,4.886666666666879,5.046000000000013,86.76799999999845,45.91333333333445,107.20400000000079
1110,57.96266666666647,6.796333333333346,5.0253333333333465,93.8876666666665,64.15666666666664,85.72933333333242
1111,79.18266666666666,36.9706666666668,3.976666666666692,105.69333333333307,70.917333333333,71.43066666666465
1112,65.53333333333457,34.4153333333342,20.2026666666668,136.61733333333444,96.66000000000001,77.47600000000052
1113,66.21333333333216,18.505333333332246,19.759999999999998,135.55100000000206,97.99866666666759,90.65033333333332
1114,56.45999999999996,10.075999999999937,19.301666666666655,97.12200000000072,82.96400000000415,108.05000000000061
1115,56.13066666666522,9.24,16.986666666666693,90.0823333333339,59.9433333333334,79.96000000000001
1116,33.269333333332106,11.17600000000018,10.009999999999447,115.721666666668,67.6440000000003,79.73733333333388
1117,16.9293333333334,9.092000000000159,5.718666666666632,90.69166666666653,85.50666666666739,105.81200000000172
1118,32.143666666666604,21.359999999999843,5.334999999999873,117.21600000000127,81.95866666666436,68.85366666666769
1119,40.265333333334205,30.388333333333094,23.424000000000014,191.084000000001,86.38000000000001,74.3840000000013
1120,28.64266666666662,26.216666666666733,22.878333333333345,187.87833333333404,80.26599999999998,89.09800000000078
1121,26.817333333333593,29.608333333333345,12.485333333333292,175.50566666666793,97.06133333333476,111.37466666666549
1122,16.64099999999999,21.906999999998582,19.100666666666612,119.66533333333241,72.08399999999882,113.34666666666679
1123,15.986333333333322,13.219999999999946,37.218666666666685,106.82466666666451,26.357333333332754,104.22066666666615
1124,25.18666666666666,31.29999999999982,37.84333333333357,57.762666666664195,47.07133333333359,86.4953333333333
1125,14.1363333333339,26.936999999999866,36.195999999999955,46.40800000000024,80.34666666666686,52.65733333333613
1126,10.023333333333358,35.79200000000002,35.36,52.16633333333405,77.77166666666677,47.71866666666742
1127,10.721333333333337,34.84466666666672,26.029999999999227,100.13599999999921,71.41599999999974,27.963999999999217
1128,16.170666666666676,34.07199999999993,13.776999999999685,117.61533333333277,80.99999999999999,21.740000000000002
1129,16.110666666666624,19.879999999997946,10.708000000000261,113.58733333333448,70.02533333333294,22.64
1130,8.929333333333272,18.0883333333333,13.989333333333327,111.4119999999991,41.38933333333142,40.14333333333319
1131,9.576666666666565,21.00400000000007,15.568000000000051,86.78399999999999,58.0186666666666,48.91066666666693
1132,8.734333333333261,12.060999999999686,13.084666666666553,115.82800000000054,50.868000000000556,54.5
1133,9.4500000000001,7.3893333333334335,6.8666666666667835,93.24800000000063,17.474666666666344,51.23599999999926
1134,7.105666666666666,23.343999999999944,19.15199999999995,73.55866666666955,20.305333333334346,66.14799999999951
1135,7.097333333333373,22.20800000000041,29.505666666666777,53.26400000000038,29.72,50.12633333333348
1136,6.34266666666661,6.831999999999858,45.080000000000766,43.0026666666687,39.643333333333395,55.52
1137,7.111999999999876,3.6273333333334774,35.08799999999996,76.9996666666668,71.19766666666672,68.14933333333495
1138,9.91933333333303,4.767333333333272,34.49066666666671,67.86500000000058,91.61333333333333,42.461333333334736
1139,26.71633333333501,8.542666666666593,27.67199999999928,84.6066666666653,110.48099999999923,63.87199999999979
1140,16.748000000000108,9.044666666666716,17.559999999999672,106.8973333333332,116.21466666666431,58.81600000000122
1141,13.335000000000097,9.286666666666688,35.42800000000072,94.24033333333571,92.80966666666512,61.62799999999908
1142,14.565333333333914,9.347999999999992,43.2969999999998,71.93900000000255,89.44500000000002,45.355999999999156
1143,10.527333333333205,7.109333333333293,38.080000000000034,70.44166666666814,81.67999999999935,28.98266666666555
1144,12.123999999999816,2.8246666666667446,23.653333333334814,59.00733333333254,87.511999999999,82.4559999999992
1145,10.100000000000001,2.478666666666677,21.965333333333326,55.53199999999978,92.2583333333339,91.4899999999998
1146,7.48800000000003,2.19600000000004,23.413333333333284,48.80933333333193,75.59599999999858,142.58399999999853
1147,8.100000000000001,16.32266666666632,28.813333333332828,59.03499999999996,54.98966666666563,121.94933333333542
1148,8.615333333333218,1.5786666666666498,34.43533333333283,61.98533333333344,41.1273333333338,101.53200000000088
1149,6.050666666666585,27.045333333333147,33.2799999999998,53.04,45.67666666666658,96.6883333333327
1150,6.143999999999997,34.38,34.10633333333349,101.02333333333448,46.27166666666653,86.4490000000001
1151,19.654666666666543,33.03066666666675,22.749333333335336,93.65533333333288,32.343999999996846,80.08733333333078
1152,14.949333333331797,24.91966666666765,10.619333333334097,90.61200000000152,26.85166666666698,47.72400000000056
1153,14.239999999999965,40.74400000000007,6.833333333333358,83.33466666666587,37.47533333333363,71.62066666666657
1154,21.75933333333304,43.28400000000006,26.53199999999999,73.49466666666572,71.26,73.87800000000176
1155,17.289333333333317,38.41666666666627,21.26266666666656,85.81199999999961,64.37300000000002,83.87199999999936
1156,17.833333333333144,19.364333333333825,17.78000000000002,87.07066666666603,39.16133333333179,90.13599999999776
1157,14.829999999999565,16.685999999999574,17.482666666666738,68.42133333333202,56.39200000000024,79.34400000000144
1158,8.87333333333344,10.769333333333549,21.864000000000125,69.16666666666694,44.528333333334835,75.61533333333387
1159,18.894666666666616,13.260000000000002,23.684000000000015,97.74300000000088,74.89866666666535,75.8786666666669
1160,19.639999999999773,15.629333333333317,13.095666666666165,75.43200000000024,83.26233333333367,66.04933333333501
1161,19.762666666666682,14.525333333333066,7.0199999999997456,47.22233333333066,75.01333333333196,88.28933333333248
1162,26.842666666667085,13.467999999999966,41.47799999999992,67.04533333333391,60.43266666666785,89.45533333333383
1163,20.269333333333297,8.16799999999941,40.63266666666654,59.20000000000076,39.83133333333273,68.1266666666685
1164,18.29066666666662,4.506666666666461,24.893333333334994,82.10233333333242,53.78,78.72866666666681
1165,8.291999999999033,4.19866666666665,19.786666666668207,67.06666666666938,87.2,46.369333333333415
1166,6.7340000000000195,8.082666666666592,1.9333333333333576,69.89833333333318,80.92000000000014,25.685333333333183
1167,10.987999999999994,29.12133333333329,2.921333333333296,66.47300000000054,69.09333333333025,5.637999999999534
1168,14.711999999999758,27.784000000000056,20.513333333333385,47.84600000000013,60.97199999999646,47.749999999999986
1169,15.706333333333287,28.32533333333333,19.426666666667497,40.14600000000016,58.969333333333125,48.258333333333454
1170,18.09466666666676,27.60666666666681,20.121000000000166,48.144000000002855,53.4600000000007,54.59600000000021
1171,15.544333333333698,13.754666666666827,15.339999999999836,44.246666666667,36.59599999999831,71.0873333333313
1172,13.598666666666633,4.149999999999995,5.653333333333272,31.345333333333656,31.250000000000014,61.914666666666925
1173,29.5840000000003,19.833333333333343,4.301999999999802,41.29066666666728,42.415999999999876,69.866
1174,25.94,17.917000000000243,4.6000000000000005,88.98666666666665,50.46266666666798,55.76633333333285
1175,34.1333333333333,25.12333333333336,6.633333333333217,78.16566666666643,53.24933333333222,75.61999999999999
1176,32.70600000000012,24.432000000000016,7.258666666666718,78.34600000000093,80.34000000000081,93.99599999999792
1177,29.74999999999992,22.68000000000002,7.9446666666669,119.32266666666614,87.88000000000004,41.88899999999966
1178,18.10133333333397,20.725999999999843,6.066999999999981,129.73333333333508,65.91066666666715,90.02666666666796
1179,29.13333333333334,23.41599999999999,4.5503333333334055,141.53199999999987,69.3419999999993,106.7906666666688
1180,33.341333333333125,9.208666666665769,3.171999999999989,136.543666666668,64.31866666666774,62.69200000000096
1181,29.924000000000575,6.596000000000004,4.7853333333333286,71.13999999999903,54.83500000000004,116.12933333333426
1182,25.136999999999922,8.329666666666295,5.2466666666667425,82.84933333333169,25.886000000000685,122.63599999999865
1183,13.538333333332607,12.347999999998883,6.25399999999992,106.80766666666828,14.620000000000001,152.50799999999958
1184,15.56100000000028,6.732666666666669,24.077333333333335,76.93999999999969,23.816666666666784,148.03333333333305
1185,19.230333333333192,27.06800000000083,33.32,91.67999999999944,57.43066666666637,143.0386666666684
1186,39.24666666666686,15.754666666667617,33.927999999999955,100.51866666666768,89.0686666666673,128.7119999999997
1187,47.31599999999999,10.520000000000131,40.99766666666675,110.25999999999843,124.03966666666624,90.74933333333583
1188,45.579999999999856,7.812666666666546,39.20033333333333,75.9800000000013,118.12066666666655,95.3533333333334
1189,21.99466666666539,26.09333333333334,22.68866666666628,61.89900000000032,98.53599999999861,100.24800000000057
1190,20.469333333333143,31.55999999999986,12.341000000000726,47.140000000000846,116.78333333333401,120.30833333333338
1191,31.122666666667794,35.04266666666685,15.338666666666661,60.24499999999985,86.9603333333327,111.33899999999849
1192,22.069666666666503,34.27333333333333,13.165333333333257,108.94266666666687,92.68200000000034,84.50800000000045
1193,21.14,30.874333333333514,9.444333333332878,144.78400000000283,109.1333333333335,87.17533333333267
1194,24.835,22.205333333331694,4.849333333333452,111.21199999999968,102.29466666666559,82.94000000000203
1195,30.793333333333408,28.076666666666725,2.875999999999949,155.4416666666656,61.06433333333114,85.24333333333324
1196,17.126333333333147,17.18633333333347,4.565333333333365,194.14066666666244,37.44266666666857,34.56266666666481
1197,12.198666666666742,15.511000000000077,5.838666666666504,173.49833333333507,25.92666666666688,40.03200000000001
1198,13.789333333333442,28.872666666666632,8.04366666666661,149.23000000000079,36.553999999999505,49.59333333333316
1199,11.557999999999893,28.21333333333336,6.324000000000033,92.90933333333412,64.11999999999982,72.26
1200,10.999999999999874,63.17666666666638,28.259999999999998,69.725999999999,60.79200000000015,60.26266666666639
1201,17.85133333333365,57.13566666666654,34.9253333333336,57.47600000000144,74.84,97.66800000000022
1202,14.803999999999597,45.863999999999365,20.327666666666843,26.775333333333503,89.33066666666605,81.04166666666548
1203,6.468333333333385,40.76799999999994,20.195999999999966,94.5966666666664,128.80133333333433,46.05333333333176
1204,25.91199999999997,43.16533333333333,11.112000000000917,151.41599999999997,120.96399999999923,37.07999999999997
1205,26.697333333333336,38.13233333333196,4.19333333333334,141.3999999999997,98.92266666666796,40.005333333333986
1206,18.556999999999988,35.941333333335216,6.57,161.38266666666914,96.40433333333357,72.82400000000248
1207,32.90900000000011,26.30533333333321,5.3186666666667595,116.7359999999997,83.6193333333339,43.22066666666624
1208,32.57666666666663,46.13533333333335,18.76,107.65400000000197,50.99600000000028,89.29733333333493
1209,29.13866666666602,33.49200000000137,5.53566666666623,76.88666666666508,51.76600000000036,90.99399999999818
1210,31.401333333333334,49.12599999999997,14.282666666666664,101.1866666666637,49.29066666666675,53.01433333333281
1211,26.867333333334372,35.92866666666656,11.55800000000007,143.9599999999987,58.837333333331514,92.91333333333365
1212,19.46266666666672,31.138999999999907,26.108000000000196,131.77200000000286,55.85333333333274,108.32100000000095
1213,19.173666666666815,26.363333333333088,9.266666666666934,107.69599999999805,49.60833333333369,121.45999999999998
1214,14.216666666666399,8.755333333332242,6.913333333333339,96.29600000000175,41.29466666666842,123.63000000000014
1215,30.104666666665604,6.373333333333303,8.749999999999982,118.33299999999922,55.354666666668166,81.87600000000072
1216,32.679999999999964,15.100000000000037,6.294999999999782,114.79599999999907,52.05333333333263,80.29200000000012
1217,38.40599999999985,7.682999999999765,7.24,142.5136666666652,53.437333333333605,48.889333333332836
1218,36.88700000000013,8.815999999999987,6.4300000000000175,124.19300000000015,65.78766666666758,56.45166666666793
1219,33.92800000000115,14.44233333333332,5.396000000000022,122.03566666666626,83.84666666666779,33.088000000000214
1220,13.606333333333355,13.660000000000002,10.168333333333512,127.32666666666684,145.50266666666738,32.359999999999744
1221,39.48999999999984,13.738000000000202,10.36200000000009,131.624000000003,106.94399999999905,39.83199999999979
1222,35.19133333333358,15.641999999999978,9.436999999999877,135.09066666666664,122.12666666666348,77.8906666666667
1223,30.19999999999998,11.20300000000054,4.119000000000561,150.61733333333203,141.33366666666637,109.65599999999964
1224,37.16799999999971,27.867333333333324,6.164000000000051,154.11666666666707,158.56666666666413,80.33066666666909
1225,17.881333333332996,48.15333333333483,10.3546666666666,134.94433333333478,122.37599999999975,81.12666666666584
1226,19.179999999999982,28.54633333333332,10.8460000000001,110.72799999999492,90.47600000000173,69.0940000000002
1227,14.817666666665682,38.419999999999995,9.724999999999861,95.88866666666799,108.30900000000153,36.20266666666557
1228,28.306666666666587,36.90066666666796,10.479999999999938,105.33166666666895,104.1686666666653,37.8933333333333
1229,31.28933333333346,19.678333333332972,9.173333333333431,109.52166666666619,101.20000000000087,41.76800000000079
1230,33.310666666666656,14.10933333333287,7.8336666666667005,97.55866666666708,100.01466666666704,33.253333333331796
1231,34.77600000000009,23.99233333333368,19.800000000000004,97.89466666666594,98.23599999999648,76.33666666666684
1232,31.135333333333918,38.178999999999995,18.4953333333335,119.55833333333116,76.16400000000093,116.86866666666715
1233,17.988333333333884,45.601333333334644,33.061000000000035,130.35433333333347,105.2213333333342,106.9146666666661
1234,9.33733333333332,26.910000000000025,34.46933333333329,141.4543333333354,110.88899999999973,123.1826666666651
1235,6.967000000000144,26.902333333333296,64.70800000000054,132.82666666666688,87.22566666666702,147.65199999999948
1236,17.563999999999933,26.398999999999983,41.4253333333333,101.68866666666828,85.37133333333284,103.75833333333927
1237,17.63866666666665,28.807999999999993,25.97433333333448,78.67333333333033,45.96966666666796,77.9400000000001
1238,20.264666666666656,12.70966666666449,4.292000000000044,73.43333333333318,27.444999999999613,90.70066666666531
1239,36.310666666666734,6.453999999999942,4.352000000000044,124.50000000000206,40.988333333332385,112.44566666666623
1240,33.67599999999998,5.372000000000044,3.81600000000004,142.73866666666643,42.004999999999164,143.8196666666662
1241,29.35499999999951,4.223333333333349,18.30333333333333,146.59433333333314,38.253333333333615,128.4873333333332
1242,13.286999999999574,20.800000000000683,18.34666666666668,140.64799999999997,57.45866666666638,109.09666666666689
1243,6.27300000000007,31.886666666666386,18.95200000000001,133.62333333333262,35.85633333333132,70.51999999999495
1244,6.216666666666647,16.85999999999991,37.07466666666667,153.1753333333339,45.306666666666494,81.61999999999996
1245,5.731333333333433,13.8100000000001,39.243999999999986,165.94399999999868,67.74799999999954,109.21066666666843
1246,5.7453333333333285,12.939999999999905,35.37466666666558,132.13333333333154,78.57466666666498,95.12000000000002
1247,5.486666666666697,6.379333333332866,17.989333333333853,126.5820000000012,67.66233333333479,112.05600000000004
1248,4.3739999999999695,16.629999999999608,12.136000000000877,124.16433333333174,58.45066666666668,110.6906666666659
1249,4.88533333333331,5.327999999999993,8.353333333333339,73.20400000000265,72.19866666666677,98.76533333333363
1250,4.859999999999999,49.70499999999987,8.650000000000194,69.15600000000235,63.91400000000174,111.19466666666779
1251,15.505999999998892,43.31033333333549,6.6356666666668485,73.81833333333327,65.38399999999936,75.77733333333367
1252,25.55666666666675,26.061333333334204,33.938333333333254,95.31499999999845,93.79333333333129,77.07066666666695
1253,38.62066666666777,27.23866666666663,32.160000000000004,93.22533333333162,101.4753333333332,63.317333333333956
1254,33.55666666666665,32.549000000000035,28.922000000000175,77.96566666666696,107.27733333333589,63.35399999999941
1255,41.66,29.957333333333303,28.47199999999998,61.3426666666646,91.97599999999838,75.45133333333396
1256,47.9813333333334,41.22366666666517,36.43733333333301,34.588000000000974,99.26933333333275,70.46
1257,56.87266666666771,31.992000000000516,27.865333333331165,36.16933333333371,85.52399999999679,58.679333333333474
1258,38.50266666666653,17.512000000000075,38.079999999999814,65.6906666666667,48.73600000000068,36.32766666666756
1259,22.407333333332915,18.084333333333543,27.87999999999847,64.42399999999945,78.75166666666806,39.96300000000198
1260,16.715000000001034,17.107666666666443,14.45733333333431,72.23333333333339,71.79600000000009,26.949333333333527
1261,16.240333333332792,12.796666666666539,28.788666666666618,88.53333333333418,53.1473333333318,45.74
1262,31.233999999999494,12.187999999999994,26.44266666666661,73.13133333333262,56.931666666666544,47.07466666666615
1263,27.90000000000008,27.25466666666711,25.644333333333275,84.98800000000165,61.39066666666902,55.98599999999965
1264,43.18000000000001,13.607333333335223,24.480666666666604,54.87533333333343,64.5240000000002,47.14666666666816
1265,52.97533333333336,2.6226666666666643,19.056333333333193,90.30000000000018,79.10399999999976,50.56299999999739
1266,49.529666666666735,11.68,19.086999999999826,124.28666666666436,79.86833333333321,33.49366666666717
1267,31.074999999998546,13.677000000000088,11.85466666666769,145.489333333332,79.41466666666598,45.30800000000112
1268,14.620666666666615,14.540666666666748,9.89999999999921,133.22466666666884,56.86133333333416,70.20833333333354
1269,5.526666666667406,14.96,7.308000000000012,121.57266666666735,46.86066666666702,63.346666666666714
1270,4.072000000000008,28.020000000000547,6.679333333333326,121.94000000000284,29.86599999999968,112.85866666666658
1271,20.928333333333274,36.70033333333307,5.557000000000135,120.93199999999868,65.7706666666663,81.74233333333498
1272,20.19933333333333,50.78266666666585,6.297333333333335,99.46300000000082,50.1346666666663,49.10266666666546
1273,20.000000000000156,37.92400000000005,5.504000000000015,129.8840000000001,63.9246666666671,68.12500000000007
1274,21.18,39.48933333333333,5.0866666666667975,144.61200000000008,52.35999999999978,89.45200000000092
1275,9.895999999999368,36.645333333333014,4.634666666666572,144.8919999999996,36.45966666666674,82.84400000000035
1276,14.290666666666693,37.69099999999985,6.113333333333358,128.89466666666812,30.824999999999918,78.05733333333407
1277,24.42000000000033,30.49599999999851,9.099999999999984,134.77733333333393,26.7433333333337,68.88800000000184
1278,22.83600000000002,32.29600000000016,13.540000000000001,184.3246666666662,39.846666666666096,47.79400000000181
1279,31.860666666667257,33.01499999999996,12.44166666666685,175.98566666666548,60.11733333333483,37.75833333333255
1280,41.00066666666636,32.45399999999985,6.562000000000144,147.53333333333268,73.45000000000005,17.49033333333307
1281,40.557333333334284,33.861333333334514,5.341333333333278,149.63999999999913,83.37066666666749,46.24133333333294
1282,47.08633333333433,21.468666666665797,7.359333333333171,135.4613333333353,53.09666666666774,75.17066666666639
1283,32.10266666666759,20.970666666666673,5.232333333333241,124.91500000000202,57.67266666666701,65.94899999999963
1284,33.39999999999999,15.295999999998678,16.759999999999998,82.1159999999981,112.6,61.88166666666676
1285,15.682666666665428,21.620000000000026,16.759999999999998,73.30333333333296,117.85599999999926,67.38800000000127
1286,5.998666666666669,9.340000000000629,18.119999999999997,92.04933333333499,107.0560000000001,60.913333333333284
1287,6.030666666666617,13.34033333333331,18.204000000000043,95.67000000000003,144.17066666666508,66.43066666666714
1288,5.186666666666715,15.672333333333578,21.142666666667424,143.63200000000177,103.73600000000235,53.13333333333341
1289,17.10666666666668,13.4026666666667,13.162333333333496,115.66866666666857,59.976666666665295,28.355000000000143
1290,32.7100000000002,31.32533333333333,17.442666666666618,89.1933333333354,34.99999999999989,38.85666666666661
1291,20.237333333333176,32.786666666666655,19.745000000000008,82.67533333333388,38.1253333333332,69.33866666666658
1292,19.854666666666603,21.45600000000183,16.156666666666535,52.298666666663244,41.660000000000004,55.46666666666572
1293,13.613333333333449,6.884000000000006,38.93600000000076,54.18,40.66066666666698,66.40966666666696
1294,13.534666666666672,8.518333333333366,32.61600000000071,74.73000000000003,16.81733333333246,43.19733333333358
1295,9.251999999999512,27.01833333333334,22.397999999999705,135.0033333333333,25.12,24.11533333333349
1296,16.62,23.457333333332226,14.196000000000481,102.82000000000015,53.85999999999839,17.1
1297,15.68799999999892,22.199666666666555,20.626333333333328,74.9873333333339,27.84133333333484,35.46466666666665
1298,28.3293333333328,46.221333333333774,14.520666666667431,106.18000000000016,27.471666666666703,67.23233333333316
1299,23.062999999999903,48.675999999999966,11.192000000000055,119.0346666666655,60.84,48.94800000000055
1300,17.546666666666386,46.58366666666668,11.329333333333327,95.54499999999796,129.0973333333338,51.57799999999991
1301,3.852666666666737,18.16666666666606,11.552666666666656,85.60166666666777,100.87733333333442,76.04933333333196
1302,24.10400000000007,14.72733333333326,8.882333333333087,89.3506666666663,89.75833333333303,86.03866666666693
1303,44.40933333333332,12.454000000000507,7.969333333333162,95.90666666666621,137.88533333333285,55.30266666666459
1304,28.39866666666868,9.480999999999918,7.738666666666723,120.30966666666649,113.59333333333436,89.7493333333334
1305,42.81199999999997,9.887666666666451,8.190666666666653,102.83966666666393,119.46466666666687,77.26200000000141
1306,17.978666666669742,16.234000000000062,5.910000000000114,70.04033333333297,99.78933333333475,70.33066666666957
1307,13.881333333333295,25.41033333333348,16.34133333333157,88.28533333333279,90.62533333333333,43.45733333333657
1308,13.512000000000025,26.352000000000114,6.582666666666719,64.445,89.41466666666284,58.495000000000246
1309,16.346666666666582,27.533666666666985,10.08133333333317,58.79966666666692,94.15200000000071,60.75466666666573
1310,27.096333333333178,23.17800000000011,8.958666666666883,16.673333333332604,135.4126666666682,59.286666666665894
1311,35.941666666666634,21.378666666666685,5.263666666666618,59.13999999999949,131.0160000000007,90.46733333333339
1312,29.18399999999965,18.48933333333327,7.329999999999855,93.58399999999997,120.72400000000134,119.83066666666625
1313,26.588000000000065,10.932999999999375,7.2,127.85366666666613,105.17466666666583,84.69133333333019
1314,20.976999999999375,8.425666666666963,6.362333333333144,158.72666666666663,113.09466666666438,102.3206666666634
1315,10.542999999999951,10.389999999999931,29.8733333333334,159.92800000000008,77.5013333333344,84.7829999999987
1316,6.899999999999965,13.864000000000134,28.523999999998395,160.1203333333334,61.50666666666796,55.7746666666666
1317,11.51600000000004,14.103333333333294,14.854666666666587,123.40099999999546,90.27200000000053,90.54133333333341
1318,22.13666666666675,12.69599999999984,19.35333333333371,95.12666666666713,78.80400000000012,91.0146666666668
1319,21.78333333333345,15.873333333333113,20.411999999999953,97.79733333333351,121.96799999999998,80.41199999999952
1320,23.297333333333338,14.905333333333147,15.501333333333404,81.61166666666752,113.93866666666557,60.92000000000039
1321,23.18000000000002,12.381999999999785,21.939999999999095,87.7400000000004,117.43466666666438,79.17199999999808
1322,24.22899999999997,11.756000000000085,22.92,77.77866666666856,107.47366666666538,78.26133333333084
1323,16.599999999998765,19.481333333333097,26.82266666666664,83.92366666666473,78.05566666666445,64.7163333333332
1324,20.529000000000025,25.297999999998833,37.542,123.4666666666653,41.9733333333333,46.925333333332425
1325,20.983999999999924,17.677999999999884,37.847666666664644,99.0519999999991,21.434666666664416,54.27833333333302
1326,26.796666666666734,16.4799999999998,22.960666666666643,92.83299999999929,10.91333333333334,70.01599999999922
1327,28.502666666666773,21.7800000000008,13.817333333333384,80.34266666666636,39.839999999999996,83.3666666666665
1328,18.683333333333618,26.92,12.300333333333084,93.40366666666641,37.28666666666625,79.77599999999998
1329,49.90999999999998,27.586666666666645,9.047000000000002,103.10433333333053,38.71466666666631,84.29499999999821
1330,39.28799999999841,27.0103333333334,6.79966666666654,73.26666666666723,36.016000000000126,57.14533333333695
1331,29.37099999999976,25.32266666666669,22.38,93.1813333333324,73.36400000000017,28.39733333333228
1332,37.654666666666685,41.30699999999946,49.21200000000048,73.10000000000001,66.59333333333187,52.839999999999996
1333,35.332000000000136,63.1333333333318,45.055000000000106,56.3359999999999,73.77200000000042,57.597333333331946
1334,28.681666666665436,64.71333333333338,70.06666666666705,47.28533333333222,92.20399999999893,57.811000000000256
1335,9.158000000000548,55.40133333333448,51.92133333333214,57.05399999999854,77.1106666666655,54.60666666666661
1336,4.668333333333498,44.774666666666185,39.258666666668276,42.23333333333489,68.33733333333352,36.77733333333343
1337,9.641333333333531,24.089666666666623,53.477333333333334,33.15333333333336,61.61466666666721,30.080000000000073
1338,3.921333333333369,21.258999999999865,42.49466666666652,68.71166666666639,43.47133333333258,51.21066666666637
1339,5.302666666666555,29.468000000000032,50.86399999999994,76.05666666666676,47.87166666666836,50.03733333333457
1340,24.439999999999966,33.927333333333515,38.15000000000169,117.70666666666813,70.8819999999997,43.472000000000264
1341,27.057333333333318,31.135333333333246,29.684000000000033,109.74533333333322,68.54099999999845,72.88533333333392
1342,28.742000000000054,29.385666666666708,22.52900000000008,114.79200000000039,53.43333333333398,85.97199999999881
1343,15.763666666664975,17.61666666666639,16.221333333333334,93.24466666666788,44.806666666666885,79.10266666666624
1344,9.430333333333234,31.20199999999989,16.351999999999972,90.09333333333261,77.10866666666739,88.27666666666681
1345,10.04,47.56500000000012,9.759333333332524,80.255,79.24533333333133,102.44533333333297
1346,5.601333333332877,58.09533333333346,2.8800000000000185,84.51099999999859,90.8079999999986,120.44733333333417
1347,5.82399999999996,41.79466666666767,3.280000000000018,85.61200000000161,87.63599999999984,108.98933333333297
1348,6.172000000000007,37.786666666666626,4.129333333333343,80.93833333333308,77.95533333333296,107.50666666666653
1349,5.63166666666646,41.28600000000007,3.388333333333235,66.16166666666533,117.40499999999943,86.18533333333662
1350,5.304000000000078,29.483999999999213,17.466666666666843,97.83500000000004,84.27066666666533,106.92399999999728
1351,7.483333333333303,18.67000000000132,5.536666666666537,103.17199999999895,52.029666666664966,98.13766666666498
1352,15.440666666666722,9.698999999999991,5.484000000000033,95.70666666666762,75.4,49.405333333332486
1353,21.676666666666673,18.993333333333403,6.260666666666594,89.9626666666669,89.84133333333374,67.21600000000149
1354,19.61866666666656,17.139000000000284,8.985333333333248,117.1413333333344,88.48000000000215,54.51200000000285
1355,17.63599999999993,13.356000000000023,9.815999999999828,92.43900000000191,96.59333333333272,73.99999999999999
1356,17.598666666666833,11.380000000000017,16.796000000000287,106.72266666666542,98.11733333333058,66.95200000000067
1357,17.141333333333996,20.46199999999997,6.663999999998923,98.4360000000009,138.39999999999998,74.82666666666528
1358,9.3596666666666,60.4539999999999,4.931999999999862,95.19666666666667,121.50933333333182,60.53466666666692
1359,8.224666666666884,67.33099999999979,3.5253333333333283,140.3800000000012,88.95199999999807,56.14000000000001
1360,7.467333333333427,64.31000000000064,5.98,173.3063333333324,68.33133333333171,55.55333333333216
1361,10.433333333333286,59.52166666666673,8.08,165.222000000001,49.75866666666692,48.51866666666683
1362,9.104000000000033,57.29266666666792,29.149333333333345,107.64299999999882,53.85999999999973,45.0359999999986
1363,11.234666666666381,31.47599999999997,30.074666666666655,83.35700000000229,79.10399999999979,48.46066666666682
1364,21.0793333333331,19.6920000000001,27.469333333333296,54.2913333333331,114.88,60.55933333333345
1365,21.220000000000077,19.953333333333575,22.247999999999994,61.26800000000086,78.94000000000129,91.18799999999924
1366,16.98299999999962,23.601333333333407,22.31066666666666,65.93033333333403,44.96666666666692,143.17333333333528
1367,27.060000000000002,22.30999999999999,21.888333333333172,74.62800000000026,18.920000000000982,140.06933333333308
1368,23.1653333333332,20.385000000001867,13.339999999998655,66.54,37.12,130.08666666666807
1369,28.11666666666666,51.57999999999991,4.6599999999999815,63.10466666666683,58.70133333333307,84.9880000000024
1370,7.405333333334513,60.53099999999844,3.688666666666623,84.78,104.95999999999985,75.76133333333243
1371,4.273333333333322,77.68000000000009,6.01866666666665,142.27866666666898,124.14000000000003,83.8273333333339
1372,17.19666666666655,66.1679999999993,8.592000000000045,125.99133333333441,128.1440000000003,56.86033333333467
1373,15.927999999999939,49.910666666665165,7.839999999999873,151.80133333333305,112.07333333333385,42.349666666666266
1374,7.833999999998468,22.859999999997275,6.658666666666713,138.85399999999942,132.77066666666641,54.68000000000134
1375,21.68666666666666,15.538666666666652,23.521666666666754,129.32999999999882,111.41466666666493,87.52399999999933
1376,22.85333333333332,13.860999999999828,24.99533333333342,132.98133333333078,99.25333333333387,61.955999999999946
1377,41.023333333333376,34.872333333333536,14.92933333333389,114.17333333333207,77.21733333333484,77.30366666666573
1378,41.69600000000002,58.688333333333276,32.81066666666678,79.91333333333414,93.94833333333352,65.05999999999877
1379,37.676000000001736,68.80833333333281,29.31466666666714,67.29066666666495,96.08866666666594,66.40400000000082
1380,13.629333333331815,44.842666666665984,27.608333333333164,71.10400000000132,61.514666666668965,68.86933333333496
1381,29.077333333333392,28.864999999999966,27.380000000000074,65.57599999999927,56.16700000000037,58.3386666666664
1382,27.147666666666765,25.524333333333193,16.924666666666862,82.16000000000119,35.74366666666643,64.07166666666679
1383,42.181666666666715,18.07766666666639,24.77200000000013,79.94400000000117,54.92099999999887,83.10400000000038
1384,41.42633333333325,42.884666666666654,28.12666666666682,101.89333333333445,75.51999999999971,77.926333333336
1385,34.90000000000215,35.62000000000136,25.341333333333285,116.05066666666579,59.631999999999046,47.78666666666665
1386,26.906666666666897,20.957666666665745,19.338333333333583,118.65333333333155,43.210333333333615,75.8266666666669
1387,24.560666666665192,14.484666666666449,18.6,128.60099999999787,51.13400000000061,76.97733333333345
1388,15.67099999999994,14.886666666666802,27.31600000000066,107.03866666666883,45.52933333333344,81.50800000000092
1389,38.00800000000001,16.76666666666671,17.348999999999958,98.33466666666776,38.092666666666695,69.05033333333456
1390,42.023333333333305,18.535999999999987,31.21,108.00800000000142,10.349333333332526,64.82266666666484
1391,37.33333333333121,18.940000000000055,29.243333333331933,80.86099999999895,10.478666666665877,61.744666666666134
1392,16.239999999999696,15.763000000000709,16.01199999999988,55.05066666666708,36.23333333333194,81.9179999999997
1393,19.84599999999989,13.188333333333343,18.68,59.945000000000064,58.655999999998905,82.15333333333321
1394,19.56966666666674,10.665666666666734,22.08399999999998,68.3970000000017,58.759999999999245,89.50266666666695
1395,16.059000000000086,9.16200000000018,17.881333333333988,80.25599999999875,87.19599999999963,60.81200000000047
1396,11.417999999999985,7.231999999999971,3.7160000000000584,49.424000000000035,118.65200000000078,56.356000000002616
1397,29.025333333333457,4.806000000000132,5.230666666666748,98.87466666666671,108.96799999999945,19.641333333331822
1398,31.43600000000004,3.849999999999782,4.777666666666787,119.04766666666652,115.77999999999854,12.861333333333114
1399,27.433999999999795,4.06,4.506333333333305,158.5406666666681,97.73200000000158,48.23999999999999
1400,15.318666666665269,5.066666666666716,5.530666666666712,126.9133333333356,86.06533333333412,72.20766666666582
1401,26.34666666666669,7.093333333333376,6.323000000000024,100.41466666666717,71.13333333333517,70.43600000000113
1402,24.819666666666716,4.539999999999946,19.328000000000184,100.7900000000003,64.96966666666663,59.675666666668576
1403,40.0423333333333,2.611999999999935,17.528000000000876,110.59066666666763,42.58133333333397,43.5840000000013
1404,38.29199999999933,11.391000000000108,7.964999999999828,83.57033333333402,26.469333333334543,53.36833333333354
1405,36.114666666666636,4.431999999999607,9.580000000000002,102.25333333333299,8.700000000000145,68.73600000000036
1406,27.468333333333533,17.450666666666642,8.096666666666971,108.86000000000149,25.970666666666222,94.28666666666689
1407,14.82133333333155,18.178666666666686,17.66833333333333,98.20666666666754,19.65999999999999,104.12233333333589
1408,14.39333333333332,19.8,18.849000000000093,60.202666666664925,18.135333333333342,74.13800000000042
1409,12.941333333333231,35.98799999999999,23.61599999999993,60.76499999999882,8.33599999999904,93.55799999999816
1410,14.501333333333314,41.197000000000614,15.86399999999965,55.669333333333924,22.8669999999997,91.96000000000001
1411,15.58,31.43633333333414,14.39933333333328,64.77100000000071,27.306666666666835,88.29999999999887
1412,18.60800000000001,25.851666666666684,12.565333333333767,94.06999999999987,61.62700000000167,36.40266666666335
1413,18.84333333333334,24.3843333333333,8.916000000000004,91.38466666666675,52.47400000000132,52.65199999999949
1414,26.60666666666679,35.660000000000004,9.369333333333318,101.30999999999905,42.94933333333415,74.77600000000068
1415,17.299999999999986,35.10599999999958,18.68633333333342,64.86099999999945,11.363333333334014,68.24000000000001
1416,44.41266666666675,25.467999999999485,12.870666666666057,43.50666666666648,22.370666666666676,67.81499999999998
1417,37.07299999999975,20.677999999998935,2.888000000000029,69.51933333333463,22.615000000000002,84.27833333333346
1418,42.56933333333222,35.74066666666671,27.912000000000006,48.810666666665526,40.73466666666661,88.39199999999923
1419,41.772000000000155,30.076000000000615,25.981999999999978,56.10400000000001,51.760000000000005,80.7866666666656
1420,53.83466666666656,19.665333333332818,27.539333333333467,75.76800000000031,48.33333333333336,69.03999999999908
1421,39.95066666666774,7.412000000000882,22.332666666666643,95.71733333333293,45.080000000000005,69.76799999999977
1422,23.16566666666433,31.670666666666694,21.002000000000113,57.632666666667255,37.3299999999986,47.72100000000137
1423,37.21833333333316,29.541666666666465,8.529333333332646,91.37699999999955,40.10000000000029,52.58733333333309
1424,34.83533333333355,31.157333333333334,9.975999999999605,100.84633333333313,44.478999999999445,41.028000000001086
1425,29.065999999999658,38.546000000000326,13.69333333333434,102.76733333333436,73.51199999999997,31.046666666668827
1426,31.64133333333367,23.274666666666675,6.772666666666627,94.65866666666784,77.37066666666732,52.29333333333344
1427,14.938666666666904,23.760999999999548,5.724666666666467,96.6159999999995,68.66733333333315,87.53833333333328
1428,9.249333333333254,40.835999999999984,3.0600000000000365,113.28800000000018,58.16000000000069,107.3806666666655
1429,11.462666666666774,22.837333333333284,4.5590000000008,79.55366666666525,54.89000000000005,78.3706666666671
1430,13.525333333333403,5.184000000000151,1.1840000000000326,83.51333333333316,61.98799999999901,61.49466666666616
1431,16.203333333333234,7.949999999999955,0.88,96.96533333333366,67.05599999999897,68.34
1432,9.029666666665845,8.610666666666676,2.2773333333332992,83.80666666666559,91.21333333333372,64.01866666666865
1433,9.040666666666676,7.345000000000027,3.8253333333331967,142.9423333333348,94.36,63.26800000000244
1434,14.526666666666692,5.1063333333335414,4.51866666666665,125.96133333333273,88.68266666666554,49.91466666666662
1435,15.780666666666693,4.802666666666646,3.68,133.62333333333342,38.173333333336494,48.06800000000005
1436,15.98,3.030666666666566,12.166666666666679,133.23999999999958,47.2,79.36666666666653
1437,17.661666666666694,9.38000000000002,13.541333333333434,71.96733333333603,64.8386666666667,84.3336666666671
1438,21.825333333333322,9.96666666666657,28.595999999999968,56.693333333333875,55.66,45.15200000000179
1439,23.34633333333351,7.3179999999997465,31.589333333333325,26.162666666664336,94.70166666666672,42.56
1440,14.456333333333564,4.354333333333112,48.67866666666701,31.57333333333438,103.38800000000042,42.12266666666732
1441,26.602000000000025,9.64,49.41633333333364,45.569999999999865,117.79333333333354,29.991666666667943
1442,39.24200000000013,10.069999999999913,41.46499999999986,72.34666666666675,92.43866666666543,43.93733333333352
1443,32.68533333333184,7.940000000000128,44.32066666666646,118.14666666666649,99.966666666665,42.28166666666665
1444,19.779333333333327,12.357000000000168,40.32133333333335,140.88399999999908,85.81133333333113,66.74666666666585
1445,38.408000000000044,22.42400000000155,39.592000000000006,141.8033333333321,80.63499999999888,85.81866666666896
1446,41.43666666666651,12.703333333333468,27.63766666666691,157.2080000000011,56.85466666666467,57.89333333333362
1447,32.99733333333217,8.092999999999847,16.706000000000117,133.40533333333187,37.17600000000066,23.76800000000116
1448,28.92766666666654,7.043333333333399,13.692000000000744,122.92266666666973,22.041333333332513,12.62
1449,15.610999999997837,13.531999999999972,26.18633333333316,126.9293333333334,58.64,25.42
1450,23.978666666666648,13.993000000000189,49.31900000000013,99.2083333333362,56.328000000000245,41.182666666666705
1451,22.6426666666666,15.515000000000114,44.82666666666845,85.01999999999948,69.25600000000122,36.52666666666788
1452,40.79033333333318,19.919999999999934,18.6,113.46033333333186,42.20666666666667,28.046000000000337
1453,42.84533333333349,18.925333333333185,14.649333333334635,91.85599999999862,52.22666666666689,30.141000000000396
1454,36.51299999999964,17.144666666666687,4.178666666666759,86.69066666666828,80.23600000000037,42.23466666666776
1455,30.417999999999065,34.99533333333295,3.1813333333331046,78.27566666666675,72.76200000000023,23.37999999999947
1456,26.911666666666687,30.11366666666649,4.76,106.1016666666677,64.82000000000002,34.20000000000007
1457,17.07466666666631,28.735333333333482,22.516666666666598,126.37733333333485,89.34666666666693,24.759333333334016
1458,25.474999999999966,53.056000000001234,27.06133333333335,112.38199999999868,81.82733333333246,32.480000000000004
1459,26.943666666666587,42.45199999999934,28.0,87.01866666666467,63.66000000000057,22.961333333332696
1460,38.47833333333348,34.07466666666869,27.508666666666713,71.14133333333317,50.750666666667065,29.619999999998544
1461,36.91199999999997,24.609999999999957,37.28833333333209,42.88033333333443,68.575,28.02
1462,43.99266666666656,20.02533333333338,22.766666666666826,18.37600000000025,67.54133333333183,78.81933333333225
1463,59.439000000002025,11.332666666666755,20.596000000001276,36.17400000000008,49.36333333333318,66.29599999999917
1464,34.106666666668445,32.61533333333345,11.831333333333351,70.4849999999999,50.34166666666665,40.04666666666702
1465,24.02499999999992,18.890333333333153,8.369999999999818,54.87500000000114,66.0046666666677,57.873333333333534
1466,27.427333333333333,34.34333333333329,19.650666666666257,72.12666666666598,74.92533333333168,42.622666666666824
1467,39.9573333333333,30.97866666666689,14.26400000000045,131.95666666666503,66.14666666666788,47.95600000000019
1468,57.48099999999985,45.00200000000004,10.085000000000027,170.00400000000192,99.9240000000003,39.87733333333276
1469,35.22999999999733,23.89466666666609,7.010666666666729,152.73200000000085,101.07600000000097,53.80933333333367
1470,32.48933333333329,22.07700000000029,2.096666666666506,127.35399999999831,118.66466666666702,53.307333333334455
1471,33.75800000000006,22.834000000000003,5.4,92.61633333333498,100.48999999999863,59.25999999999857
1472,20.907333333333554,9.477000000000086,6.301333333333278,102.4126666666663,118.69400000000167,70.9599999999997
1473,22.538666666666415,13.300000000000002,6.983333333333268,75.23099999999872,125.57999999999687,66.13599999999917
1474,28.99199999999997,14.054666666666655,6.5733333333332675,91.37366666666625,95.38000000000157,95.42933333333329
1475,24.973333333333294,11.02066666666694,7.200000000000001,120.4426666666654,85.75866666666869,74.52166666666768
1476,24.47000000000017,12.896000000000043,25.279999999999752,118.30733333333384,65.10666666666683,58.006666666668785
1477,29.999999999999986,30.094666666666654,26.173999999999957,127.56999999999998,70.71599999999991,26.336999999998476
1478,29.56799999999992,30.152000000000026,22.377000000000265,102.86399999999928,73.93766666666808,31.976666666666638
1479,32.243333333334405,27.589333333332867,22.221333333334552,106.24166666666537,88.24266666666708,25.4159999999997
1480,21.569333333333283,47.72933333333336,8.500000000000036,80.27933333333257,67.05333333333644,28.60133333333281
1481,37.58799999999993,43.54100000000001,21.64333333333338,94.19733333333339,28.291333333332204,56.54666666666664
1482,28.86933333333311,24.623000000000243,24.797666666666863,92.63299999999825,19.123333333333576,103.4
1483,37.78733333333322,15.6000000000012,17.39500000000023,123.80400000000046,18.470999999999368,93.3599999999995
1484,25.23466666666849,8.749333333333343,15.41899999999999,136.72833333333259,24.66499999999995,88.61766666666804
1485,20.193666666667106,7.386666666666734,20.00500000000018,147.22100000000015,29.386666666667022,41.866666666668955
1486,20.710666666666675,5.966000000000067,47.13266666666656,122.28133333333494,37.260000000000005,41.43600000000049
1487,16.605999999999668,9.102666666666643,46.189333333333614,109.7053333333342,54.62466666666659,59.92
1488,18.317333333333252,9.852000000000007,34.83333333333265,128.46399999999713,36.147999999999975,76.26800000000182
1489,12.212000000000044,11.290333333333376,27.91199999999999,162.38399999999896,49.239999999999995,73.51866666666686
1490,19.40800000000003,24.99266666666683,21.361333333333917,137.05733333333544,73.30666666666505,61.606666666665426
1491,18.42600000000004,24.615999999999985,9.941333333333333,93.81466666666488,65.46800000000036,45.73233333333232
1492,19.49599999999991,15.248999999999478,32.745333333333534,171.0340000000014,32.1920000000007,50.018333333333146
1493,16.107999999999667,11.278666666666687,34.09433333333328,159.23099999999943,47.60799999999999,73.07533333333315
1494,14.024999999999844,11.208000000000045,21.11366666666543,131.00133333333062,48.31333333333299,64.69333333333391
1495,16.21333333333332,11.74166666666656,12.869333333333655,118.84133333333122,34.55066666666815,82.15333333333409
1496,21.065333333333047,8.648333333333207,14.860666666667784,106.45466666666633,89.41599999999944,73.95166666666555
1497,16.94066666666658,26.427999999998395,6.996666666666816,137.2356666666682,111.63900000000328,60.949333333332206
1498,13.557333333333318,22.451333333333242,4.122666666666778,156.09599999999966,95.76266666666547,79.5
1499,15.10266666666671,11.32799999999852,32.66800000000003,126.10799999999979,64.02933333333375,48.57199999999939
1500,11.596000000000169,8.228000000000153,32.22,115.04533333333424,83.7,27.457333333332027
1501,8.497333333333337,5.773333333333358,38.590666666667914,74.54066666666884,66.81299999999884,32.67600000000097
1502,8.581333333333351,6.67666666666642,15.227333333331972,50.319999999999965,73.95666666666654,69.83999999999986
1503,8.07899999999976,9.9,23.759999999999998,84.85499999999853,76.82433333333245,46.51199999999807
1504,4.2573333333333725,25.08299999999997,22.472666666666484,93.08666666666753,66.87566666666612,57.93199999999957
1505,15.016000000000545,40.29400000000004,9.786666666664768,88.8593333333332,67.55266666666681,65.47333333333343
1506,7.035999999999858,35.96533333333328,17.68,98.78333333333315,32.82800000000232,76.97999999999999
1507,31.555999999999983,34.60000000000015,17.53800000000005,129.6683333333354,19.79233333333262,76.82799999999996
1508,30.85966666666691,32.17200000000133,18.254666666666672,147.4376666666649,33.21733333333268,90.38799999999961
1509,30.18866666666668,29.24766666666588,19.59199999999997,159.54933333333292,40.74399999999989,50.65400000000347
1510,27.59733333333324,26.62,10.335999999999768,182.258666666668,28.546666666667193,48.977333333333334
1511,25.729333333333397,34.19033333333379,7.9853333333334025,203.99399999999972,81.26100000000216,67.33200000000089
1512,22.416000000000896,35.52200000000009,6.261666666666848,160.37733333333526,100.73199999999939,95.94933333333286
1513,21.061333333333444,34.144000000000005,4.830000000000064,122.36799999999967,61.64566666666686,100.58266666666651
1514,21.323999999999963,24.391666666666904,7.14,136.0453333333328,55.14199999999888,81.31333333333467
1515,21.58533333333333,25.288333333332794,6.2299999999999045,116.64966666666818,66.4933333333331,87.71333333333189
1516,23.31900000000006,19.477333333333505,5.57866666666665,96.92266666666957,46.384333333332705,94.47333333333567
1517,25.746666666667224,19.96,21.975333333333445,71.82099999999974,59.97466666666551,76.74066666666825
1518,22.89133333333346,28.44666666666719,33.07333333333192,67.86933333333224,38.9199999999984,47.36666666666607
1519,26.125333333333582,20.814666666666724,24.787666666666517,63.184999999999384,66.92933333333231,92.03333333333337
1520,9.391999999999989,19.31600000000009,45.41533333333342,64.22000000000067,41.0986666666666,79.29866666666605
1521,9.3993333333333,8.066666666666515,40.13733333333204,59.935999999998785,26.698333333333462,82.34333333333332
1522,12.636000000000104,7.598000000000029,9.890333333333189,85.64700000000104,70.12666666666652,100.64666666666511
1523,11.298666666666897,5.8,10.806666666666754,78.28533333333361,75.14666666666656,95.26666666666763
1524,9.455666666666351,6.771333333333269,18.872666666666348,72.97600000000078,62.48633333333424,108.02800000000094
1525,6.307333333333272,9.771999999999935,18.21066666666644,81.20533333333307,13.69866666666693,75.25533333333429
1526,6.493999999999387,28.668000000000028,20.979999999999997,101.35333333333483,8.1,71.04400000000177
1527,22.315666666666612,20.859333333333623,33.29999999999995,98.03600000000021,20.538666666668433,39.53866666666647
1528,7.388000000000861,11.909666666666702,33.411666666666726,148.52400000000003,44.198666666668345,82.77466666666707
1529,4.62,12.229333333333308,31.123000000000822,140.84766666666957,42.75000000000017,63.50799999999994
1530,6.718999999999983,14.593333333333284,24.547999999999604,141.3893333333327,55.861666666666686,61.82000000000001
1531,21.189333333333323,10.098999999999656,22.22933333333371,139.25466666666563,70.73200000000135,66.05066666666819
1532,23.37699999999989,12.146666666666734,19.53566666666667,141.08733333333413,126.70666666666602,40.505333333333
1533,22.073333333333302,10.15699999999983,17.639999999999855,124.41099999999766,115.89999999999941,42.31500000000001
1534,21.454666666667435,10.116000000000023,25.06499999999999,69.474999999999,109.00133333333227,40.70800000000017
1535,10.385333333333293,9.418666666666669,18.826333333333285,69.4573333333333,82.34800000000156,18.07299999999994
1536,6.877999999999735,7.765333333333276,16.862666666666705,85.35466666666485,80.03933333333313,54.63333333333314
1537,20.87066666666671,8.163999999999975,40.18433333333266,92.87333333333162,107.7906666666666,58.72899999999909
1538,21.368666666666545,17.72133333333337,22.01066666666602,76.0423333333338,56.78933333333039,74.53866666666474
1539,22.705000000000158,16.388333333333307,25.642666666666646,96.81999999999994,44.48799999999991,53.43066666666798
1540,21.97433333333321,29.141333333333204,26.019333333333314,120.32533333333414,50.43466666666536,57.0066666666669
1541,41.52799999999995,40.43866666666589,22.379999999998574,139.46133333333304,80.77599999999856,77.91133333333379
1542,32.34200000000085,57.532666666665506,6.223999999999997,117.66933333333348,73.61333333333347,56.86800000000112
1543,33.45333333333329,50.30266666666669,14.045666666666866,115.69466666666432,48.72933333333462,70.53866666666666
1544,34.54333333333342,55.627999999999986,10.506999999999042,146.864666666668,53.62166666666658,65.0213333333324
1545,18.918999999999546,55.65533333333323,4.093333333333286,94.81599999999804,47.77333333333307,69.98400000000154
1546,18.833999999999975,50.54766666666674,4.173333333333321,153.67799999999914,82.73400000000115,104.75666666666663
1547,16.100999999999843,15.369666666666637,6.8573333333333,157.66533333333152,64.37200000000075,103.50066666666736
1548,17.839666666666886,8.936000000000154,9.784333333333361,144.14999999999998,46.25266666666485,75.36533333333435
1549,17.36133333333335,9.213333333333141,11.054666666666673,152.14566666666752,21.413999999999014,76.37866666666676
1550,14.221333333333613,6.842999999999917,11.999999999999783,131.7906666666658,28.573333333333785,87.90666666666708
1551,21.62333333333324,4.738666666666669,13.003999999999927,110.32166666666855,34.13133333333313,95.26933333333355
1552,21.881333333333277,4.969333333333344,12.64,76.15333333333196,58.98066666666643,71.59666666666699
1553,20.356000000000495,3.9593333333331886,11.714666666666533,64.42800000000015,70.41999999999913,58.34933333333224
1554,11.754666666666308,7.95866666666665,8.94333333333351,49.49599999999954,55.844000000000484,77.8899999999999
1555,7.27600000000024,20.863000000000042,9.60566666666653,78.82499999999986,79.79200000000058,81.69833333333396
1556,7.450666666666695,38.0066666666671,10.497333333332664,140.909333333333,57.31333333333225,90.9410000000001
1557,10.95666666666679,52.050666666666594,11.13333333333334,150.14700000000047,83.61200000000031,67.33033333333167
1558,13.807000000000578,43.52733333333336,6.667999999999957,131.12399999999985,94.26000000000005,86.95433333333256
1559,10.822000000000198,33.739999999999455,32.282666666666735,87.74233333333031,97.14666666666648,111.41999999999987
1560,10.182666666666702,32.28666666666697,49.56933333333329,96.71200000000121,108.27533333333425,111.3799999999962
1561,10.355333333333366,28.616000000000277,58.638666666665195,135.5456666666698,97.61733333333088,88.97066666666731
1562,8.102000000000068,35.2959999999996,49.01066666666666,138.45733333333396,98.10666666666725,85.11666666666699
1563,6.328333333333372,50.46900000000088,48.50466666666596,121.85533333333221,86.65866666666571,69.10133333333462
1564,11.496000000000103,36.66633333333358,43.241333333333316,116.36066666666912,110.76666666666691,35.22666666666849
1565,19.136333333333212,47.06266666666676,35.23733333333153,54.39599999999933,108.22333333333322,20.724000000000228
1566,29.366666666666667,52.335000000000115,13.085333333332054,41.86,83.8213333333335,31.350666666664928
1567,36.86,45.55733333333119,6.2573333333333725,49.25166666666654,69.19399999999914,39.16233333333446
1568,55.80333333333323,29.415666666666617,10.98,52.50000000000001,58.98266666666679,60.036666666666804
1569,51.69000000000041,20.331333333333035,13.352666666666119,75.06600000000005,66.03599999999926,60.946666666666935
1570,42.558666666668714,5.600000000000144,36.89999999999989,72.6066666666673,52.054666666666385,67.07333333333354
1571,8.208000000000716,8.405333333333388,42.93700000000002,72.16899999999912,32.16333333333476,60.717999999998895
1572,21.156666666666048,12.357999999999965,43.485666666667015,53.464000000000006,42.379999999999924,42.71733333333177
1573,23.776666666666742,16.390333333333405,40.98999999999999,89.71133333333323,54.526666666666955,31.57866666666792
1574,23.817333333333355,12.362666666666666,62.73333333333424,144.98699999999945,128.85666666666665,21.744000000000796
1575,21.25866666666729,16.814000000000007,63.22133333333319,128.84133333333475,107.47999999999789,19.926666666666932
1576,18.069333333333304,18.288999999999877,33.929333333331996,106.69366666666588,121.64,47.82900000000008
1577,9.579999999999732,14.811333333333506,17.508000000000067,90.22233333333247,93.55499999999961,66.84666666666637
1578,12.926666666666682,12.931333333333319,28.43866666666667,90.1376666666663,81.77466666666794,105.02
1579,11.431333333333189,7.448999999999811,44.77800000000002,96.56833333333523,75.52666666666781,91.80266666666536
1580,8.653000000000194,39.55033333333314,35.25333333333336,73.33200000000116,47.43866666666581,89.51833333333322
1581,5.748000000000047,39.01866666666505,45.08,73.12133333333293,35.33200000000113,101.05333333333394
1582,7.151333333333477,7.405333333333038,61.992000000001156,68.41600000000018,62.07333333333197,109.03500000000109
1583,8.775666666666503,4.200333333333237,44.106666666667024,58.82000000000105,69.41066666666626,111.57333333333307
1584,6.166666666666607,8.852000000000007,54.32266666666623,84.38033333333578,66.26000000000008,87.92233333333449
1585,5.249333333333425,9.935999999999922,38.615666666664964,86.42266666666603,42.038666666667304,104.85666666666705
1586,5.346666666666742,23.55466666666671,37.892000000000024,103.4560000000003,44.25466666666652,119.65599999999935
1587,7.477333333333264,33.398333333333234,34.59233333333388,83.09866666666728,54.53999999999894,114.2999999999983
1588,6.840000000000037,52.84399999999985,13.283333333332042,68.15166666666694,44.23666666666705,99.24933333333279
1589,6.997333333333337,47.639333333333255,9.785333333333298,62.7413333333339,44.82,93.92266666666717
1590,7.921000000000062,28.507666666667816,13.07933333333352,95.30133333333282,62.654666666667666,62.32000000000011
1591,18.196000000000026,11.84533333333343,27.094999999999906,111.7636666666661,47.64633333333418,42.10399999999927
1592,18.420000000000073,12.801333333333316,43.39833333333344,138.1493333333342,58.34933333333335,44.75999999999894
1593,20.067000000000114,12.619999999999834,43.906666666666695,128.2706666666654,90.98500000000003,85.69333333333321
1594,33.08900000000006,18.193999999999903,39.375999999999735,151.66400000000226,78.23866666666646,144.9036666666643
1595,64.49466666666663,18.429333333333386,16.400000000000492,146.13199999999765,58.34800000000061,146.13999999999817
1596,71.5116666666679,13.29166666666669,6.7939999999997704,174.28800000000055,51.34666666666886,149.43999999999824
1597,60.52166666666498,13.95000000000001,13.716666666666775,192.53133333333594,62.749666666667856,122.40133333333287
1598,51.70199999999994,12.942666666666701,32.8013333333333,197.53866666666772,66.98,76.797666666663
1599,45.56000000000107,31.264666666665804,28.353333333333246,190.29866666666618,93.53999999999951,119.65866666666739
1600,41.0040000000002,27.2409999999997,25.761999999999993,168.56433333333243,79.0366666666657,127.1359999999998
1601,35.63733333333353,31.12666666666687,25.96866666666675,153.48833333333454,50.038333333334315,116.64800000000022
1602,37.11999999999997,18.386666666666486,25.93599999999995,106.9696666666696,54.93266666666745,113.79733333333309
1603,37.44533333333326,9.400000000000054,21.2599999999998,67.04233333333258,53.46000000000197,69.88266666666655
1604,17.898666666667907,10.089999999999877,20.906333333333475,48.535999999998864,80.34666666666664,43.61333333333212
1605,13.816000000000031,12.054666666666446,12.590333333332818,75.11333333333278,82.97599999999805,53.59333333333145
1606,15.446000000000017,10.777333333333205,8.137333333333274,85.38766666666778,66.08799999999833,62.2
1607,14.947999999999702,14.186666666666778,7.797333333333263,96.32366666666685,42.362666666667046,67.4
1608,12.231666666666587,22.46999999999997,5.207333333333327,156.8146666666659,29.986666666667716,67.06933333333365
1609,10.087333333333273,21.75033333333328,21.154000000000398,165.20033333333413,12.538666666666943,95.09699999999717
1610,9.748000000000047,21.867999999999935,24.209333333333166,123.55666666666677,59.00400000000001,107.11000000000001
1611,17.85833333333337,36.31999999999982,23.940666666666974,106.94266666666876,60.206666666666635,121.45600000000019
1612,16.24066666666677,46.897333333332625,40.86400000000003,55.26666666666594,39.45166666666767,130.52800000000224
1613,27.18233333333293,15.39933333333341,37.82099999999822,53.51466666666697,54.940000000000005,115.8986666666666
1614,37.53599999999995,6.922666666666855,19.919999999999916,77.74000000000004,54.940000000000005,108.55266666666597
1615,38.58666666666662,13.253333333333327,6.129333333334817,93.42000000000158,70.56933333333116,101.30333333333009
1616,30.316333333332103,12.283999999999978,4.213333333333358,99.56,58.87100000000049,96.87866666667058
1617,31.593333333332794,7.499999999999773,12.703333333334776,102.61166666666568,69.48833333333351,98.90199999999761
1618,25.61133333333315,7.58,24.258666666666652,63.778666666667455,94.98,104.08333333333323
1619,28.75366666666673,26.106999999999907,26.5760000000001,98.05866666666446,77.83999999999946,97.70833333333425
1620,30.305,24.383999999999993,25.044666666666785,79.3873333333332,73.63499999999999,88.13533333332927
1621,23.998666666666168,15.908000000000065,23.813333333333276,76.53866666666616,60.932666666664,56.31466666666809
1622,16.593333333333298,5.91900000000006,25.215999999999987,88.20933333333366,41.269999999999435,81.77733333333414
1623,15.687333333333504,4.642666666666664,25.7866666666665,76.94133333333399,36.27333333333168,87.67999999999984
1624,9.350000000000325,5.803333333333203,9.347666666666859,91.8879999999969,16.40999999999989,113.23266666666494
1625,18.872999999999863,5.095000000000082,13.23999999999991,86.472,19.36,96.19766666666659
1626,17.560000000000038,24.99866666666667,16.33466666666659,81.15433333333462,39.229999999999876,75.7599999999994
1627,16.426666666666826,34.19866666666671,12.93366666666664,63.47666666666639,36.78133333333349,72.5236666666651
1628,13.5723333333325,33.72933333333316,6.673333333333339,100.40700000000012,86.58566666666732,72.05200000000012
1629,5.895999999999986,32.34133333333319,19.48133333333356,137.03066666666695,85.58666666666737,98.41866666666922
1630,8.064333333333202,32.244000000000014,23.004000000000016,134.62266666666739,88.92999999999998,127.3853333333304
1631,39.3540000000003,25.92333333333373,14.778666666666215,165.63333333333262,85.74433333333307,89.62933333333217
1632,35.40133333333377,6.652333333333131,11.684000000000163,188.7033333333325,51.53199999999887,115.42066666666543
1633,28.15733333333477,21.05333333333336,13.178666666666688,151.8446666666664,40.53866666666392,78.95666666666666
1634,15.754666666666672,25.64933333333328,25.938666666666577,146.28066666666575,50.485000000000014,105.71466666666588
1635,57.48800000000025,17.484000000001778,23.501666666666676,198.61466666666544,65.17999999999999,88.27466666666783
1636,57.413333333333554,21.658666666666825,20.140666666666593,129.6586666666687,50.21999999999877,72.73466666666707
1637,63.47333333333452,22.704999999999956,13.327999999999957,101.67100000000119,61.97333333333444,53.02
1638,45.64466666666601,22.529333333333845,17.12,72.445,49.58,64.89466666666638
1639,42.266000000001725,8.940000000000037,17.34866666666706,132.96500000000088,43.28000000000054,86.30666666666613
1640,33.712666666665484,26.88199999999994,8.251666666666903,100.059999999998,56.900000000000105,80.95066666666642
1641,25.24533333333351,32.44333333333347,6.716666666666716,90.29600000000107,114.79866666666749,81.80533333333295
1642,44.10400000000007,31.182666666666957,5.725333333333348,85.95299999999997,112.65466666666599,65.64433333333295
1643,36.90733333333307,24.139999999999965,6.895333333333415,53.01466666666559,100.0543333333335,50.61333333333452
1644,65.2216666666667,52.62199999999977,7.673333333333394,31.385333333333456,102.14533333333176,57.29600000000031
1645,60.449333333332106,32.50666666666552,7.746666666666696,66.25833333333283,146.32133333333192,39.6866666666665
1646,38.13799999999942,29.117000000000733,7.350666666666694,129.63733333333283,143.81333333333507,47.82333333333348
1647,31.08133333333313,16.662333333335074,7.290666666666698,127.76666666666623,103.64933333333238,93.32466666666664
1648,28.019333333331723,8.723333333332025,6.901333333333369,105.46900000000048,103.63733333333406,74.50799999999843
1649,8.102666666666591,4.798666666666668,8.070333333333302,121.43600000000045,60.110000000000376,66.48000000000077
1650,7.450666666666612,7.777666666666642,11.336666666666705,99.41166666666805,92.25599999999962,57.600000000000115
1651,25.5950000000001,13.126666666666008,8.449999999999937,120.45266666666855,66.36066666666497,51.06799999999931
1652,23.94300000000011,6.7353333333331795,8.377000000000313,126.06033333333446,71.42599999999857,47.48800000000158
1653,21.455000000000112,5.053333333333358,6.866999999999825,113.36599999999946,50.777000000000214,36.953333333332196
1654,39.32899999999992,3.4466666666665335,25.919999999999998,65.66799999999935,56.78833333333338,59.19366666666522
1655,43.13066666666666,6.623999999999997,54.9400000000001,72.46533333333244,77.05866666666574,82.89000000000013
1656,37.70133333333355,7.52666666666668,41.196000000000836,88.07333333333338,97.19199999999947,94.33000000000004
1657,26.722666666666555,25.22266666666659,5.819333333333111,77.97333333333275,106.8640000000026,144.07200000000037
1658,26.212333333333376,25.411666666666683,3.060000000000091,90.58399999999963,97.31000000000121,148.22466666666597
1659,13.961333333334478,28.000000000000128,13.147999999999929,100.59833333333229,120.92200000000032,146.93799999999885
1660,5.435000000000027,41.39466666666789,23.687999999998702,119.83866666666803,123.01733333333532,145.00066666666777
1661,8.183999999999942,30.481000000000115,27.835999999999984,95.18533333333198,95.01666666666661,68.72000000000003
1662,14.04666666666528,37.21066666666671,29.21599999999997,88.46100000000274,78.54666666666674,23.62399999999885
1663,8.241333333333278,38.840333333333334,41.71466666666664,43.0923333333331,85.72933333333346,50.36000000000021
1664,9.616666666666472,37.41566666666651,34.484666666665454,111.51600000000239,69.37866666666723,52.99966666666859
1665,7.856666666666724,32.871666666666385,12.605666666666366,125.80166666666669,59.953333333333354,29.259999999999945
1666,4.436999999999971,22.089333333332593,8.585333333333455,121.53499999999924,69.80166666666787,44.42266666666617
1667,5.973333333333303,29.89133333333349,6.023333333333367,124.05200000000045,65.63600000000079,79.18
1668,13.936000000000025,30.606666666666463,4.11866666666675,104.93000000000009,60.76599999999836,76.40266666666662
1669,30.18533333333447,28.713999999999853,2.6963333333331367,108.18500000000233,48.21333333333423,93.21333333333645
1670,12.590666666666696,23.51166666666851,2.732000000000026,76.13766666666909,74.71333333333293,68.29866666666716
1671,22.94566666666671,10.485999999999763,5.082666666666838,90.19600000000104,51.91399999999973,65.91000000000098
1672,21.606666666666847,11.486000000000399,30.95599999999999,97.11199999999974,36.51766666666767,42.77066666666411
1673,25.739999999999966,24.003999999999905,39.54933333333333,115.86166666666557,41.91333333333326,39.93000000000005
1674,24.464333333332924,25.336000000000062,32.98800000000048,111.54933333333182,41.358666666666196,69.0746666666666
1675,24.07400000000009,23.636666666666642,22.30133333333339,121.33999999999952,34.76666666666594,67.7
1676,27.310999999999897,36.8163333333333,19.660000000000522,131.47733333333417,26.560000000000002,84.9453333333323
1677,23.8680000000012,22.020666666668966,23.368666666666584,129.35666666666657,31.152000000000264,81.29133333333341
1678,14.61199999999992,9.9173333333333,22.025000000000034,137.6400000000011,51.71733333333474,85.18866666666678
1679,12.814000000000053,14.637333333333375,20.440000000000097,80.66100000000037,70.02933333333252,64.76400000000126
1680,11.632666666666594,14.96100000000001,23.226666666666716,75.93966666666671,78.22266666666577,41.00133333333284
1681,9.621000000000345,10.804000000000192,16.86766666666616,97.15999999999995,62.324000000000595,66.0100000000001
1682,10.798666666666758,7.169999999999828,9.91066666666664,105.50799999999863,74.28000000000007,88.17599999999906
1683,21.49600000000014,12.39500000000016,8.649666666666404,144.3860000000012,79.38533333333334,64.60400000000111
1684,22.8626666666661,33.95266666666677,24.575999999999986,144.3920000000004,102.59733333333418,47.330666666666076
1685,19.533666666666768,21.699999999998546,39.96933333333169,89.14799999999947,123.61066666666767,53.2186666666656
1686,18.30766666666667,16.795333333333303,22.49866666666636,60.24199999999905,99.47533333333344,59.23466666666515
1687,20.467000000000116,18.002000000000102,19.678666666666807,109.4920000000043,58.38000000000088,52.079333333333096
1688,16.13933333333321,15.834666666666713,16.210666666666423,107.91466666666688,96.14266666666606,65.2929999999989
1689,13.901333333333406,19.47533333333332,16.78533333333333,85.82533333333464,98.37400000000005,69.65333333333274
1690,16.251999999999818,22.997333333333273,30.992000000000463,68.1426666666679,90.66933333333444,103.30666666666745
1691,33.3666666666666,17.965666666667264,56.35133333333415,124.83599999999839,80.72933333333313,79.35333333333358
1692,20.775333333334807,29.74433333333321,45.60933333333333,142.14433333333338,89.1996666666664,115.29733333333276
1693,11.046666666666525,35.05933333333352,39.27599999999817,118.09199999999993,69.41333333333459,89.39333333333548
1694,21.962000000000053,33.4076666666667,29.42833333333349,110.46666666666422,84.21033333333276,42.49999999999968
1695,14.049666666667207,49.253666666666476,45.33266666666689,109.0799999999987,73.46266666666645,34.602666666666835
1696,19.13333333333325,46.74833333333328,10.697333333332054,106.22066666666797,92.64399999999998,31.9649999999999
1697,18.711333333333265,29.062666666666427,12.037333333333464,72.30899999999883,111.22733333333146,73.99999999999999
1698,17.66466666666644,27.111000000000086,6.965333333333328,75.53133333333312,123.13466666666659,68.59666666666604
1699,17.49533333333349,29.789000000000105,7.2846666666665225,76.16233333333417,110.90599999999829,75.09500000000003
1700,15.45766666666654,7.27666666666577,8.886666666666699,78.01833333333315,84.57199999999983,72.8903333333347
1701,10.448000000000162,22.567999999999994,5.513999999999714,79.99833333333247,73.25566666666893,84.75333333333337
1702,3.4883333333332804,25.42400000000002,16.8373333333333,83.28399999999974,75.34366666666688,73.51466666666751
1703,2.3340000000000285,23.943333333333296,31.826666666666625,82.98899999999992,50.8266666666657,61.377333333333226
1704,3.9453333333333287,39.10000000000002,32.981333333333296,61.63200000000062,43.04399999999943,56.85333333333338
1705,24.355999999999987,43.27199999999976,32.139999999999944,90.16299999999849,65.95733333333244,45.54433333333435
1706,32.99133333333418,31.920000000001366,14.18566666666582,104.58200000000173,66.42000000000003,28.224999999999937
1707,23.869333333331866,20.95866666666696,7.058666666666669,114.45666666666664,77.52999999999886,70.25066666666571
1708,12.401333333333334,14.312666666666546,6.0666666666666975,109.82366666666725,78.41733333333295,67.27666666666659
1709,26.474666666666945,11.275000000000437,13.449333333333342,117.43466666666704,72.60133333333339,85.70333333333275
1710,19.93400000000004,12.10566666666689,31.329333333334056,107.11833333333553,92.04799999999987,90.4679999999997
1711,19.49000000000003,10.430666666666395,26.776666666666724,84.42899999999949,119.37266666666844,51.18500000000262
1712,13.616000000000096,19.374666666666776,6.479999999999965,80.01466666666956,128.95600000000067,50.06933333333426
1713,10.497666666666678,21.01266666666676,7.057999999999979,143.5733333333322,115.18733333333176,45.559999999999505
1714,10.39466666666669,10.9266666666667,7.708000000000066,150.67966666666678,114.08833333333355,42.45366666666597
1715,39.99933333333443,14.4116666666668,5.066666666666787,157.7146666666655,95.96599999999832,34.7133333333333
1716,32.56266666666677,9.37999999999966,6.145000000000009,143.37799999999987,67.47066666666797,25.66
1717,33.18666666666678,34.17433333333334,8.389333333333289,138.82533333333268,74.39600000000213,25.240000000000002
1718,20.57766666666891,45.07566666666655,8.320999999999968,102.2966666666654,52.32266666666727,34.82800000000047
1719,28.769666666666602,30.28333333333305,16.045333333333403,106.39833333333276,52.37066666666677,25.47333333333325
1720,28.857000000000056,35.809999999999775,10.254000000000065,83.79600000000283,48.35733333333272,27.29099999999993
1721,25.379333333333605,31.40866666666683,6.1863333333335735,68.57133333333384,44.53999999999988,43.2533333333333
1722,18.16599999999974,13.035333333332504,15.206666666666674,70.56133333333402,105.82000000000052,57.04466666666637
1723,9.46133333333335,27.790666666666702,16.073333333333302,78.78166666666714,118.08799999999854,71.62866666666724
1724,10.8860000000001,34.509666666666746,17.469666666666825,79.2560000000005,88.73066666666472,75.06800000000068
1725,7.630666666666694,33.28466666666652,16.188333333333354,121.06133333333342,75.68666666666459,81.62033333333204
1726,19.469333333333363,25.6083333333316,10.325333333332201,111.28266666666691,70.22666666666748,67.81066666666653
1727,38.880000000000095,10.250666666666511,8.377666666666729,82.86666666666697,98.73333333333329,126.27399999999962
1728,46.890666666666746,14.069333333333397,14.271666666666396,102.62399999999916,102.01466666666718,117.17199999999812
1729,29.205333333332078,12.502999999999815,11.829333333333324,91.19466666666703,78.96533333333502,101.3013333333337
1730,15.890666666666618,11.969333333333399,18.619999999999997,111.32266666666347,83.61266666666889,88.06700000000002
1731,12.328666666666859,6.676666666666216,10.325333333332747,121.71199999999926,65.55766666666588,100.82266666666611
1732,8.686666666666543,14.019999999999964,44.60766666666643,107.53600000000253,52.07199999999881,107.75166666666713
1733,10.08,18.75399999999997,40.40933333333364,120.73266666667091,53.89333333333238,116.71599999999843
1734,8.1763333333332,18.810666666666663,39.95466666666664,111.71999999999856,52.55466666666742,103.3296666666682
1735,15.079999999999965,19.697666666666983,30.550666666667002,94.77466666666686,34.651999999999596,91.83033333333306
1736,13.310666666666112,19.245666666666718,8.171999999998516,81.6026666666695,34.07199999999919,134.04000000000153
1737,24.962666666666628,55.667999999998194,10.62666666666677,89.72333333333533,69.9,117.22966666666397
1738,25.103999999999864,33.062666666667106,17.466000000001088,116.42666666666639,64.78533333333293,80.71466666666912
1739,23.26266666666659,29.147000000000084,10.941999999999885,88.31400000000127,55.90533333333247,60.99166666666638
1740,25.01333333333356,15.179333333334835,15.331333333333369,64.20666666666679,110.94133333333286,48.3700000000015
1741,44.74599999999981,16.640000000000192,13.483999999999977,64.08266666666607,137.72800000000055,28.791999999999025
1742,37.32466666666724,17.60666666666672,4.6526666666666365,45.78400000000016,137.36200000000014,32.760000000000005
1743,29.19833333333341,15.875333333333428,4.3386666666666684,64.0420000000001,127.82333333333187,66.32333333333328
1744,30.627999999999993,14.249333333333302,8.524999999999945,64.74133333333266,85.68533333333663,76.64000000000186
1745,24.615666666667735,5.683999999999724,8.255999999999986,71.99999999999983,78.72,90.87133333333439
1746,11.08233333333352,6.067666666666556,10.295666666666694,65.78933333333435,87.18333333333231,109.16499999999972
1747,14.346000000000213,4.720000000000001,9.422666666666592,106.46000000000001,93.58266666666516,112.00133333333355
1748,15.39733333333339,18.526666666666717,27.080000000000055,111.95733333333298,59.65500000000161,96.05999999999838
1749,15.087000000000023,21.872666666666596,26.08133333333386,96.51500000000003,67.68266666666688,115.04399999999612
1750,11.880666666666272,20.021666666666754,22.893666666666736,79.68,98.75733333333235,91.028
1751,8.91866666666629,18.213333333333324,20.156000000001768,66.79266666666484,126.60300000000137,102.64066666666679
1752,39.07999999999983,39.26933333333334,5.699999999999999,50.227333333332496,92.56000000000047,88.10133333333397
1753,39.572000000000045,40.476666666666915,8.2346666666667,88.87866666666581,54.40133333333131,45.54966666666727
1754,40.79199999999999,34.09599999999893,5.733333333333531,72.79066666666891,78.6813333333327,27.40399999999936
1755,41.47000000000007,26.23733333333337,6.235000000000056,86.8093333333311,77.81466666666762,31.801666666666556
1756,34.4993333333354,25.19033333333328,7.895999999999949,83.55099999999968,75.75866666666663,89.82266666666706
1757,21.76733333333348,18.05533333333499,14.114666666666594,53.65200000000026,86.38666666666771,89.05466666666875
1758,39.513999999999996,4.816666666666643,36.104999999999976,67.05100000000081,83.05466666666429,102.2039999999998
1759,43.95333333333335,5.342333333333514,34.49333333333347,65.84533333333619,66.83433333333225,105.47933333333394
1760,44.57066666666688,6.144000000000033,27.04399999999938,42.52366666666824,72.34133333333378,76.96633333333251
1761,40.51966666666587,22.04866666666664,14.047666666666846,81.5999999999999,58.969999999999246,79.59999999999988
1762,28.72033333333338,21.13999999999998,7.570000000000765,68.48666666666665,64.68399999999974,41.13066666666717
1763,13.789333333335126,30.712000000000025,1.8746666666666716,129.43466666666762,61.82333333333398,73.06666666666803
1764,9.786666666666592,40.28,22.04,133.60133333333326,97.2789999999995,65.51066666666662
1765,4.514666666667072,43.385666666666836,15.990666666666913,110.3296666666661,100.28133333333373,61.98
1766,3.5306666666666393,15.498333333333472,6.848000000000002,109.6069999999988,102.55333333333387,64.04466666666822
1767,17.35066666666664,21.637999999999906,6.033333333333322,114.2996666666678,111.68000000000058,50.97466666666649
1768,16.400666666666684,23.01199999999993,5.854666666666671,130.5866666666644,100.80133333333478,85.9866666666662
1769,5.23533333333452,37.205333333333435,7.5290000000001145,87.88366666666549,70.14666666666635,88.3860000000002
1770,5.698666666666632,27.567999999998683,7.513333333333341,43.31666666666459,70.26966666666654,102.7020000000001
1771,15.940000000000001,36.23399999999933,8.660666666666806,37.43599999999919,63.641333333333165,145.97866666666914
1772,30.06800000000003,30.575333333333532,7.163999999999996,31.62800000000105,89.1859999999983,126.84933333333443
1773,37.95066666666691,28.028999999999993,8.17400000000015,13.965666666666626,59.33000000000019,93.32099999999815
1774,30.259999999999927,18.572000000001275,8.738666666666704,65.08733333333373,44.68800000000099,85.54
1775,52.97866666666657,6.5133333333330485,26.496000000000038,103.86133333333314,26.74666666666559,108.62266666666825
1776,56.294000000000416,26.38399999999998,40.18533333333329,96.5610000000029,71.16133333333259,88.38666666666599
1777,37.20466666666727,42.18533333333329,39.64399999999996,99.18933333333429,98.37200000000092,57.557333333333595
1778,24.762666666666366,36.17999999999899,29.2413333333337,115.27266666666549,120.76266666666625,48.02399999999929
1779,65.02799999999993,24.880000000000003,27.19600000000017,157.98233333333332,101.9359999999997,55.43733333333323
1780,61.31200000000096,26.325333333333184,16.050666666665798,147.0539999999976,108.36000000000166,58.74833333333316
1781,58.23066666666668,22.61766666666673,10.680000000000328,122.58266666666464,97.73699999999823,86.49866666666668
1782,55.705333333332455,25.13099999999986,16.78,133.78833333333284,80.33566666666452,131.3186666666662
1783,31.64933333333491,30.60666666666685,15.985333333333294,142.74133333333532,79.57600000000177,120.34466666666751
1784,13.788000000001299,11.197333333333026,16.271666666666647,145.30133333333316,74.40433333333178,94.92933333333158
1785,10.106666666666788,31.213333333333512,18.406333333332938,99.23500000000004,37.83766666666681,83.54000000000026
1786,16.644000000000016,43.76999999999995,35.1670000000002,90.14366666666669,38.99499999999986,81.78866666666792
1787,15.388666666666946,59.730333333333455,28.111000000000246,47.93066666666902,35.6329999999994,56.484333333332934
1788,28.14000000000054,48.94500000000118,7.440000000001165,44.19599999999875,55.631333333333785,37.348000000000866
1789,27.814999999999852,28.36533333333464,6.4666666666667325,104.6889999999995,59.013999999998816,23.180000000000064
1790,29.445666666666696,19.246000000000755,18.286333333333264,105.87999999999923,48.22833333333335,33.80066666666718
1791,33.74999999999991,8.154999999999934,19.914666666666854,106.13199999999958,48.708,23.30066666666643
1792,43.48133333333385,15.938999999999933,25.141000000000677,119.33999999999999,91.64033333333505,39.6
1793,38.52300000000183,13.23933333333338,19.446666666667042,127.74000000000309,97.58166666666692,75.71299999999914
1794,30.934666666666615,16.48933333333329,13.514666666666798,82.49066666666315,103.74966666666622,82.05066666666835
1795,12.006999999998508,17.990666666666613,12.798000000000023,87.57000000000001,79.8339999999989,64.79466666666532
1796,9.138333333333335,18.24000000000008,14.414666666666598,120.06466666666542,67.67533333333549,76.70500000000008
1797,9.199999999999982,35.201333333334006,6.473333333332512,120.87866666666653,41.56866666666724,92.16799999999952
1798,11.768333333333413,28.31466666666659,6.098666666666742,136.96800000000144,64.48566666666736,57.286666666668324
1799,33.82333333333332,26.08400000000009,8.463999999999942,114.44066666666649,70.14400000000082,32.91599999999697
1800,47.82000000000056,26.670666666666584,10.786666666666715,108.74699999999851,78.84400000000082,24.143333333333235
1801,24.36266666666867,23.765333333333675,13.472666666666482,108.2106666666674,63.98099999999772,48.39866666666654
1802,11.768000000000011,15.121333333333272,10.579666666666917,94.826666666665,64.5373333333337,82.82000000000001
1803,9.921333333333278,33.76366666666667,12.530666666666676,81.35599999999971,70.48999999999992,140.52000000000038
1804,9.984333333333293,32.54999999999988,12.406666666666661,44.04099999999832,65.33633333333304,133.10300000000097
1805,37.69833333333332,32.30133333333332,8.661333333333943,21.78,83.54,149.6323333333336
1806,33.49166666666861,24.053333333331995,4.56866666666669,37.24166666666635,56.212666666667616,136.33599999999882
1807,30.50300000000002,7.873999999999792,4.4766666666666195,90.68799999999874,59.61333333333323,136.1176666666679
1808,49.70399999999998,9.781333333333365,3.2500000000000546,70.19833333333402,42.59033333333313,132.74533333333224
1809,55.954666666665155,4.810666666666648,6.074666666666635,73.32800000000145,47.20666666666648,100.6259999999987
1810,31.177333333332506,2.7159999999999855,5.02,59.31000000000019,67.49333333333358,122.12266666666622
1811,30.612000000000066,2.8946666666666716,7.2640000000000144,111.11466666666544,63.16533333333282,136.00800000000078
1812,22.448000000000373,11.853000000000025,8.812333333333314,129.1279999999996,45.13733333333061,96.96399999999822
1813,35.306666666666764,28.184333333333214,13.215666666666673,189.6839999999991,74.5533333333334,86.5933333333316
1814,35.27866666666669,25.594666666664818,15.389666666666768,187.20533333333287,86.07199999999953,71.5566666666654
1815,34.365000000000094,14.388000000000066,11.128666666666565,137.75799999999825,56.50533333333057,58.65866666666776
1816,28.69066666666766,12.654000000000089,5.964333333333494,149.02533333333417,42.56833333333317,50.99266666666619
1817,26.179000000000094,11.055999999999642,4.669333333333271,141.49166666666622,47.97566666666669,74.98866666666765
1818,29.107000000000642,28.336000000000062,3.8113333333333053,130.11999999999918,50.17066666666595,77.83599999999937
1819,13.082666666666318,57.792666666665056,2.93866666666665,132.9173333333328,28.785333333332325,95.59600000000182
1820,7.654666666666898,40.7716666666677,4.012000000000026,160.57566666666523,72.84866666666692,74.33866666666728
1821,22.233333333333377,27.694333333333233,35.16,192.4430000000014,101.45566666666808,81.2716666666674
1822,28.437333333333374,26.67166666666654,37.091999999999985,169.85066666666413,79.67999999999999,138.272
1823,44.41900000000013,29.508666666667622,27.249333333332014,171.74000000000404,113.5486666666665,97.90733333333316
1824,54.33466666666652,14.267999999999976,39.32533333333433,127.32066666666354,93.79866666666727,101.03999999999999
1825,42.66666666666644,15.019333333333384,37.1373333333333,82.23266666666458,79.8783333333364,83.08799999999945
1826,30.521333333333352,10.919999999999819,35.71500000000004,70.9520000000004,45.147999999999726,72.48799999999945
1827,29.20933333333378,29.444333333333454,34.24933333333328,44.06399999999907,59.45333333333338,59.05066666666477
1828,23.687999999999974,27.653333333333304,21.44933333333252,53.15799999999965,70.42166666666765,45.13600000000149
1829,11.759333333333494,26.581333333333347,35.53400000000052,95.63999999999999,39.60666666666669,70.65999999999994
1830,8.57333333333315,24.63733333333336,25.379999999999722,104.78799999999961,39.10000000000007,87.03266666666615
1831,25.193333333333342,23.191999999999958,8.243666666667306,93.02033333333256,60.93200000000063,98.04400000000098
1832,76.80233333333352,22.938666666666485,3.7239999999999966,143.89333333333573,47.155333333332585,83.55433333333261
1833,63.63733333333561,25.91066666666555,5.460000000000001,117.03733333333791,52.88066666666797,95.8019999999978
1834,71.55333333333326,16.269333333333343,7.96699999999978,85.75266666666526,72.80000000000004,60.28266666666812
1835,72.0250000000005,11.64699999999947,8.870666666666622,78.54766666666663,96.14833333333334,58.85499999999992
1836,59.623333333333136,27.400000000000073,17.684333333333328,78.50999999999844,74.32499999999767,50.8183333333334
1837,57.52166666666514,28.05999999999984,15.139333333333418,63.41433333333491,49.52700000000012,78.89200000000066
1838,29.39966666666574,28.730000000000125,37.11999999999943,75.0803333333362,54.97599999999872,129.19866666666846
1839,28.279666666666962,28.030666666666658,24.21333333333325,69.81733333333335,46.24799999999956,135.54800000000063
1840,8.857333333332335,28.129333333333435,28.29166666666654,45.5343333333351,41.02666666666519,138.84000000000006
1841,10.611333333333393,18.021666666665073,29.93600000000006,68.63866666666634,54.32,147.48
1842,22.78166666666656,5.904666666666799,33.20200000000089,69.97833333333394,82.53866666666764,145.3960000000021
1843,23.08533333333335,6.254666666666666,27.762999999999824,66.2263333333355,55.22933333333545,91.77599999999997
1844,14.798666666666726,2.572000000000139,11.0799999999984,96.82633333333378,55.048666666666094,63.06533333333153
1845,11.209666666666704,4.333333333333358,7.563000000000016,167.98466666666772,78.49599999999995,64.90499999999996
1846,10.128666666667073,5.268666666666723,12.620000000000001,182.60333333333165,60.7013333333339,74.69199999999947
1847,22.267333333333298,2.7350000000002,12.563999999999982,156.97599999999937,86.28733333333335,76.624666666666
1848,35.371333333333155,1.44,10.263333333333225,96.27733333333248,84.79266666666626,88.16166666666766
1849,38.003333333333316,14.879999999999999,8.120000000000001,124.76133333333364,69.04666666666523,85.22266666666681
1850,54.443999999999996,31.901333333333334,9.273333333333248,89.20633333333326,73.92933333333225,73.71499999999838
1851,53.666000000000246,31.758666666666777,18.897333333333336,85.38266666666527,65.63999999999993,96.57566666666531
1852,33.22666666666792,34.20000000000004,28.171999999999116,54.9480000000004,65.26400000000191,120.30633333333354
1853,18.4673333333348,26.917000000000012,11.47466666666658,67.32133333333425,57.961333333331424,93.55566666666341
1854,12.379333333333326,19.189000000000135,32.31799999999994,66.89366666666687,39.58,79.01599999999969
1855,11.431999999999872,4.839333333333066,47.418000000000035,50.12099999999913,41.45999999999995,83.4173333333328
1856,35.52933333333334,6.46,24.559333333333107,42.82000000000008,38.78533333333405,120.14333333333207
1857,33.33466666666672,7.056000000000031,25.476333333333358,51.84566666666687,30.538666666667158,129.2426666666643
1858,39.55133333333349,6.833333333333304,11.409333333332638,68.67333333333244,32.451999999999536,100.367333333332
1859,33.852666666668284,7.474999999999991,23.734000000000094,74.11600000000014,37.6679999999993,118.88000000000001
1860,13.624666666666682,25.566666666666578,22.714666666666638,65.83333333333344,23.235000000000014,120.9853333333331
1861,13.247666666666596,8.639999999999683,24.599999999999966,88.62333333333349,22.803666666666494,102.36800000000036
1862,12.36733333333331,6.856666666666698,22.788333333333497,82.14766666666644,37.47599999999995,78.18499999999986
1863,13.79599999999995,4.955333333333456,23.858666666666707,68.94800000000015,59.912000000000155,79.31733333333254
1864,8.975999999999512,7.2373333333333,25.892000000000046,61.22933333333483,46.07600000000006,60.03833333333331
1865,2.483999999999951,9.880000000000155,9.944000000001589,55.71366666666784,36.13833333333211,81.32533333333548
1866,11.21866666666665,9.852000000000043,4.8396666666667905,88.78,34.42299999999921,44.99799999999949
1867,26.26133333333335,11.081333333333298,1.8633333333335167,96.06666666666491,66.82000000000005,35.86499999999988
1868,40.46100000000074,16.066333333333315,1.7626666666666826,86.40700000000149,103.9193333333345,66.48033333333316
1869,52.687999999999974,13.163999999999767,3.9000000000000368,111.39300000000048,103.7019999999983,85.61733333333419
1870,53.19066666666674,27.28333333333334,3.616000000000022,115.15266666666703,96.9713333333314,81.03366666666709
1871,43.10099999999879,25.858999999999945,3.4520000000000257,80.24899999999568,96.88266666666632,59.34233333333276
1872,31.094666666665887,23.57366666666697,5.5520000000000085,25.832666666665943,76.8680000000006,44.853666666666015
1873,12.209999999999969,19.88466666666648,16.356666666666797,25.50033333333277,83.41666666666674,74.7039999999987
1874,29.8036666666665,26.58333333333318,17.54800000000003,49.3746666666655,94.51733333333345,103.58399999999892
1875,14.633999999999943,25.994666666666653,24.80500000000005,90.43266666666574,107.24833333333315,98.13200000000248
1876,10.829333333333413,23.049333333335092,27.64933333333336,113.0506666666672,106.49333333333199,67.15300000000184
1877,8.288666666666721,7.302333333333408,23.291999999999128,110.68133333333438,110.92933333333254,58.928333333332986
1878,4.854666666666749,6.060000000000046,11.899333333333107,129.41733333333374,111.49466666666683,46.44599999999954
1879,7.874666666666654,17.709999999999866,17.62800000000003,115.22933333333438,68.20733333333433,53.298666666665866
1880,16.07899999999994,40.79733333333483,17.97999999999993,113.52933333333243,46.385333333333556,44.18333333333323
1881,15.853333333333357,32.60733333333346,16.55233333333325,69.87466666666685,31.853333333332138,34.71866666666625
1882,20.584000000000053,30.313333333333357,20.16133333333336,71.91466666666761,50.639999999999446,84.46799999999985
1883,48.388333333333094,30.33333333333335,15.627666666666874,88.13100000000102,35.62666666666675,94.66800000000006
1884,63.21400000000017,32.5,13.705333333333693,75.56,59.38999999999927,82.70233333333084
1885,62.2879999999993,27.303999999998428,3.779666666666726,89.5090000000005,68.02000000000011,61.72533333333412
1886,55.30333333333333,13.586666666668062,10.698666666666595,80.51099999999784,76.34266666666656,45.12
1887,52.091999999999416,9.965333333333328,10.72,79.96066666666805,82.30900000000074,35.82933333333422
1888,53.12933333333454,12.089333333333343,13.542333333333332,95.17500000000142,81.75600000000001,25.66933333333342
1889,24.373333333333594,20.53333333333332,11.952000000000009,119.70533333333533,90.62,28.6
1890,10.179999999999895,19.956666666666713,21.2026666666667,87.53833333333357,59.66799999999934,54.46666666666655
1891,14.810666666666531,17.537333333333216,21.422666666666665,50.71933333333403,95.8033333333344,59.87
1892,33.92399999999979,11.35133333333316,15.429333333332998,47.084000000000295,82.23066666666753,63.01066666666797
1893,27.895333333333966,11.499999999999929,12.450000000000001,48.31266666666635,97.5833333333332,73.42366666666732
1894,18.40833333333435,11.539000000000103,13.112666666666584,45.69999999999985,92.55833333333605,71.4920000000007
1895,10.323333333333203,10.703999999999906,30.685333333333432,23.532000000000263,60.89166666666605,53.744666666666525
1896,8.516000000000108,29.3066666666667,21.17866666666658,69.1383333333333,97.7413333333335,47.952000000000346
1897,6.565000000000146,51.26666666666665,18.909333333332086,77.14933333333326,77.10266666666666,57.01433333333334
1898,4.31333333333328,32.19000000000119,7.7113333333333465,94.31666666666551,57.90033333333505,31.50766666666611
1899,6.799999999999981,26.674666666666326,5.458666666666632,83.19133333333428,64.95333333333394,35.35000000000151
1900,8.118666666666687,28.04,6.400000000000019,121.25866666666654,43.843999999999,45.301333333332934
1901,7.6153333333332975,18.218333333333387,8.228666666666562,102.86866666666607,53.33333333333349,38.57466666666762
1902,5.3806666666666665,11.85999999999986,21.241333333333397,73.31333333333325,50.06,53.168333333333194
1903,20.339999999999776,9.763333333333167,30.649666666665638,55.36166666666657,58.817333333332215,53.698666666667634
1904,16.84633333333326,11.470666666666732,22.65066666666666,67.94,41.34533333333493,34.24399999999911
1905,16.180000000000035,6.104000000000266,22.929000000000556,98.8880000000015,24.236666666666622,43.83266666666635
1906,17.19866666666672,5.48,16.862000000000197,86.85733333333211,23.044000000000054,58.91166666666662
1907,13.232000000000326,8.346666666666625,21.625333333333746,56.53466666666452,42.36,45.55333333333505
1908,6.377333333333173,24.76000000000011,27.978666666666665,43.138666666665955,57.730666666666465,57.53999999999988
1909,42.41866666666669,38.600333333333396,19.913333333333995,58.76399999999838,66.95200000000055,59.50500000000015
1910,47.80399999999986,29.904333333334037,26.408666666666733,71.12166666666629,65.22,64.82666666666692
1911,43.72800000000025,23.036666666666534,39.65599999999933,64.85366666666543,82.17599999999844,71.80533333333551
1912,39.101333333333585,27.220000000000287,51.51333333333335,61.651000000001076,68.66999999999912,60.498666666667376
1913,24.232000000000838,29.814666666666728,60.6736666666678,36.9320000000004,60.998666666667965,62.95666666666851
1914,13.013333333333286,33.50400000000201,62.60733333333158,70.27833333333278,54.78500000000009,70.9
1915,14.594999999999873,28.334666666666582,59.160666666666756,59.82999999999996,79.34666666666628,81.52133333333134
1916,12.657666666666913,39.165000000000084,54.27066666666583,50.731999999999786,56.34000000000043,50.546666666665864
1917,14.371999999999971,51.41166666666724,43.40533333333333,57.48900000000003,80.62933333333092,39.717333333332284
1918,22.81200000000001,38.84566666666814,30.37733333333657,85.80000000000005,82.9039999999991,62.56800000000091
1919,23.175999999999924,27.965333333332644,8.889333333333362,104.3959999999996,128.2796666666682,50.48666666666436
1920,26.24333333333323,18.409000000000002,6.528000000000029,118.77599999999876,118.275666666666,24.21000000000013
1921,42.488666666666624,17.64333333333323,5.50933333333327,129.53866666666823,120.92033333333266,52.36
1922,30.221666666666394,36.85333333333341,7.815666666667699,126.32100000000213,96.64266666666656,40.3466666666665
1923,30.93966666666646,32.686666666665474,15.29866666666665,107.32666666666721,86.7213333333333,57.620000000000005
1924,26.055666666667445,31.403999999999904,20.049333333333397,120.66000000000122,74.0119999999992,85.65699999999846
1925,62.324666666667355,35.204333333333125,16.808666666666564,104.17666666666646,80.61733333333413,56.59866666666734
1926,27.69999999999789,21.417999999999083,46.862666666666996,156.13999999999962,66.68800000000141,62.57600000000048
1927,22.86599999999865,15.240000000000176,39.096000000000004,182.0213333333314,44.144999999999825,69.25733333333335
1928,10.12133333333325,33.68133333333324,57.26333333333331,147.5346666666692,17.57666666666711,65.2026666666651
1929,10.996666666666775,32.338666666666704,75.2,104.75300000000122,41.15333333333331,86.20399999999779
1930,15.657333333333298,17.044000000001763,76.0,81.34133333333077,25.390666666667528,85.17466666666706
1931,13.914666666666363,8.087999999999706,76.51866666666646,88.20566666666662,35.62,78.94333333333418
1932,14.530666666666713,7.542666666666609,61.917333333335016,109.42566666666515,52.22266666666569,52.96666666666647
1933,11.39533333333318,10.126666666666626,40.08533333333339,141.6226666666648,43.391000000000204,21.55733333333192
1934,22.0573333333333,11.361666666666652,37.92266666666827,104.59333333333348,102.55333333333344,61.199999999999996
1935,26.352000000000245,9.281666666666553,8.429333333333243,105.93633333333283,124.23600000000164,88.91099999999868
1936,18.320333333334794,6.522666666666592,6.29466666666669,102.23199999999947,83.39333333333303,92.18800000000019
1937,9.588666666666377,6.54433333333328,22.42833333333335,136.7226666666651,104.21200000000091,101.73333333333424
1938,6.498999999999984,8.695999999999637,20.419999999999984,104.80400000000039,92.88666666666559,98.43466666666673
1939,11.85066666666562,23.24866666666678,39.147999999999904,107.66399999999855,107.74299999999795,114.40633333333444
1940,11.424333333333252,37.11133333333342,40.083999999999996,90.40400000000048,69.53866666666946,74.36399999999823
1941,5.689333333333951,47.06399999999849,55.913333333332815,66.9653333333311,65.86533333333269,70.48666666666729
1942,4.48,33.99999999999884,31.117333333334248,89.42366666666634,72.0163333333322,50.56066666666783
1943,6.244000000000014,26.377999999999886,31.622333333333458,80.25699999999998,88.23966666666675,54.07199999999888
1944,7.392000000000026,24.855333333333476,20.68266666666622,109.65599999999745,124.09066666666756,30.303999999999178
1945,6.972333333333477,15.881000000000945,28.065333333333378,77.86566666666663,153.96933333333357,27.448000000000228
1946,6.082333333333336,15.692000000000007,44.95199999999953,59.367666666665855,128.22799999999916,48.78666666666526
1947,6.264333333333225,14.377333333333299,29.152666666668612,44.76566666666629,80.75966666666943,43.0
1948,4.278666666666649,13.757333333333044,11.29799999999971,75.63433333333474,104.54600000000151,88.40799999999997
1949,13.7426666666667,6.12366666666666,8.978333333333271,64.31000000000013,95.04133333333478,84.71999999999996
1950,12.801666666666929,9.825333333333239,10.300666666666311,96.61999999999975,64.36000000000053,60.187333333334266
1951,19.208000000000467,9.041666666666556,10.469333333333342,112.22766666666769,69.79333333333305,74.3413333333331
1952,8.937333333333337,14.859333333333502,11.714333333333133,100.83833333333513,120.68600000000158,72.64133333333322
1953,17.86133333333337,14.103999999999726,8.901333333333245,113.25500000000028,106.15966666666624,67.12400000000052
1954,30.416000000000206,11.52633333333327,7.924000000000087,136.2416666666676,77.95199999999946,70.6386666666677
1955,25.36566666666681,9.998666666666686,10.265333333333324,135.61666666666798,69.06033333333244,63.43066666666793
1956,23.822666666666667,8.995333333333269,13.371999999999534,156.02133333333498,61.64000000000102,43.430666666666006
1957,25.047666666667126,16.872999999999788,7.309666666666622,136.16499999999985,64.0186666666664,38.06066666666575
1958,12.04666666666668,35.18266666666665,10.593333333333286,116.92333333333322,34.94000000000062,36.1399999999999
1959,14.82,36.011333333333255,17.544333333333345,97.32399999999879,73.25666666666378,38.67066666666704
1960,12.986333333333372,46.52333333333216,15.800000000000002,103.72933333333376,67.22799999999971,47.041666666666494
1961,25.071999999999715,43.76399999999813,17.564333333333074,122.1886666666673,89.83733333333528,37.823333333334496
1962,12.4093333333342,24.567999999999955,18.35666666666654,158.55966666666777,90.22000000000037,53.52399999999943
1963,5.579333333333597,23.067333333333323,14.132666666667133,158.7446666666649,78.55000000000008,51.446666666667895
1964,7.670000000000223,21.70066666666707,4.839999999999982,158.73866666666714,104.357333333334,58.578333333333504
1965,8.370666666666658,19.537000000000006,16.999333333333382,143.31766666666806,102.50933333333421,64.76199999999872
1966,10.277333333333173,31.066666666668247,28.05999999999885,103.8156666666674,117.67666666666595,51.61599999999897
1967,12.103666666666719,19.62400000000045,18.13166666666643,126.64299999999909,73.02866666666854,46.36
1968,7.520333333333279,14.198666666667178,19.988999999999947,149.28000000000168,94.1999999999998,67.15266666666633
1969,43.260000000000005,19.74666666666668,19.045000000000066,125.76466666666684,104.91066666666536,69.79166666666787
1970,43.706666666666905,24.506666666666643,18.33466666666691,130.82000000000002,70.7253333333322,45.400000000000475
1971,44.501333333333314,24.102666666666845,25.649999999999295,133.62900000000224,47.186666666665275,31.16599999999976
1972,45.949999999999854,23.5,14.066666666666684,107.21733333333245,37.389333333334086,44.959999999998615
1973,45.78333333333345,22.030666666666576,6.109333333333552,62.7013333333341,33.33466666666813,43.903333333333435
1974,34.77333333333234,18.032666666666923,20.98033333333307,83.16666666666846,41.83499999999993,81.9666666666674
1975,7.340000000000001,5.308000000000011,18.69933333333334,124.03066666666452,52.82400000000012,88.61999999999999
1976,25.192999999999856,5.62,21.86,144.2653333333344,49.887999999999735,87.30933333333327
1977,25.699999999999818,7.193333333333322,10.147666666666147,103.8259999999981,77.66866666666652,82.60966666666589
1978,25.55299999999999,5.114666666666708,22.98666666666668,109.472333333334,100.98799999999902,67.1033333333329
1979,30.379000000000744,22.623333333333292,21.28666666666777,111.89066666666537,111.4639999999995,82.07733333333198
1980,34.460000000000036,21.59133333333328,24.65733333333332,112.16366666666552,119.40700000000054,71.42000000000061
1981,43.11299999999983,31.671666666666617,25.15466666666667,128.93433333333456,74.72433333333476,95.15600000000087
1982,36.87600000000041,42.85666666666687,28.66266666666557,103.11466666666652,64.00933333333498,64.51066666666618
1983,22.456333333333955,45.55133333333342,40.01266666666673,131.84666666666791,62.69633333333354,69.86000000000111
1984,11.811666666666314,41.25566666666642,32.99333333333067,157.95466666666738,85.34900000000025,74.22800000000046
1985,15.910666666666422,30.380000000000003,4.769333333333198,123.229333333331,84.04133333333176,57.05200000000088
1986,18.55666666666675,31.676999999998664,5.154000000000033,103.67133333333558,80.3920000000004,19.50666666666555
1987,17.545333333333417,8.002666666666702,6.5896666666665435,136.50933333333225,72.27399999999875,32.02
1988,19.10400000000027,8.21933333333318,20.73066666666664,146.04933333333182,43.9526666666655,41.74
1989,32.894666666666744,5.690333333333115,21.92666666666657,164.0879999999996,35.794000000001056,31.92000000000053
1990,33.076000000000036,17.970666666666595,23.943333333333165,180.60199999999904,34.54666666666657,13.438666666667558
1991,51.60366666666662,21.14,24.849333333333345,201.25866666666533,29.734000000000606,28.455666666666534
1992,45.740666666666705,27.505333333333176,9.562333333333049,168.83066666666514,30.730666666666806,45.8416666666667
1993,52.726666666666546,20.69333333333285,8.90333333333343,138.3706666666683,44.02,73.13733333333278
1994,54.96000000000039,38.51599999999974,9.478333333333339,107.65900000000056,58.980333333333064,80.80000000000001
1995,50.06933333333339,35.64200000000057,10.266333333333304,59.705000000000396,76.00000000000007,87.11666666666669
1996,39.78300000000062,28.661666666667575,11.974666666666636,31.813999999998344,68.42399999999962,90.38233333333181
1997,12.603333333333248,9.435999999999714,10.35833333333368,49.840000000000096,59.52600000000336,45.4946666666698
1998,12.852000000000025,5.268666666666605,24.00533333333262,61.96933333333424,59.77799999999992,28.986999999999384
1999,10.582666666666137,3.4219999999999255,23.858666666666707,86.84266666666409,76.54466666666511,17.14066666666556
2000,9.86333333333328,3.493333333333357,32.195000000000036,61.73966666666332,74.70533333333272,18.34
2001,17.83066666666666,7.824000000000015,35.91600000000006,50.900000000000006,82.27699999999882,50.02
2002,18.842333333333244,6.857333333333336,30.692999999999,52.81999999999962,81.646666666666,53.92733333333308
2003,42.55333333333348,11.170000000000154,15.329333333332961,64.94666666666689,59.95200000000066,81.38599999999995
2004,43.30533333333335,27.401333333333277,10.589333333333272,68.64133333333267,53.10666666666522,106.13199999999996
2005,60.984000000000705,30.730666666666675,8.465333333333275,70.30033333333358,35.7279999999993,113.87333333333171
2006,50.71733333333223,27.969333333333246,7.872000000000335,80.7356666666662,66.14266666666528,89.63700000000303
2007,44.378666666665616,26.755333333334193,16.068000000000012,101.38433333333253,121.7,81.25000000000216
2008,27.83999999999864,25.629999999999843,16.07200000000001,97.87733333333172,144.87999999999903,69.79833333333374
2009,14.274666666667255,24.263333333333527,19.85333333333336,108.98866666666673,153.60666666666833,73.49866666666729
2010,38.352000000000025,24.020333333333458,22.00333333333326,105.76533333333325,152.6239999999988,72.713333333335
2011,42.65333333333314,35.178666666666686,24.05166666666664,146.0266666666672,156.50533333333323,83.28499999999984
2012,45.089,34.74533333333331,32.94066666666545,154.54599999999851,142.18266666666514,61.33066666666688
2013,39.015999999999096,67.96133333333488,42.13199999999975,159.23933333333363,155.56533333333172,55.15033333333359
2014,37.66933333333333,56.43600000000046,40.092000000000006,138.53399999999897,130.83866666666674,116.18466666666859
2015,51.16500000000009,63.171333333333536,34.473333333336264,139.04666666666864,113.36033333333425,113.50333333333181
2016,38.819333333335145,44.48199999999963,29.254666666666637,106.88233333333423,104.1980000000008,110.2849999999995
2017,14.32766666666501,44.30566666666667,36.346666666666664,129.22000000000025,83.30333333333309,80.28000000000117
2018,7.65733333333325,43.04000000000147,31.314999999998,139.69000000000213,111.86333333333307,101.9573333333333
2019,3.4513333333332326,47.788000000001595,5.650000000000601,162.04133333333183,77.91333333333444,109.39200000000055
2020,4.4269999999999845,34.70400000000174,5.019999999999964,169.19333333333364,59.162666666665075,96.21000000000014
2021,3.4026666666666276,47.47200000000002,9.530000000000118,215.21066666666783,76.85833333333328,103.1176666666652
2022,6.434666666666672,39.28199999999818,8.172000000000072,158.22666666666714,72.27333333333284,98.43933333333355
2023,45.720000000000184,28.898666666666667,26.144,114.18533333333343,54.2653333333316,70.23599999999908
2024,44.66933333333472,33.813333333333325,41.25033333333321,100.9973333333361,63.61400000000047,79.27733333333373
2025,39.3636666666666,26.600000000000072,38.74300000000006,100.391333333334,40.091999999998855,47.29200000000066
2026,41.58933333333336,9.161333333333413,41.04200000000006,78.69999999999999,43.71999999999974,68.51333333333454
2027,54.08,8.638333333333005,27.513333333331524,120.59066666666651,65.3013333333332,49.03333333333169
2028,43.03066666666694,7.096000000000022,23.42666666666664,174.7603333333349,95.25,47.44966666666755
2029,11.993333333333357,17.485999999999887,22.519666666666943,144.82833333333306,105.36266666667038,55.883666666666585
2030,10.444333333333145,17.24399999999996,11.240666666665057,126.48833333333498,94.32333333333324,61.68799999999894
2031,7.2979999999999015,30.501333333333378,9.05666666666679,102.10733333333232,95.03666666666649,68.52700000000029
2032,7.451333333333514,31.383000000000052,9.248333333333195,83.65366666666645,70.80700000000243,72.15499999999925
2033,7.82700000000002,16.668333333332548,12.160000000000002,91.13733333333369,53.6786666666664,78.75466666666654
2034,23.511333333333155,9.614666666666709,11.552000000000143,87.09733333333381,56.284999999999386,59.37766666666616
2035,20.780000000000037,13.460000000000038,18.600000000000087,96.84400000000042,64.51166666666637,70.72333333333273
2036,20.449333333333417,18.811333333332385,17.9233333333334,89.41466666666729,35.803333333334365,46.02000000000051
2037,26.060000000000002,10.551666666666863,34.290666666666915,107.72599999999971,56.78,62.8096666666666
2038,36.69000000000131,6.665333333333312,34.67333333333343,126.8313333333345,79.2,85.9733333333342
2039,30.954666666666704,22.302666666666717,38.53333333333427,148.4999999999998,83.66399999999818,82.43733333333519
2040,29.441999999999844,13.488000000001776,46.32833333333339,160.03300000000016,113.35233333333414,94.86399999999941
2041,47.38099999999988,2.4040000000000328,60.730666666666885,127.1440000000016,90.84400000000107,96.92799999999927
2042,40.088000000001664,1.813333333333303,60.88999999999999,112.98799999999876,56.79399999999949,75.75533333333301
2043,31.959000000000014,3.666666666666547,38.15699999999994,132.79266666666823,38.244000000001996,59.60400000000147
2044,22.396999999999863,3.3399999999999634,23.849666666666415,94.82133333333364,34.87633333333436,51.46
2045,16.70566666666727,23.30133333333339,10.339999999998836,89.34466666666545,56.425333333333725,52.132666666667554
2046,12.057666666666524,59.52833333333334,9.534666666666867,76.86533333333387,50.189333333333785,67.88733333333393
2047,10.927333333333515,56.20133333333552,10.108666666666691,86.71433333333316,44.00733333333353,47.879999999999995
2048,13.64333333333347,71.96700000000389,7.979999999999965,81.24833333333514,41.37866666666698,77.8759999999992
2049,14.24566666666704,45.58266666666991,7.4113333333335785,90.83333333333839,62.008000000002646,68.94800000000367
2050,26.01999999999992,41.37166666666599,6.289333333333308,88.61333333333333,45.90199999999884,45.53466666666449
2051,22.74966666666679,53.145333333333326,6.281666666666888,95.71200000000064,53.95999999999994,57.730000000000004
2052,18.17333333333321,57.12999999999964,35.85333333333336,112.61066666667108,56.5773333333323,51.646333333335384
2053,33.86900000000037,42.53066666667051,34.25866666666701,91.86699999999945,66.92066666666393,26.77466666666558
2054,25.806999999997345,21.242000000000246,35.63733333333358,81.19666666666807,48.79999999999913,18.25733333333308
2055,10.626666666666571,19.636000000000244,36.42533333333348,125.72400000000329,64.93333333333248,38.515666666667684
2056,10.437333333333337,21.186666666667087,43.26966666666631,158.11333333333314,53.27933333333362,40.96
2057,9.41000000000009,14.968000000000611,34.17000000000033,166.74799999999715,82.21000000000002,56.93333333333336
2058,3.724666666667127,8.799999999999802,25.473333333338744,159.0633333333317,79.42933333333512,48.59466666666981
2059,2.3666666666666423,25.21766666666678,21.63066666666666,112.68100000000241,82.09933333333579,50.98399999999892
2060,9.726666666666606,23.354666666666517,21.331999999999717,119.48733333333324,72.77200000000107,79.23366666666726
2061,11.891999999999898,24.479999999999997,15.946333333333914,89.51366666666719,43.01933333333558,80.02466666666835
2062,12.915999999999803,22.54799999999988,11.213000000000413,93.03233333333357,44.32233333333178,87.20466666666549
2063,32.44333333333434,18.741000000001286,6.745333333333411,123.87299999999907,71.88,86.72466666666834
2064,42.57733333333337,11.468000000000139,6.039999999999964,114.31466666666965,66.5760000000045,62.7109999999991
2065,39.27466666666809,13.80066666666673,5.158000000000084,105.26133333333644,69.55433333333411,87.19433333333468
2066,33.90333333333348,41.30666666666661,6.3933333333333575,98.68933333332585,114.70133333333668,65.35666666666607
2067,39.12366666666646,37.31966666666737,4.920000000000036,70.86899999999837,133.04000000000002,55.93333333333423
2068,45.811666666666696,31.148333333335117,19.918333333333276,74.56266666666973,133.2419999999977,41.7280000000001
2069,28.33266666666519,25.882666666667014,20.559999999999853,56.1553333333307,113.33333333333329,79.98933333333184
2070,23.218000000000032,26.35733333333326,19.953333333333283,60.35200000000077,77.49066666666549,87.44666666666853
2071,25.312666666666267,24.380999999999794,21.57866666666672,65.6519999999991,80.7920000000007,75.37766666666555
2072,19.570666666666657,11.55966666666557,26.294999999998108,65.4986666666672,84.24933333333348,64.98533333333245
2073,40.648000000000536,6.3159999999999865,8.620000000002438,65.4543333333365,68.77033333333492,35.878666666661594
2074,30.404666666667126,20.86033333333343,6.716000000000022,78.83833333332883,84.05999999999999,59.25500000000015
2075,19.670999999999793,19.200000000000003,7.249333333333344,53.945333333330595,59.59133333333765,76.5800000000016
2076,54.15866666666665,19.141333333333442,25.943333333332337,69.28833333333833,58.92333333333306,87.92333333333288
2077,57.81733333333341,22.255999999999823,35.41899999999963,47.76233333333306,63.06533333333723,96.19733333333076
2078,62.44333333333096,50.96,34.503000000000185,69.75366666666527,65.43200000000128,100.14833333333127
2079,22.30900000000093,47.40200000000359,29.770666666669023,83.87000000000023,61.58666666666599,79.96399999999979
2080,18.581333333333653,36.66766666666667,25.42533333333322,103.79933333333577,44.79299999999665,78.80600000000345
2081,16.81933333333136,37.477999999999994,30.925333333330347,120.37599999999895,94.84499999999998,50.60799999999705
2082,15.009333333334363,35.535333333333476,28.186999999999962,86.83466666666476,104.73866666666979,35.33599999999977
2083,12.391333333333296,38.87999999999862,26.975999999999914,124.82399999999981,94.8600000000001,45.83666666666662
2084,11.276666666666497,23.483333333329593,30.12666666666628,148.94666666666458,120.7950000000007,38.51733333333534
2085,10.115999999999886,34.47566666666654,29.82133333333335,131.69766666666055,117.26466666666789,30.285333333331437
2086,11.737000000000073,35.334999999999994,29.504000000000907,126.2986666666605,107.45333333333326,36.38800000000359
2087,13.794666666666526,35.192666666666995,14.400333333333284,141.16100000000046,83.34133333333396,38.53999999999999
2088,12.281666666667697,26.20166666666786,12.875999999999223,150.7006666666646,92.72000000000001,33.53733333333118
2089,13.613333333333284,33.88266666666677,11.173333333333112,186.13333333333105,135.58466666666905,29.90933333333385
2090,15.648000000000064,40.44266666666263,8.708000000000176,141.38599999999965,105.17799999999858,45.82
2091,23.305333333333365,26.661333333333353,11.306666666666825,177.49166666666247,89.5939999999983,44.909999999999876
2092,40.73866666666675,36.96,34.366000000000014,223.26666666666014,100.63466666666667,55.655999999999935
2093,36.871333333336835,53.00400000000231,49.71466666666634,175.9466666666635,92.60533333333674,54.22666666666624
2094,17.781333333333052,43.33733333333333,70.80933333333338,166.56333333333305,99.84566666666365,46.177333333332086
2095,14.78566666666671,26.064333333333657,66.62933333333226,212.08266666666708,109.16799999999822,39.35999999999898
2096,8.512666666667393,54.5386666666668,58.40699999999956,202.17866666666524,96.29866666666727,46.36133333333306
2097,21.673333333333503,67.48666666666884,46.93099999999709,130.25999999999746,116.65400000000245,54.55199999999975
2098,20.710000000000374,80.50000000000026,24.069999999998352,115.13766666667112,80.33733333333716,46.089333333333016
2099,33.88233333333382,73.43999999999862,6.031999999999971,124.20800000000018,70.18333333333462,48.18
2100,16.9920000000002,15.889333333336728,17.15633333333387,123.4020000000011,52.681333333335516,29.620000000001383
2101,6.035999999999986,14.648333333333376,9.91733333333319,95.26466666666617,75.76999999999995,16.521666666667272
2102,9.065333333333182,14.87333333333325,8.660000000000073,88.04866666666439,61.41999999999796,10.913333333331957
2103,11.719999999999747,3.0833333333353767,7.451333333333295,91.24999999999986,57.86000000000022,23.571999999999097
2104,12.305333333333003,15.306666666666679,9.71500000000049,83.0763333333261,58.91366666666726,23.54999999999975
2105,10.641666666666923,11.857333333330754,47.428,41.126666666668974,35.935000000004095,23.933333333333216
2106,6.0046666666665445,7.041333333333315,59.36,71.00666666666504,32.15866666666814,43.42
2107,6.945333333333366,7.203666666666704,29.442666666668337,80.60800000000057,14.89000000000082,41.45533333333226
2108,5.857000000000107,27.380000000000003,21.49600000000164,81.4799999999963,37.18,38.347000000001714
2109,16.01166666666639,31.70400000000005,13.166999999999724,102.01166666666654,38.36333333333358,34.204333333335356
2110,14.200000000000074,33.20133333333309,8.205333333333373,114.14400000000104,38.5249999999998,52.5576666666675
2111,16.858666666666885,34.44400000000005,11.615999999999913,147.8439999999941,45.01066666666559,55.5569999999997
2112,15.199666666666946,46.80666666666608,11.816666666666935,109.87800000000176,37.289999999999935,80.88000000000065
2113,15.46599999999964,34.14533333333395,10.480000000000073,77.69333333333344,28.554666666666485,71.58666666666889
2114,13.02933333333349,9.372000000002298,21.13300000000064,50.209999999998935,25.835999999996854,101.12666666666124
2115,8.213333333333358,32.33666666666696,16.613333333333323,87.33333333333195,7.137333333334827,83.03733333333126
2116,9.897333333333426,41.71466666666594,14.737333333334536,101.14133333333032,64.18999999999679,96.17666666666656
2117,18.433333333333422,39.818333333333086,18.38,94.1263333333332,101.62000000000025,121.02866666666685
2118,10.810666666668986,49.71866666666749,18.56400000000005,118.46666666666667,93.34933333333466,121.5126666666636
2119,5.589999999999873,38.26333333333548,26.118666666665742,144.58166666667321,66.97200000000157,75.72800000000134
2120,6.7640000000000144,12.286666666666243,15.86800000000294,157.58000000000087,79.02800000000207,78.73666666666674
2121,7.907999999999958,7.890999999999667,28.058666666666575,107.98100000000403,81.06933333333295,101.91666666666616
2122,23.785333333333405,8.02833333333324,25.56133333333368,37.80266666666958,83.54133333333536,127.75733333333686
2123,22.483666666666288,16.39333333333363,21.14,16.39399999999614,59.782000000000714,100.28799999999399
2124,20.49666666666681,14.285333333333547,19.8476666666666,20.20200000000129,48.48799999999821,66.66666666666504
2125,20.346666666666643,13.825333333333393,29.383666666666432,85.72933333333192,32.025333333332746,65.72266666666663
2126,19.930666666666585,14.68,22.53999999999832,107.88,28.171999999999436,43.76766666666531
2127,16.537333333334047,29.937333333333164,5.522666666666519,113.11466666666118,35.94799999999999,43.489999999999355
2128,7.887999999999994,23.992666666665485,10.92466666666679,106.07333333333003,27.16800000000156,95.25333333333155
2129,18.328000000000195,22.099333333332797,9.793333333333287,97.35733333333309,58.10000000000011,80.84999999999727
2130,21.40666666666675,20.986666666666643,10.61800000000033,116.93600000000238,56.964666666663256,93.38
2131,22.3,20.00599999999997,9.020000000000183,99.03066666666908,72.84,91.30466666666612
2132,25.07066666666651,2.7200000000030196,5.209666666666498,138.86399999999864,98.85466666666522,68.73833333333657
2133,21.68766666666821,15.804000000000016,5.469333333333507,133.37999999999823,89.86666666666778,22.740666666668268
2134,19.6353333333332,12.337333333332936,14.463666666666496,115.57733333333367,96.70266666666676,12.076000000000569
2135,28.68733333333271,6.957333333332973,13.126666666666342,117.88433333333343,80.61066666666629,11.861333333333242
2136,17.993333333334366,6.025000000000228,9.619999999999127,75.01133333333699,87.81133333333567,16.560000000000002
2137,27.073666666665652,5.522000000000198,2.9400000000000004,82.28233333333395,94.91866666666698,31.65333333333489
2138,27.44366666666728,7.379999999999855,4.791666666666515,140.12666666666445,85.38866666666935,16.90133333333302
2139,24.64666666666726,10.139999999999674,3.1760000000002035,142.74000000000277,113.28799999999944,56.38266666666412
2140,16.14899999999985,19.955333333333492,1.46,160.23933333333224,108.48400000000092,112.49266666666614
2141,14.46033333333302,22.20933333333327,2.2276666666665643,149.60299999999498,115.22399999999921,121.50133333332815
2142,14.812999999999793,24.831333333333166,1.2,154.37166666666633,55.73866666667098,96.05599999999774
2143,13.777333333332946,54.5923333333344,1.6,161.24499999999975,47.008666666667025,131.28266666666624
2144,11.393000000000374,31.952333333335595,19.798666666666612,123.11599999999441,47.74999999999937,93.36666666666649
2145,21.152333333333164,27.065666666666985,20.478666666666687,87.77533333333216,55.56400000000254,91.91733333333723
2146,7.00166666666617,16.85599999999624,22.079999999999455,46.121000000003576,38.46866666666536,124.59133333333033
2147,8.061333333333351,7.2879999999998475,27.030666666666548,41.0,19.36,87.76800000000155
2148,8.4373333333333,7.050000000000227,22.357333333334864,93.04533333332773,58.779999999999966,85.95633333333365
2149,10.140000000000075,37.6273333333333,26.79200000000008,106.71600000000014,83.7333333333335,104.25466666666638
2150,27.760000000000257,40.41833333333293,19.54066666666693,107.72800000000298,95.45999999999819,78.51599999999901
2151,31.435333333333674,26.449333333330653,7.940000000001456,90.3299999999999,102.14833333332672,92.07833333333183
2152,15.617000000001736,17.528333333332874,8.701333333333352,106.50133333333062,69.71666666666961,88.38666666666666
2153,31.58533333333333,16.395999999999987,23.56400000000005,68.68699999999794,70.58133333333228,77.60799999999705
2154,43.42166666666707,16.889333333333106,24.706666666666642,51.0639999999978,82.54933333333572,80.47666666666663
2155,42.698333333333096,16.197333333333262,23.773333333333404,38.68766666666302,101.93100000000257,112.74666666666708
2156,43.55599999999926,25.358333333333277,24.2853333333334,22.62600000000062,93.87333333333171,80.47199999999991
2157,41.377999999999986,23.4306666666684,22.894666666666353,52.70666666666685,55.78666666666366,98.4160000000003
2158,38.77666666666819,42.02533333333326,20.27700000000019,58.35266666666687,32.3,114.35866666666416
2159,20.55933333333096,46.114666666666224,7.634333333332024,78.07233333333178,34.99866666666538,89.07199999999699
2160,14.580000000000673,31.50533333333231,2.7053333333334013,96.38000000000001,37.294333333336674,70.90933333333473
2161,31.266666666666644,25.334000000000152,19.157333333333156,94.93199999999968,29.27333333333223,59.841333333334305
2162,13.870666666665201,23.664000000000016,12.228000000002721,77.41299999999971,34.02,57.032000000000195
2163,5.534666666666473,21.755000000000557,2.1466666666669516,76.59466666666282,47.83466666666864,83.1626666666628
2164,6.99200000000018,26.44799999999981,15.119999999999926,50.906666666668976,67.72,71.94666666666686
2165,12.392000000000007,19.666666666668824,17.006666666667005,70.6520000000031,82.6933333333333,67.77066666666852
2166,14.710333333333585,11.129999999999654,24.533333333333275,111.06099999999945,95.01699999999894,76.11566666666667
2167,12.597333333333518,10.158666666666685,21.205333333330856,135.44133333332994,103.12333333332779,60.16666666666599
2168,13.778666666666687,18.3419999999997,29.620000000000257,127.26600000000425,124.36066666666704,81.64933333332777
2169,18.550666666667148,16.481333333331385,31.905666666666797,102.08833333332905,101.29100000000335,74.02000000000001
2170,15.266000000000405,12.109333333333481,27.836666666666616,70.31600000000086,97.5016666666668,80.18133333332823
2171,9.719999999999965,9.428999999999888,23.121333333333205,53.1986666666672,65.54400000000439,32.59233333333645
2172,18.10466666666355,8.093333333333286,22.01666666666688,51.90833333333608,73.45199999999659,15.266333333333797
2173,13.270333333331765,11.058666666666685,16.826666666667407,36.739000000000495,97.35066666667102,35.574999999999676
2174,9.04466666666709,8.24233333333361,28.855999999999874,68.48666666666774,73.74933333333443,81.27999999999767
2175,16.944000000000205,11.242000000000536,25.132333333333555,91.23199999999886,59.966666666665745,115.35999999999943
2176,16.15866666666665,7.596666666666433,17.864000000002306,101.14400000000141,48.09899999999989,115.2
2177,13.566999999999599,5.990666666666621,49.6039999999999,56.75399999999811,48.70933333333291,103.42333333333505
2178,15.21333333333332,13.51333333333275,45.803999999996485,53.69399999999809,68.65333333333054,109.28833333333266
2179,21.85600000000006,10.954666666666709,24.708000000001483,34.14933333333203,56.9760000000037,114.44699999999932
2180,17.51533333333191,15.940000000000001,10.529333333333271,40.086666666666424,47.760000000000005,148.407333333334
2181,5.4736666666670315,15.888000000000085,15.080666666666858,54.20166666666618,69.99733333333666,107.01066666666522
2182,12.306666666666644,15.096999999999646,11.945999999999078,80.68533333333345,82.2573333333343,105.84533333333911
2183,19.861333333333206,15.077333333333428,10.999999999999892,68.22533333333537,124.39999999999985,57.60266666666546
2184,41.54666666666668,9.878666666667268,16.127999999999947,95.43066666666473,99.02933333333598,61.05066666666754
2185,41.14066666666653,8.371666666666606,31.11866666666645,97.1736666666696,109.2879999999977,98.72
2186,38.40799999999905,31.547999999999355,31.359999999999893,137.52099999999896,73.84800000000324,93.05733333333
2187,34.53799999999943,33.457666666666476,34.049333333333706,125.65166666666629,62.989333333334336,95.11399999999918
2188,26.433000000000092,32.5969999999968,50.67699999999851,116.12333333333515,34.69200000000001,124.74633333333406
2189,15.03133333333567,18.509999999999764,44.414,130.25333333333154,45.72,93.95599999999224
2190,18.91866666666698,11.506000000000586,50.586000000000126,97.14233333333961,55.32933333333436,82.47999999999695
2191,21.052000000000227,12.672000000000008,38.32100000000257,123.85266666666406,70.9099999999999,58.584000000000714
2192,24.4946666666666,23.03000000000013,43.397666666666574,154.42866666667027,107.67466666666442,59.742999999998226
2193,50.16033333333311,26.45133333333364,29.03200000000576,173.03199999999813,95.50933333333765,62.86000000000225
2194,45.91466666666631,28.272333333333147,11.439333333333636,171.61600000000033,68.22933333333549,83.79399999999984
2195,43.515000000000164,27.24733333333328,27.955666666666993,150.7893333333313,58.44833333333276,83.82599999999893
2196,52.97599999999915,24.681333333335715,28.55166666666692,148.34666666667647,59.3253333333343,112.08399999999847
2197,63.33266666666746,18.811000000000725,31.022666666666773,123.08266666667153,55.11199999999968,101.32400000000052
2198,45.21933333332991,17.550666666667148,30.26399999999983,112.00599999999913,17.858333333333103,108.89866666666305
2199,39.31766666666646,9.774666666667272,27.966666666665986,132.56300000000002,29.284000000000088,108.27733333333204
2200,38.27133333333554,20.08333333333313,24.97966666666892,107.19433333332849,47.69599999999904,82.15199999999821
2201,60.305333333333294,20.582666666666665,9.599000000000323,94.26799999999997,49.08233333333291,107.76866666666473
2202,40.59400000000039,20.531999999999442,9.594666666666964,111.49933333333382,57.842666666666496,76.5920000000003
2203,51.19933333333314,34.818999999999875,22.64900000000022,76.66799999999992,59.10733333333376,99.12066666666522
2204,48.82066666666661,31.545666666666897,22.616000000000096,75.35200000000151,72.39333333333346,116.6436666666647
2205,44.59000000000047,20.72566666666842,32.283999999999764,93.70000000000161,115.79200000000222,136.2533333333362
2206,56.852666666663154,24.975000000000463,33.601333333333386,104.57599999999769,94.66666666666606,100.90133333333557
2207,48.863999999999656,20.069333333335308,33.742666666668995,87.60333333333242,95.92266666666626,86.85333333333033
2208,39.93300000000196,9.55399999999988,23.20599999999981,133.39400000000074,94.97866666666756,77.38666666666832
2209,17.847333333333367,10.172000000000045,15.21766666666721,125.19266666666728,115.92000000000037,64.08666666666585
2210,16.131333333333462,10.294999999999856,8.414999999999681,112.67000000000058,159.86399999999574,55.73333333333339
2211,16.060000000000002,31.225333333333367,9.02,79.15733333333075,144.58833333333303,79.34099999999698
2212,29.652666666666413,44.583333333333556,19.87833333333382,105.23733333333183,146.69466666667515,110.21199999999969
2213,36.50799999999687,40.15066666666676,18.421333333333315,85.96933333332868,137.8519999999997,89.71866666667033
2214,12.79966666666652,40.94533333333351,12.0120000000025,71.68333333333328,99.702666666668,73.57000000000127
2215,10.125333333332854,45.65199999999997,5.061333333333314,117.1806666666666,102.66266666666759,58.045999999999175
2216,5.771999999999898,55.67200000000012,21.828666666666958,115.78866666666252,83.98800000000315,42.78766666666526
2217,6.429333333333416,65.84366666666361,37.17033333333342,113.54366666666522,94.47166666666655,70.6840000000004
2218,7.467333333334018,41.96266666666938,24.422666666665137,118.71133333333476,97.48800000000075,69.25099999999938
2219,18.28,39.00999999999989,22.700000000000003,168.04533333333416,96.00133333333233,88.80166666666676
2220,20.23866666666694,37.90200000000024,42.408000000001735,124.25333333332728,93.28499999999926,104.79733333333459
2221,20.326000000000143,32.514666666664226,23.44666666666963,116.44533333333456,91.91866666666677,94.69200000000274
2222,17.552000000000042,7.387666666666609,9.777333333333338,132.26466666666542,90.6413333333344,61.87733333333549
2223,22.914666666666708,5.2349999999998005,25.799666666666607,129.45066666666418,87.09333333333329,62.31599999999948
2224,9.158666666669271,3.129333333333416,26.604999999999773,137.02233333333874,98.78999999999951,60.62999999999996
2225,13.157333333333446,4.8840000000000146,29.44400000000035,142.61933333333124,64.88400000000783,85.54666666666714
2226,15.290333333333184,15.526666666666607,19.81600000000428,154.90500000000108,27.009333333334652,94.95066666666466
2227,14.094666666666855,18.043999999999944,20.753333333334815,140.76199999999972,31.436000000001226,72.48433333333286
2228,13.811333333333186,21.21466666666678,18.24333333333363,111.97766666666662,15.681333333333606,75.50133333334001
2229,11.797666666666501,36.23999999999968,37.79066666666673,80.18933333333705,23.60933333333447,82.98133333333114
2230,18.364333333332954,45.154666666669655,22.673666666665696,60.04599999999705,30.66,74.96533333333196
2231,16.724000000000125,27.015999999999984,5.9923333333334,57.84366666666931,25.300333333334674,103.19999999999882
2232,12.776000000000387,26.776666666666742,4.124000000000051,50.81599999999809,49.087999999999724,108.83999999999999
2233,20.14399999999994,27.227999999999884,3.090666666666693,50.00266666666768,40.81600000000148,99.31266666666836
2234,23.285333333333146,11.093333333331683,19.540666666666713,95.10166666666561,72.7600000000036,73.81500000000293
2235,22.18133333333396,12.669333333333306,20.462666666666628,81.91266666666647,81.02999999999794,74.93133333333428
2236,25.30333333333399,31.444999999999563,19.246999999999254,89.14133333333743,57.4719999999935,97.55366666666589
2237,21.610666666670244,29.02,16.654999999999546,72.1769999999976,58.22999999999806,107.52000000000228
2238,11.916000000000096,28.87200000000041,28.91200000000201,101.35600000000355,49.29999999999989,71.84766666666978
2239,17.927333333333664,29.725999999999534,22.392333333333838,116.5799999999993,98.39866666666471,51.2
2240,17.07566666666682,29.34499999999994,20.05999999999979,115.67266666666451,104.58933333333272,45.07333333333605
2241,32.88266666666663,20.85033333333694,19.91999999999989,75.38166666666582,94.4253333333343,50.039999999998834
2242,24.347333333332024,16.902666666666637,22.02,82.23599999999624,69.32133333333061,51.30399999999674
2243,20.61866666666709,16.84,18.947333333335283,54.860666666665516,52.665333333331944,34.616000000002735
2244,15.521333333333352,18.57100000000157,9.40600000000055,70.22833333333556,59.35833333333292,71.37066666666644
2245,39.49633333333336,12.02799999999974,11.411999999999935,65.50266666666437,44.523999999998416,95.17433333333253
2246,38.55966666666667,31.49466666666838,11.429333333333524,94.08300000000366,45.31,54.41200000000034
2247,26.902333333334866,29.43599999999671,22.440999999999985,100.61933333333607,57.033333333333346,39.2493333333325
2248,18.647666666665693,15.212000000000007,21.82266666666539,85.86366666666548,50.98499999999846,53.685333333333254
2249,32.42799999999843,13.994000000000243,18.626666666666534,81.45033333333213,72.56000000000022,73.58733333333596
2250,26.056000000001735,9.13699999999858,9.928333333332201,81.36799999999278,44.64466666667433,72.72066666666841
2251,28.873333333333214,11.761666666666834,12.695333333333403,45.79466666667347,32.86,55.01199999999859
2252,36.09066666666634,12.302666666666665,11.194666666666674,52.900000000000034,33.76,57.85733333333417
2253,41.22533333333746,13.100000000000001,18.117666666666494,69.88933333333432,47.246666666665,43.09599999999948
2254,29.833000000000723,22.34,11.077666666667284,70.75133333333555,36.10799999999574,27.497333333330136
2255,52.88700000000045,23.962666666666447,4.595999999999767,99.18400000000196,41.06,41.7599999999993
2256,83.30600000000032,15.694666666667253,8.4426666666667,102.93733333333365,45.57999999999659,45.97499999999968
2257,74.340666666669,7.499999999999746,22.89200000000008,74.00799999999687,49.3866666666664,41.039333333336224
2258,55.79599999999821,5.520333333333183,35.85533333333302,89.46133333333317,55.0519999999991,57.043333333333216
2259,49.23733333333334,18.981000000000105,24.1680000000001,126.61300000000102,53.87866666666661,48.0219999999992
2260,44.63766666666417,22.41333333333321,21.51066666666604,157.72,71.56066666666695,48.42000000000001
2261,20.529333333330197,24.040000000000003,27.606999999999715,205.0399999999981,75.69700000000226,62.81333333333735
2262,10.272999999999984,26.95466666666709,36.58399999999998,167.6790000000048,71.47966666666338,48.81766666666583
2263,23.095666666666887,13.039333333333328,30.053333333332596,148.2623333333321,62.9403333333329,52.24
2264,24.05900000000033,14.266666666666953,19.96799999999981,129.29133333333036,62.83866666666631,67.74400000000286
2265,13.746666666665114,14.384666666666462,19.54000000000015,118.52999999999918,22.687333333337122,51.48133333333725
2266,14.381333333334478,15.390000000000182,29.4500000000004,101.52133333333279,68.61833333333288,60.165000000000006
2267,9.323000000000157,14.055999999999585,26.190333333331502,83.83466666666656,123.42933333333399,38.44800000000228
2268,10.827000000000034,14.460000000000228,10.735999999999986,68.58599999999683,113.1923333333316,52.87666666665879
2269,24.175999999999874,29.50700000000038,11.540999999999949,47.88266666666896,88.44133333333113,24.380000000000003
2270,30.363999999998708,42.45233333333377,24.541333333333313,39.60933333333087,83.47599999999761,50.35966666666556
2271,8.918666666666306,40.65333333333308,24.30399999999998,30.796333333332523,78.84400000000379,31.19333333333344
2272,10.745666666666722,42.3306666666669,40.15900000000014,35.16500000000013,96.28399999999573,47.84
2273,8.25666666666699,61.57466666666561,22.307333333333766,34.69833333333293,71.1119999999972,37.76400000000158
2274,25.878666666666646,51.79600000000438,6.253333333333239,39.27333333333336,78.69433333333465,8.170666666669495
2275,42.718000000000586,29.105000000000164,8.78900000000018,48.68200000000051,55.034666666668706,20.0
2276,38.28599999999964,22.99233333333152,6.1799999999999,82.27999999999972,102.0480000000014,20.99999999999982
2277,44.301333333333275,27.973333333333393,6.565999999999758,84.67233333333235,82.63933333333178,82.57899999999698
2278,40.60666666666712,29.89466666666671,15.286666666666562,106.41033333333428,66.29333333333365,77.16400000000046
2279,39.411999999999935,27.801000000000233,23.06233333333208,121.83133333333663,66.74400000000198,99.72666666666811
2280,38.29799999999984,26.285000000000554,32.892999999999574,112.22133333333142,114.48933333333254,133.31599999999892
2281,29.91366666666493,38.352666666666934,29.07333333333154,99.16599999999835,109.45766666666451,133.5
2282,12.682000000000636,28.426333333329914,21.00433333333352,56.53333333333261,107.06,145.2626666666662
2283,9.16800000000002,36.34666666666577,21.13933333333347,34.33333333333664,117.74933333333415,117.99066666667028
2284,11.363999999999633,26.908333333332735,20.53933333333228,53.99066666666717,108.14933333333308,69.96933333332919
2285,10.35799999999983,12.762666666663682,9.92600000000065,71.74166666666656,99.27333333333496,67.26366666666488
2286,8.786666666666752,9.407333333332863,12.3573333333333,99.70933333333502,94.44599999999792,33.73166666666935
2287,4.913333333333412,8.49866666666665,13.806666666666644,112.73333333332772,118.37700000000767,51.32500000000023
2288,5.236333333333041,7.477999999999775,10.609666666666437,93.06800000000133,94.42666666666598,106.29600000000224
2289,3.5613333333333865,19.178999999999963,10.378999999999996,82.87066666666404,88.61966666666495,81.28133333333265
2290,7.421000000000259,15.320999999999902,9.982666666666193,82.9399999999976,70.27999999999977,79.64933333333308
2291,15.153333333333322,14.389333333333461,8.185000000000118,64.42666666667047,66.99733333332914,80.23466666666216
2292,15.910666666666657,26.30533333333318,6.989666666666526,74.98933333333424,51.35666666666829,65.28866666666809
2293,16.288666666666813,27.00133333333506,3.9359999999999857,82.87266666666689,21.943999999998077,43.62666666666759
2294,33.25500000000028,13.942666666666847,5.905999999999967,87.56466666666877,90.6716666666648,43.15933333333486
2295,42.369666666667264,14.104000000000124,3.973999999999933,121.27199999999685,108.23733333333506,28.17066666666782
2296,32.367000000003685,16.233333333333164,4.0600000000000005,106.6640000000055,93.59199999999957,43.03599999999744
2297,17.798333333333964,15.219333333333235,18.908666666666786,161.6699999999996,110.7823333333401,77.00533333333145
2298,16.944000000000052,9.721999999999607,17.618000000003175,165.60599999999997,75.16700000000182,60.73666666666677
2299,43.588333333333445,5.862000000000081,6.906666666667007,94.52533333334168,99.20399999999921,60.76666666666656
2300,47.031333333333215,4.398666666666614,22.02000000000018,74.75966666666632,66.58666666667071,127.18433333332976
2301,33.02000000000077,13.86133333333335,20.97866666666694,99.7933333333355,50.48000000000003,102.58133333333743
2302,13.822666666666683,14.243999999999978,37.17933333333313,63.32399999999803,51.58133333333225,95.71933333333354
2303,12.414666666666852,17.99366666666718,37.69333333333332,54.260666666666474,53.09000000000148,86.55033333333132
2304,10.859999999999527,11.818666666666978,46.791333333333576,75.9866666666625,18.101333333333532,49.48266666666528
2305,9.48533333333322,33.83866666667018,45.82100000000008,80.22799999999974,40.64,35.84666666666681
2306,18.163000000000267,16.037333333333592,35.009333333335455,73.87600000000084,92.56933333333161,16.958666666668798
2307,25.064000000001073,15.122000000000492,26.652000000003788,82.5209999999983,87.08666666666693,34.86
2308,7.349333333331398,8.780000000000001,18.162666666666592,162.03833333333233,105.7199999999973,59.721000000000046
2309,5.674666666666489,10.73666666666669,16.202666666668083,158.78866666666732,55.89066666667,112.87300000000126
2310,12.113333333332992,9.61600000000006,15.0443333333332,129.3266666666691,35.055000000000035,122.85600000000312
2311,11.825333333334274,7.298333333333122,13.903999999999943,90.03899999999996,56.88266666666889,107.72333333333317
2312,11.06133333333346,26.06100000000009,17.479999999999965,72.25633333333538,40.93599999999962,124.07466666666659
2313,11.509999999999728,25.214999999999883,15.295999999999395,62.994999999996075,36.05666666666698,137.0373333333297
2314,9.984666666666362,13.55833333333135,4.809999999999791,115.00266666666349,25.326666666667954,148.1770000000027
2315,8.644000000000052,12.756666666666744,4.819999999999963,141.84,26.09466666666587,146.05366666666845
2316,9.682666666666664,13.22200000000019,8.3400000000002,138.23499999998995,43.6,142.1453333333296
2317,7.1719999999994615,52.49166666666619,9.171999999999935,123.65333333333483,40.96800000000156,143.59066666666658
2318,10.27666666666626,59.96366666666548,8.549333333333342,102.53100000000244,45.2166666666664,128.75099999999938
2319,13.529333333333634,54.21066666666732,8.943999999999779,90.30933333332614,53.06133333333205,113.07533333333865
2320,22.919999999998982,45.75266666666421,10.293999999999924,87.83466666666486,90.97566666666701,95.78666666666696
2321,19.2373333333337,36.66133333333567,9.647999999999882,121.80500000000012,91.66733333333094,107.60533333333291
2322,18.230666666666764,38.965666666663886,9.208000000000157,122.36799999999822,73.1599999999995,89.35166666666943
2323,15.910000000000519,27.893333333333285,8.533333333333257,64.92699999999314,71.4720000000007,94.16133333333383
2324,13.933333333331504,16.230000000003855,6.805333333333329,55.16533333333227,53.981333333335066,110.17666666666626
2325,10.805333333333365,10.48,7.9600000000001545,58.26,49.30166666666683,82.61466666667064
2326,10.743000000000055,13.535000000000181,8.36,102.57600000000203,60.2,85.7359999999986
2327,20.130000000000027,11.545333333333328,13.102666666666591,132.93433333333581,85.80000000000001,91.10799999999827
2328,15.411333333333413,28.090333333333284,10.480666666665385,194.42000000000007,83.92633333333212,85.75600000000566
2329,12.018666666666979,25.30833333333344,5.4396666666663265,190.94933333332813,58.128666666667584,66.12399999999913
2330,9.22799999999975,39.39066666666655,40.74133333333339,180.6549999999992,62.258000000002255,55.76566666666453
2331,7.938666666666923,40.82266666666656,42.61600000000003,160.57066666666145,48.53466666666834,24.44000000000284
2332,11.339999999999929,54.499333333331045,53.52533333333302,118.13166666666879,55.23366666666801,30.285000000000174
2333,10.135333333333547,46.85866666666716,38.262000000001336,87.17999999999618,64.99600000000042,42.91199999999837
2334,9.367999999999991,28.720666666667313,27.6766666666673,62.56566666666432,79.82533333333001,39.68266666666699
2335,27.40533333333382,47.11066666666652,7.300000000000001,47.83466666666317,54.71233333333665,37.258666666666976
2336,48.6953333333344,35.13766666666211,6.395333333333275,37.23033333333733,49.09099999999657,35.553333333332866
2337,52.72933333333342,14.556666666666853,9.714666666666746,32.03733333333366,59.61333333333696,61.439999999998975
2338,62.24666666666624,15.467999999999567,18.71199999999986,27.050666666669787,39.4189999999959,69.86933333333536
2339,75.82466666666117,20.776666666666294,20.450666666666585,74.18000000000103,29.220000000000002,45.791999999996506
2340,54.99466666666274,20.921333333334353,24.16800000000034,109.29999999999953,73.54,70.61833333333323
2341,39.743333333333126,20.497666666667122,34.66099999999962,142.31599999999798,64.77366666666852,87.94133333333141
2342,21.687333333331743,31.651999999999862,42.02533333333373,106.58866666666276,40.32000000000153,110.21733333333286
2343,14.990666666666765,25.110666666665885,38.157333333336176,126.89900000000185,31.724666666666323,80.05300000000224
2344,29.131666666666618,27.82333333333313,24.22666666666668,120.79133333333382,38.97200000000761,79.5786666666664
2345,26.92333333333349,25.439666666666955,12.07400000000018,158.3900000000001,14.44799999999821,108.92000000000002
2346,15.659999999998437,53.58666666666863,10.564000000000052,119.4619999999951,23.973333333333578,110.8216666666686
2347,9.925333333333201,37.498666666666324,10.76133333333335,79.16533333333655,62.9013333333339,91.60166666666633
2348,7.174666666666744,24.4119999999999,10.481000000000249,59.034666666664094,86.95499999999953,97.12533333333522
2349,9.740000000000165,25.375999999999948,23.7699999999996,56.501333333331715,97.29533333333453,84.34866666665881
2350,26.706666666666745,12.867999999997975,34.451999999999686,119.25599999999925,132.88800000000236,61.12200000000077
2351,25.142666666666862,8.21333333333343,21.59166666666772,127.34933333333336,156.00266666666568,75.1166666666667
2352,24.299999999999926,9.836666666666561,17.31199999999997,148.0933333333336,142.218666666667,75.4676666666657
2353,23.73566666666684,7.968999999999978,24.02799999999991,173.6840000000008,98.84399999999944,85.02999999999834
2354,23.02599999999954,9.033333333333285,14.891333333332025,148.28400000000156,94.45499999999947,49.37199999999772
2355,26.341333333333534,11.792999999999948,5.35200000000008,118.73133333332706,89.05999999999968,72.00099999999706
2356,21.15166666666649,12.566666666666677,6.3500000000000005,69.80433333332951,70.32933333333376,96.86933333333522
2357,8.88466666666638,14.721666666666879,14.251333333333132,59.38733333333639,50.46033333333123,70.7800000000011
2358,5.031333333333405,12.363999999999688,13.812000000000008,81.44133333333218,67.66666666666787,71.63066666666704
2359,3.9400000000000004,13.43933333333349,15.655999999999768,93.11833333333382,68.84399999999893,115.53666666666594
2360,5.5466666666666065,13.749333333333343,13.019000000000096,107.64533333333276,104.84700000000286,124.94533333332853
2361,6.616000000000059,43.38866666666295,12.16399999999987,95.30666666666369,144.02,109.77000000000123
2362,6.194666666666781,28.145666666666504,12.100000000000001,60.75066666666855,156.11833333333655,95.47333333333619
2363,7.205666666666531,24.009333333336393,11.55399999999927,59.35066666666403,123.46400000000163,77.22400000000275
2364,17.30466666666632,17.967999999999996,21.869666666666426,25.40666666666919,91.08000000000189,49.482666666669026
2365,16.187999999999438,28.751999999999903,21.332000000000043,29.629333333335232,74.87999999999992,30.96799999999785
2366,14.863333333333395,28.327666666666786,16.646666666663478,48.029999999999994,32.44600000000279,58.5616666666667
2367,7.275000000000955,34.41700000000016,12.716000000000058,68.3873333333327,43.54666666666685,87.89866666666674
2368,6.822666666666665,37.63066666666444,13.190999999999876,102.6033333333333,59.53766666666543,86.34266666666568
2369,9.15300000000043,34.96533333333333,11.721333333333387,100.97299999999684,93.52,119.31866666666748
2370,21.201666666666178,34.685333333333986,10.430666666667294,83.31599999999862,78.97066666667155,97.51333333333544
2371,21.478666666667266,26.522666666666808,32.06533333333038,97.23433333333254,76.191333333334,103.03999999999819
2372,19.202666666666666,28.00400000000039,17.54,93.52866666666516,64.92800000000003,116.85099999999812
2373,15.90133333333586,24.29333333333536,17.63933333333368,97.80300000000392,67.02133333333346,110.80933333333057
2374,18.30666666666417,14.02400000000016,16.580000000000002,105.56100000000086,87.74333333333414,104.16199999999465
2375,17.118666666666968,29.47466666666671,17.67866666666665,84.86533333333696,63.9746666666682,47.944000000000706
2376,14.035333333333437,27.085333333333182,17.409666666666627,53.805333333330225,62.64133333333457,44.630666666662364
2377,15.603333333332568,25.958666666666836,20.54000000000226,45.875333333334005,111.71333333333338,82.65199999999953
2378,14.206666666667335,10.749333333333524,23.517333333333408,60.75266666666773,135.379000000005,121.28866666666585
2379,10.022666666666957,10.268000000000029,25.574666666666673,81.06299999999983,122.22399999999864,127.87866666666436
2380,26.4726666666667,32.333333333333286,20.969999999997917,62.369333333332975,85.05866666666438,145.02166666666687
2381,28.751333333333587,40.06133333333342,23.3899999999998,71.06400000000039,89.4253333333264,146.62133333333142
2382,26.348000000002685,36.516000000000105,35.18,79.23599999999983,47.55333333333583,123.2200000000038
2383,11.421333333333278,26.269333333333307,23.026666666668355,95.57400000000106,78.09999999999982,78.44066666667308
2384,8.644666666666971,30.18,9.531333333333151,73.46233333333002,99.52499999999982,67.9786666666626
2385,5.726666666666933,32.460000000000726,8.538666666666668,50.367333333334734,115.6806666666677,105.53600000000036
2386,6.375999999999986,44.990666666666556,7.690666666666803,53.90400000000285,109.02000000000344,119.98399999999967
2387,5.535000000000301,36.28733333333216,21.613666666666603,66.7626666666664,119.99100000000196,133.57333333333324
2388,28.63066666666309,33.73733333333334,22.149333333333345,53.719999999995046,86.86600000000047,150.63999999999382
2389,13.746666666666915,29.178333333336553,20.75199999999999,56.99866666666536,83.35866666667047,111.2200000000018
2390,13.24999999999959,21.788666666666636,7.061333333332078,102.92333333333339,153.8200000000041,108.22799999999948
2391,23.585333333335157,23.70333333333494,4.2986666666669775,111.9363333333342,153.6499999999996,111.21100000000075
2392,15.312666666666718,15.159999999999782,7.425333333333401,126.06033333333744,136.58866666666478,135.71933333332316
2393,15.401666666666344,13.718666666666612,8.349999999999817,88.59266666666966,107.11866666666774,87.27733333333802
2394,13.55633333333356,20.03999999999983,6.226999999999835,97.84133333333396,127.47933333333602,106.27999999999841
2395,9.524000000000306,35.30666666666697,5.863999999999996,103.9846666666626,145.63333333334467,97.04799999999882
2396,23.43400000000039,32.71733333333374,5.587666666666319,105.88766666666424,106.20133333333463,102.2199999999995
2397,49.76133333333338,20.405333333332692,4.373333333333795,85.4816666666635,106.51199999999663,100.99999999999986
2398,43.659333333332654,20.23900000000093,5.501333333333314,98.39733333333574,99.18666666666346,110.41000000000066
2399,22.14,21.076666666666995,12.993333333333576,74.44133333333423,86.57866666666753,123.9319999999985
2400,21.158666666666726,10.196666666667326,11.340000000000073,54.79599999999824,66.76699999999984,91.81666666666864
2401,17.297333333333338,5.604666666666517,10.67199999999997,31.674999999999898,56.51199999999939,59.2239999999983
2402,10.215999999998257,3.1866666666668606,9.75866666666574,25.89266666666552,46.9293333333341,29.02399999999936
2403,0.32,2.75,3.44800000000032,19.68,40.84300000000103,9.76
2404,0.32,0.16666666666696983,0.7699999999998,1.3119999999988068,19.09266666667085,0.0
2405,0.1919999999999709,0.0,0.0,0.0,2.7600000000016736,0.0
2406,0.0,0.0,0.0,0.0,0.0,0.0
