,RegionA,RegionB,RegionC,RegionD,RegionE,RegionF
0,499.14900045,458.74350045000006,468.1097995399999,443.3408,448.4125,478.75190000000003
1,535.4235,527.3369995500001,536.5439999999999,465.3568,497.23749958333326,462.82609999999994
2,544.32,531.3599995500001,536.544,526.2080004266667,503.4,508.74929999999995
3,544.32,531.36,536.544,523.9167995733333,545.0,547.4335
4,544.31999955,531.36000045,536.544,588.2112004266667,556.6874995833334,559.1428999999999
5,544.32,531.35999955,536.54399954,589.3631995733333,570.3125,592.5184995766667
6,544.3200004500001,531.36,536.544,587.3408000000001,591.8875004166666,613.7783004233333
7,544.3200004500001,531.3599995500001,536.54399954,607.4111995733334,585.0250004166667,570.3951
8,544.32,531.3599995500001,536.54400046,580.3135995733334,549.1500004166667,561.6194
9,544.31999955,531.36,536.54400046,548.3391995733333,566.0125,554.6089995766667
10,531.71100045,531.36,536.54400046,541.8367995733333,533.0874995833334,513.6895995766666
11,506.1015,531.3599995500001,527.8499999999999,488.7296,452.5875,456.5522995766667
12,466.47899954999997,482.3819995500001,474.41639954,452.16,443.6849995833333,475.13240042333337
13,443.66670000000005,443.23604955,464.81160045999997,453.54240000000004,430.68124958333334,445.86652
14,423.08729955,422.43389955000004,429.90311999999994,390.1311995733333,399.73,398.68221
15,379.06649999999996,377.50049955000003,386.56422045999994,388.65151957333336,371.3024995833333,353.42830000000004
16,334.04399955,341.65935,342.13098046,334.78399999999993,336.33749958333334,307.3908004233333
17,316.91249955,344.73600045000006,368.80499999999995,308.6719995733333,343.725,331.7367004233334
18,299.44349955,291.10050045,293.0016,262.92480000000006,278.7624995833333,310.27370042333337
19,386.49149954999996,336.97349955000004,312.7908,293.0944004266667,322.8250004166666,271.93240000000003
20,330.88499955,356.076,349.69199954,279.11680042666666,292.7625,319.84950000000003
21,376.12350000000004,375.327,364.59599954000004,307.49440000000004,309.54999999999995,325.3993995766667
22,388.00349954999996,423.62999955,400.51740046,349.8240004266667,361.82500000000005,368.45239957666666
23,408.92849954999997,444.7440004500001,455.66220045999995,412.6464004266666,405.4500004166667,391.4902
24,478.15650045,460.2015,471.4355999999999,459.1488,404.9875,451.96760042333335
25,495.67949955000006,531.35999955,536.544,479.30879999999996,487.125,490.44859999999994
26,544.3200004500001,531.36000045,536.544,534.2719995733333,536.2625,546.9254999999999
27,544.32,531.36,536.5439999999999,535.6671995733334,556.25,584.835
28,544.32,531.36,536.5439995399998,589.5168,567.5000004166667,516.7977133333333
29,544.3199995500001,531.3599995500001,536.544,584.0511995733333,611.4625004166667,623.6495866666667
30,544.3200004500001,531.3599995500001,536.54400046,594.4832,603.6124995833334,628.3833000000001
31,544.31999955,531.36,536.54399954,581.1456004266668,591.8374995833333,594.6013
32,544.3200004500001,531.3599995500001,536.544,551.36,556.1249995833333,575.3989
33,544.3199999999999,531.3599995500001,536.54399954,578.9823995733334,555.95,580.4026995766667
34,535.6124995499999,531.3599995500001,536.54400046,519.9231995733332,468.6374995833333,505.3076004233334
35,516.4290004500001,517.9950000000001,524.63460046,508.1471999999999,497.10000041666666,487.3244004233334
36,464.1975,477.36000000000007,461.89980046,436.2713595733333,435.46249958333334,469.9000000000001
37,439.10100045,451.38600045000004,477.7559995400001,440.9779204266667,403.915,412.4451995766666
38,422.42040000000003,426.71610000000004,450.61278000000004,388.48000042666666,400.28374958333325,396.0266399999999
39,401.13090045000007,390.61979999999994,401.90153999999995,350.3744004266667,343.5312504166667,349.70720042333335
40,375.20549955,323.63955000000004,359.89847999999995,320.1407995733334,305.83750041666667,314.0964
41,328.90050045000004,286.83180045,341.4948,323.1360000000001,260.43749958333336,310.6673995766667
42,289.99350045,321.057,357.88919953999994,285.5936004266667,294.925,288.6202004233333
43,297.324,299.65950045,330.10979999999995,283.44320000000005,278.2625004166667,280.7843
44,346.34250000000003,326.11949955,334.19459953999996,299.5200000000001,313.09999999999997,273.69770042333334
45,327.84750045000004,353.61900045000004,398.04719953999995,339.02079957333336,346.375,347.29419957666664
46,416.9204995500001,389.13750000000005,392.0856004600001,368.6016004266666,391.33749958333334,373.6975004233333
47,442.7460000000001,434.295,427.77240046,406.72,391.5625004166665,368.3381000000001
48,472.04100045,470.6369995500001,472.95360046,444.07039957333336,463.3500000000001,484.5558004233334
49,530.4015004500001,507.2625004500001,536.544,483.91680042666667,468.2249995833332,490.23269957666673
50,544.32,531.36000045,536.5439995399998,543.8847995733333,493.07500041666674,524.3956999999999
51,544.32,531.36000045,536.5439999999999,554.2016004266667,539.65,553.4025004233333
52,544.3200004500001,531.36,536.54399954,564.2880000000001,580.5999999999999,581.7362004233333
53,544.32,531.36000045,536.544,601.1392,582.4875,582.5362995766667
54,544.31999955,531.36,536.54400046,601.7023995733333,605.7375000000001,620.9919004233334
55,544.3200004500001,531.36000045,536.5439995400001,608.3839995733333,587.325,590.9691
56,544.32,531.36000045,536.5439999999999,596.3519995733333,555.9124995833333,572.2366
57,544.32,531.3599995500001,536.54399954,530.0607995733333,526.6499995833333,548.1447000000001
58,544.32,531.3599995500001,536.54400046,502.77119999999996,530.1,495.5032004233334
59,487.75500045000007,512.163,517.1963999999999,497.84320042666667,488.57499958333335,474.1925995766667
60,469.25999955,477.66509955,468.02699954,439.2908804266667,423.01250041666674,438.4929000000001
61,465.23700045000004,453.5811,466.53245999999996,417.99679999999995,412.82374999999996,436.8927004233333
62,444.09734999999995,435.33449955,437.5207199999999,423.41759957333346,393.08624958333326,397.46682000000004
63,414.7159504500001,393.98400045,385.08624046,381.74336042666664,354.39750041666673,343.5985
64,328.71420000000006,345.05325000000005,338.38980046,316.60800042666654,313.95750041666673,343.9921995766667
65,330.75000045,318.26249955000003,355.97099954,326.950400426667,292.85,275.24710000000005
66,307.13849955000006,328.67100045,317.5932,307.71200000000005,276.025,291.0204995766666
67,262.83150000000006,277.57349955000007,336.59580046,296.63999957333334,301.6750000000001,289.7123995766666
68,341.46900045,359.478,367.83899954,341.5167995733334,307.725,295.9989000000003
69,339.3225,356.87250044999996,360.594,356.78720042666686,337.5999995833332,339.81389957666664
70,359.9504995500001,388.27350000000007,410.39819953999995,362.816,342.84999999999997,345.88450042333335
71,470.0835004500001,466.04700045,436.6872,418.21440042666677,413.66249958333344,386.8039000000002
72,459.0000004500002,461.241,485.6358,452.49279999999993,432.4125,468.18549957666664
73,531.495,531.35999955,513.5118,498.93119957333334,502.5875,491.2106004233333
74,544.3200004500001,531.35999955,529.85099954,519.0527999999999,506.76249999999993,544.8173004233336
75,544.32,531.3600000000001,536.5440004599999,533.3760004266667,545.2874995833333,549.5543995766666
76,544.32,531.36000045,536.5439999999999,580.7487995733331,560.7875004166667,570.0141
77,544.32,531.35999955,536.54400046,579.0463995733334,548.1625004166667,577.8753995766666
78,544.3200004500001,531.36000045,536.544,585.0368004266664,619.8874995833332,581.9140000000001
79,544.31999955,531.36000045,536.54400046,593.1648004266667,567.9625,567.7154004233333
80,544.3200004500001,531.36000045,536.54399954,605.5808000000001,544.1375,560.8574000000001
81,544.31999955,531.36,536.5439999999999,541.0175995733333,562.8625004166666,547.8780000000002
82,544.32,531.36,536.54399954,541.1712004266666,516.5749995833334,558.5841
83,527.364,511.1505,536.5439995400001,523.1360004266668,458.125,475.742
84,499.25699955000005,467.4375000000001,485.59440045999986,450.1120004266667,454.12499958333336,454.53299999999996
85,459.8100004500001,459.19845000000015,476.4532795399999,442.92992000000004,424.9775,425.7078104233333
86,410.23799999999994,440.89920000000006,437.99819999999994,389.5808,392.60999958333315,385.1021
87,377.838,398.69820045,389.73407954,367.7695999999999,365.4574995833333,372.0363404233335
88,333.35549954999993,329.30550045,388.5252,328.5760004266667,312.7599999999998,325.76769957666687
89,303.35850045,310.81049955000003,331.03439954,285.6448000000001,320.80000041666653,268.64310042333335
90,307.62449955000005,346.27499955,342.59879954,267.14880042666664,301.85,287.3883
91,301.88700045,319.437,271.1700000000001,288.93440000000015,280.9000000000001,279.61589957666666
92,339.2955,353.1600000000001,346.22819953999993,330.16319957333343,299.8875004166666,286.9819004233333
93,368.469,378.83700000000005,327.75000046,321.04959957333335,340.08750041666667,350.1897995766667
94,392.7825,356.4135,406.617,369.4207999999999,349.5,347.91650000000004
95,452.76300044999994,428.00399999999996,400.60019954,403.50719999999995,379.075,432.42229957666666
96,465.62850045000005,453.76200000000006,465.32220046,426.15039957333335,423.19999999999993,453.97420000000005
97,543.72599955,530.7525,519.2526004599999,482.6623995733332,482.96250041666667,494.4109999999999
98,515.60549955,531.3599995500001,536.54399954,542.3743999999999,547.35,533.8318
99,544.32,531.36,536.5439995399998,556.1343995733333,547.5374999999999,569.3409999999999
100,544.3199995500001,531.3600004500001,536.54400046,580.2111995733335,549.1749995833334,567.4995
101,544.3199995499999,531.36,536.544,583.7056000000001,572.7749999999999,564.5912000000002
102,544.3200004500001,531.36,536.544,557.568,563.3749999999999,614.2609004233332
103,544.31999955,531.35999955,536.544,594.3807995733333,582.8625,587.6163004233333
104,544.32,531.3599995500001,536.54400046,568.192,530.9875004166665,539.7627000000001
105,544.3199995500001,531.36,536.5439995399998,586.1888,572.8375,540.3215
106,544.31999955,531.3599995500001,536.5440004599999,502.7456004266668,507.6,508.2539995766669
107,530.6175004500001,531.36000045,527.8086,479.0143995733334,475.0,489.3437004233334
108,472.87800000000004,478.8585,503.39640045999994,446.4384,422.3249999999999,450.9897004233334
109,454.20750045,424.61549955,481.95395999999994,424.82815957333327,414.42499958333315,419.54704000000004
110,396.2655000000001,408.3898500000001,420.25139954,390.6291204266665,400.0,395.45133000000015
111,378.32669955000006,388.65825,404.70156046000005,352.0640004266669,379.47499999999997,358.53370042333347
112,318.99150045,328.02299955,332.73180045999993,325.90080042666676,331.12500041666664,314.8076
113,309.97349955,316.12949955000005,336.5682,309.2095995733334,265.27625,309.0418
114,316.64249955,322.94700045,366.7487999999998,309.2608000000001,274.5625004166668,319.4684995766666
115,343.08900000000006,299.91600045,329.30940045999995,285.2864000000002,315.1249995833335,315.8616999999999
116,293.08500045000005,309.12300045000006,347.9669999999999,311.75679999999994,312.44999958333335,288.89960042333325
117,334.395,360.08549955000007,338.45880046,345.2927995733332,333.2375000000001,329.2474995766668
118,417.582,398.7630000000001,384.70260046000004,382.82239957333337,394.70000041666646,344.9700995766666
119,469.86749955000005,433.74149955000007,427.9931995399999,387.3408000000001,383.7625,408.94
120,465.7635,470.63699955000004,480.54359954,449.7152000000001,433.2000004166667,428.9298
121,533.7360004500001,531.35999955,517.62420046,508.1087995733333,468.4625004166667,488.7849004233335
122,544.3199995499999,531.36,536.544,491.0847999999998,464.2374995833333,515.2898004233335
123,544.3199995500001,531.36,536.544,536.2688004266668,511.0249999999999,574.6750004233332
124,544.3200004500001,531.3599995500001,536.5439999999999,594.8416004266666,579.9749995833333,594.5759004233335
125,544.32,531.36,536.54399954,596.7616004266666,599.0374999999999,605.5614004233331
126,544.3200004500001,531.36000045,536.54400046,584.2944,586.587499583333,574.5353004233333
127,544.3199995500001,531.3599995500001,536.54400046,573.0943995733332,577.3499995833336,595.8458999999999
128,544.32,531.36,536.5440000000001,590.9376000000001,590.4999995833333,560.2986
129,544.32,531.3600000000002,536.5439995399998,552.5887999999998,536.2375,559.3714995766667
130,542.538,531.36000045,536.54400046,515.6991999999999,511.87499958333314,517.6011995766663
131,541.5795004500001,497.4480004500001,536.5439995399998,491.82719957333336,451.43749958333336,506.18389999999977
132,488.7269995500001,484.5825004500001,511.4004,438.75072000000046,442.7250000000001,460.7306000000001
133,469.11285045,460.95075,461.78388,440.47744000000034,401.30000000000007,426.2577200000001
134,419.8607995500001,420.7814995499997,458.27316,393.05472042666656,394.94000041666663,382.5874995766665
135,383.76450000000006,392.07914955000007,388.1415604599999,372.6323200000003,356.94999958333335,351.9576395766665
136,306.03149955000004,359.27549955,343.6752,313.24160042666654,315.125,302.7807
137,307.40850045,326.24099955,296.6724,262.6944004266667,304.63750000000005,316.6237004233334
138,308.33999955,277.65450044999994,289.9104,273.6512,322.4625000000001,282.2321000000001
139,305.03249955,300.64500000000015,317.7726,314.5344,304.13750000000005,297.57370042333366
140,307.34099955,318.68100045,372.77939999999995,292.60799957333364,319.3875,293.83989957666665
141,368.5500004500001,353.99699999999973,398.7372,357.05600042666674,304.3249995833331,355.67620042333334
142,406.08000045000006,389.9070000000001,446.67840046,348.6975995733331,341.53749958333333,376.4406995766665
143,442.66499955000006,438.2909995500002,420.94140045999995,436.71039999999994,399.1375004166667,404.71089957666646
144,469.78650000000005,450.2655000000001,519.94260046,415.52640042666644,435.0125,445.64299999999986
145,486.97200045000005,495.9765004500001,521.6124000000001,503.66719957333373,458.6374995833333,465.0359004233332
146,544.32,531.3599995500002,536.544,513.9071995733335,506.9875000000002,538.6958999999999
147,544.3200004500001,531.36000045,536.544,533.0944,520.5249995833332,574.5734000000003
148,544.32,531.36000045,536.544,596.9151999999999,570.9875004166666,577.9388999999998
149,544.32,531.36000045,536.5439999999999,610.3680004266668,606.0875004166668,576.6561999999998
150,544.3199995499999,531.36,536.544,603.9296004266662,595.3749995833333,571.3603000000002
151,544.3200004500004,531.3599995500001,536.5440000000001,636.7744004266668,572.0500000000003,570.0013995766669
152,544.3199999999999,531.3599995499999,536.54400046,575.7184004266667,587.6499995833333,607.6949995766669
153,544.3199995500003,531.36,536.54400046,572.8384000000002,564.9750000000004,540.2198995766668
154,544.3200004500001,531.3600004500001,536.5439995399998,521.8943999999999,512.0874995833335,534.8224
155,506.73600000000005,531.3599995500001,533.9633995399996,484.0063995733336,439.4125004166665,486.9941995766666
156,431.81100045,485.6624995499997,511.06919953999994,467.07200000000006,432.78749958333333,450.7738004233334
157,456.29189955,453.7350004500001,471.67710045999996,418.02496000000014,397.38750000000016,436.66409999999996
158,435.26835045000024,430.7350500000002,424.50042,400.83328042666693,404.6875004166667,396.30223042333347
159,392.607,401.3955,408.95058046000014,366.38336042666657,354.25500041666703,372.66499042333334
160,387.66599955,336.15000000000003,352.52099953999993,323.13984,324.2187504166667,313.1565995766668
161,316.87199999999996,315.94050000000004,334.52580046,308.3903995733334,306.2999995833331,300.95189957666656
162,345.26250000000005,310.95900045,340.23900046,269.38879957333364,273.57500000000005,278.6507004233334
163,285.5924995500001,310.3245,337.92060046,306.0224004266667,275.3999999999998,282.06700042333335
164,315.23850044999995,318.74850045,366.50039953999993,320.8448004266668,323.5750000000001,339.4201995766665
165,299.90250000000003,379.99800045000006,374.61479999999995,358.0288004266667,313.1125000000002,343.40799957666644
166,407.80799954999986,409.8465,401.0556004599999,404.9919999999997,348.2374999999999,356.29849999999993
167,447.87600000000003,433.51199954999987,451.2185995399999,420.60800000000006,355.8125000000001,390.43610000000024
168,449.64450045,456.9750004500001,526.5389999999999,434.7648000000001,416.81250041666664,436.02909999999997
169,530.05049955,522.1935,529.4232,458.02240000000035,462.48750041666653,505.3964995766669
170,544.3200004500003,531.3600004500001,536.54399954,553.7024004266668,506.59999999999997,565.3277999999999
171,544.32,531.35999955,536.54400046,527.6032004266663,536.1625004166667,579.1834995766666
172,544.31999955,531.36,536.5439999999999,529.164800426667,588.4625,551.0403000000001
173,544.32000045,531.35999955,536.54400046,593.4463995733336,574.4500004166664,578.6119999999996
174,544.32,531.3600004500004,536.5439999999998,629.9392004266665,574.3875004166666,621.3220995766668
175,544.3200004499998,531.36000045,536.54400046,529.7664,593.9249995833334,611.4034004233336
176,544.31999955,531.36000045,536.5439999999999,593.0624000000003,547.2875,581.8759
177,544.3199999999998,531.36000045,536.5439999999999,559.4112,518.4624995833332,559.5619995766667
178,544.31999955,531.3600004500003,536.54400046,567.232,522.6124995833334,541.3247995766666
179,535.8824999999998,513.21599955,536.54400046,467.1871995733334,489.45000000000005,518.2488999999999
180,460.66049999999973,492.1695,489.5163604599997,454.03008,443.33749999999964,431.660300423333
181,451.23075000000006,479.06910045000006,469.04819999999995,434.55743999999993,412.65000041666656,439.6917804233334
182,429.42149955,429.7751995500001,450.93845953999994,399.0528004266668,389.08249958333323,399.21942000000007
183,403.6486495500001,386.86545,411.62364,349.9263999999998,359.4962504166666,371.13210000000004
184,322.083,357.39900045,340.32593954,320.7295995733333,310.8800004166666,331.91703999999993
185,313.8345004500001,331.16849955,305.17319954,298.8160004266665,315.8624995833332,289.8267000000001
186,315.07649954999977,308.55600000000004,282.15479953999994,297.1392004266669,311.07500000000005,295.7576004233333
187,321.50250000000005,306.42300045,336.59579954000003,275.4048000000003,296.21249999999986,300.57089957666665
188,334.17899955,350.41949955000007,353.11439954000014,330.2272000000002,326.16249958333333,332.73999957666666
189,358.91099955000004,386.64000045,370.53000046,326.74559999999997,354.72499958333316,309.98159999999996
190,377.109,403.48799955000004,432.57480045999995,349.23519957333343,374.51250000000005,360.27359957666675
191,419.93099955,430.3799995500001,414.2070004600001,431.0144004266667,407.34999958333333,399.3515004233333
192,460.5525,453.1545004500001,475.54799999999983,486.3232000000001,424.6875,482.3968004233332
193,500.526,507.1544995500001,536.5440000000001,493.4015995733332,473.46249999999975,498.9194995766667
194,541.4715000000001,531.36000045,536.54399954,508.4799995733329,522.024999583333,519.6713000000002
195,544.3200004500001,531.36000045,536.5440004599997,555.1872000000001,519.8000000000004,544.5887
196,544.3200004500001,531.36,536.54399954,560.4735999999999,540.6125004166666,575.9577
197,544.31999955,531.36,536.5439995399996,585.9840000000003,573.5874995833333,610.4509
198,544.3199995500001,531.36000045,536.544,575.0399995733336,603.5999999999999,567.588400423333
199,544.3200004500001,531.3599995500006,536.5439999999999,574.2080004266675,551.3875004166671,589.2545999999999
200,544.32,531.3599995500001,536.5439999999999,583.2320000000001,567.9000000000001,598.6398995766668
201,544.32,531.36,536.5439995400001,567.2320000000001,536.3874995833334,531.8886995766666
202,538.974,531.36,536.5440004599999,505.54879957333293,518.2750000000001,511.0733999999999
203,498.79799955000004,503.79299955000005,510.46200045999996,518.643200426667,439.8625004166666,474.8656999999998
204,510.08399955,471.4739995499998,464.74122045999997,471.55199999999985,441.2650004166667,448.1067995766666
205,431.12250000000006,448.9289995500002,444.26340045999996,428.87552042666636,400.6574995833332,417.6763304233333
206,412.40880000000016,424.60335000000003,431.97726045999997,413.6870400000007,405.4624995833335,415.66211000000004
207,417.9195000000001,384.04260045,395.91647954,373.7395200000002,361.6075,376.57532000000015
208,325.52955045000004,334.89450045000007,341.54862045999994,335.8720004266665,312.26249958333335,304.39487
209,309.44700045,311.79600000000005,284.0454,324.1728000000001,291.7375000000002,300.2152995766669
210,315.5625,288.91350045,318.31080000000003,332.96640000000014,271.2250004166668,276.49170042333316
211,324.74250000000006,302.00850045,304.49700046,299.1743995733331,305.47499958333395,305.85409999999996
212,337.4055,313.09199955000014,319.02840046,287.29600042666624,297.4375,347.17990000000003
213,313.05150044999993,386.22150045000006,357.8201995399999,381.0432004266666,329.4000000000001,296.2783
214,364.20300045000005,401.65199999999993,391.9062004599999,398.38720042666654,354.65000041666656,373.59590000000003
215,443.1105,443.13749955,421.24499999999995,407.6160000000004,420.87500000000006,417.85540000000003
216,447.48449955000007,495.57150000000007,500.48460045999997,453.36320042666654,443.6625,435.96559957666636
217,488.03849955000004,531.35999955,497.2691995400002,505.9584000000001,491.8999995833334,464.7564995766666
218,544.3199999999999,531.35999955,536.54399954,522.1504004266668,541.0374999999999,514.8071995766668
219,544.3199995500003,531.35999955,536.544,569.7408004266665,511.98749958333326,555.6504000000001
220,544.32,531.36000045,536.544,566.1055999999999,587.5166662500002,578.7008995766669
221,544.3199999999999,531.3599995500001,536.54400046,614.4512004266668,569.4883333333335,587.9719004233334
222,544.3199995500001,531.36000045,536.544,619.9552004266667,583.2450004166665,590.2706004233329
223,544.3200004500001,531.36,536.5439995400001,601.6383995733329,557.8124995833333,609.9556000000001
224,544.3200004500001,531.3599999999998,536.5440000000003,590.2207999999996,577.7875004166667,589.6229004233331
225,544.3199999999999,531.36,536.54399954,529.8303999999999,541.2625,566.9914999999997
226,544.3200004500001,531.3599995500001,536.5439995400001,503.1423995733333,511.66250000000025,502.64060042333347
227,511.8795004500001,500.62050045,516.6858,488.00000000000017,507.4124995833333,488.9880995766668
228,466.00649955,475.32150000000007,524.5793995399999,456.5119999999996,424.0624995833331,375.4501004233332
229,429.6509995500001,442.98899955,470.38403953999995,429.2480004266666,415.6562495833336,367.97488042333293
230,430.3044004500001,425.52135045000006,452.80145953999994,406.7392000000002,400.3862500000002,349.27666999999946
231,391.52294955,391.02209999999997,398.8586404599999,386.7008,371.41749958333327,367.04693290999984
232,345.73499955000005,339.06600045,348.90540045999995,316.56959957333356,311.6399995833333,334.45958000000047
233,312.03899955000026,317.50649955,328.89540045999996,326.34879957333334,265.51249999999993,322.80436709
234,343.0755,301.3469999999998,311.0934,324.24960042666675,309.1374995833334,336.14021375666647
235,314.4555,313.7400004499999,337.00980000000004,318.643199573333,313.7875,318.31279957666663
236,334.74599955,314.46900044999995,346.95959954,297.38240042666683,271.32500000000016,342.4284066666669
237,350.82450045,348.30000045,375.4151995399998,339.072,333.47499958333293,350.65970000000004
238,337.08150045,371.39850045,378.8100000000001,348.6336,323.79999999999995,343.8017000000003
239,449.9820004500001,407.1329995499999,455.9520004599999,389.248000426667,402.02499958333357,394.9699995766667
240,452.47949954999996,488.3220004500001,486.0084,426.57280000000014,430.5874995833334,464.6548995766667
241,510.90749955,496.3949995500002,511.45559999999983,498.944,475.55,498.4369004233333
242,523.2060004500004,531.36,536.544,514.2656004266669,521.9500004166667,514.1976
243,544.32,531.3599995500003,536.54400046,538.9312004266668,542.6125,538.5561995766666
244,544.3200004500001,531.36000045,536.5439995399998,606.8095995733335,537.5000000000001,567.5249004233332
245,544.3200004500001,531.36000045,536.544,596.3519995733333,586.8125004166667,593.9154995766668
246,544.3200004500001,531.36000045,536.54399954,603.8400004266667,572.3374999999999,616.0388995766665
247,544.32,531.36,536.5439999999999,577.9071995733335,548.9749995833338,584.0222004233331
248,544.31999955,531.36,536.544,572.1855995733337,594.2999999999997,554.8249004233334
249,544.3199995499998,531.3599995500002,536.5439995400001,552.5632004266664,532.9124999999997,573.6971000000002
250,544.3199995499998,531.36,536.5440004599998,495.5904004266672,521.6624999999999,488.6197995766667
251,526.6755004500001,509.62500045,536.54400046,478.2591995733332,468.6625,482.8159004233334
252,450.522,477.34650000000005,516.4650004599999,440.6784000000004,463.57499999999993,445.9960599999999
253,473.31269955,461.862,452.26050046,432.87040000000036,423.12499958333314,400.33066999999977
254,446.9984995500001,406.12049955000003,422.8043995399999,406.9503995733334,392.42999958333314,388.92480000000046
255,384.01425,398.1420000000003,401.23223999999993,367.12960000000015,373.2462504166666,353.25176957666673
256,324.98819955000033,337.39065045,356.92320046,323.48160000000024,308.6625,333.3305495766667
257,284.95800000000025,303.23699999999985,325.19699953999987,313.9584000000005,305.6625,306.51449957666637
258,321.0299995499999,324.56699954999925,317.1101999999995,316.18559999999997,305.78750000000025,274.70099999999996
259,313.96950045000006,317.39849954999977,290.94540046,300.5312004266669,261.48750000000007,295.9988999999999
260,339.1740000000003,340.44299954999997,327.77760046,308.7615995733333,336.2499995833343,318.03340042333355
261,356.91300045,361.935,379.80360000000064,326.4000000000005,314.6875004166666,351.15499999999963
262,373.8960004500001,369.29250045000003,376.1879995400001,374.72000042666696,359.900000416667,386.20699957666676
263,454.41000045000004,433.78200000000004,459.52619999999996,415.09120000000047,405.96250000000026,401.3962004233335
264,472.4999995499995,477.7649995500001,497.7108,485.52960042666655,440.2500004166668,451.9168
265,543.9285004500001,519.7364995500003,529.9889995399999,472.9600000000003,458.0749995833333,519.0616995766665
266,544.31999955,531.36,536.5439999999996,510.8608004266664,509.0625,527.7357999999999
267,544.3199995500001,531.36,536.544,580.4927999999993,558.0499999999996,563.1814999999998
268,544.31999955,531.3600004499999,536.5439995399998,601.1263995733327,537.1999995833337,578.9421999999996
269,544.3200004500001,531.3599995499998,536.5440004600006,595.7248000000001,588.15,579.0310995766663
270,544.3199995500001,531.3600004500004,536.5439995399998,579.4048004266674,584.0750004166673,576.0593
271,544.3199995500001,531.36000045,536.54400046,571.1744000000002,623.9999995833343,596.6206004233333
272,544.3200004500001,531.36000045,536.54400046,581.504000426667,567.5499995833333,574.027299576667
273,544.32,531.36,536.5439999999999,545.9711995733333,568.3249995833343,555.6376999999991
274,544.31999955,531.36,525.3384004599999,551.7184004266667,522.962499583333,534.8732004233331
275,513.72900045,531.35999955,518.2727995399999,476.0448000000012,458.9875004166664,503.999499576667
276,470.40749955000007,456.7590004500001,500.53979954,450.4063995733333,454.25624958333333,460.04480042333364
277,457.002,446.9202000000002,450.1421999999999,431.38048000000003,429.31749958333364,418.2363995766668
278,425.22839999999985,412.6409995499996,445.60889954,393.56160042666664,398.0050004166671,401.717510423333
279,369.19800045000005,388.65825,365.35499999999996,349.93023999999906,368.8300000000005,370.06148999999994
280,341.1855,338.9620495499999,372.1445995399999,333.27359957333323,317.8625004166667,306.7812004233334
281,304.0470000000001,322.09650045000006,308.9820000000003,278.1055995733324,301.6625000000001,309.56249957666665
282,290.14200000000005,304.42499955,299.5152000000002,276.8767995733334,327.36250041666665,241.19840000000002
283,313.9964999999997,317.5469995500004,296.5482,330.5727995733331,304.1499995833337,295.45280000000025
284,320.26049954999996,284.26950000000056,293.9952004600001,325.67040000000026,305.25000041666647,331.17789999999997
285,368.94149955,341.07749954999997,360.41460000000006,324.4160004266668,316.02499958333334,350.3803
286,399.0600004499997,380.1464995499997,432.9335995399999,360.6272004266666,343.6875004166663,364.5027004233335
287,384.25050045,432.04049955,435.1416,430.2592000000009,401.3249999999999,381.64770000000004
288,483.04349955000004,449.6850000000001,494.6058004599999,462.22079957333364,430.51249999999976,449.03390042333393
289,474.80850045,531.3599999999996,536.21279954,468.9152004266666,453.38749958333347,508.9143995766667
290,544.3199999999999,531.36000045,536.5440004600002,510.0032004266663,511.13750000000005,515.4930004233325
291,544.32,531.3599995500001,536.5440004599999,585.3184000000005,549.300000416667,566.9025999999998
292,544.31999955,531.3599995500001,536.54400046,576.4736000000001,585.0624995833335,580.8218004233336
293,544.3199995500001,531.3599999999999,536.544,595.699200426667,546.7375004166665,577.1768999999999
294,544.31999955,531.36000045,536.54400046,550.5536004266663,567.6625000000003,598.8558
295,544.3199995500001,531.3600004500003,536.5439995399998,615.5007995733332,557.4499999999999,580.5423995766673
296,544.3200000000003,531.36,536.544,604.4671999999996,579.7249995833333,579.7549995766667
297,544.32,531.36000045,536.54399954,540.211200426667,556.225000416667,580.1106
298,543.9420000000001,531.3599995499999,536.544,555.9936,525.3,539.4832999999998
299,511.91999954999994,531.36000045,536.544,460.27520000000004,509.8875000000003,491.0455
300,507.69449955000016,496.78650045000006,483.17939999999993,434.45759957333337,425.82499999999993,461.42909999999983
301,471.4064995500001,457.6635,456.72480046000004,414.9760004266666,419.36249958333326,408.39389957666674
302,433.07055000000014,425.00700045,440.43527954000007,402.94272000000046,395.57124958333293,404.9610900000002
303,411.93495,380.33550045,424.17473999999993,353.4591999999997,377.0699995833337,367.32717999999977
304,333.04500045000026,312.98400000000004,375.80159953999987,311.8412795733335,308.30000041666653,361.3531
305,300.8475004500001,306.88199955,291.6630000000002,289.8815995733338,310.27500041666667,323.1388000000004
306,337.95899955000004,296.85150044999995,303.5447995399998,283.648,279.9124995833332,268.65579999999943
307,321.3945,325.4580004500001,300.50879954,276.32640042666696,291.16249958333276,300.9138004233338
308,311.3100004500001,337.59450045,322.97520000000026,326.00319957333295,302.5250004166668,278.9682004233338
309,379.41750000000013,347.6384999999998,386.39999953999995,343.7696,370.2374995833329,357.7208999999993
310,363.9734999999996,367.227,410.757,339.712,373.09999958333356,373.3800004233332
311,452.51999954999985,454.42350000000005,459.20879999999994,395.09760000000006,421.3124995833332,423.82440000000014
312,483.00300045,442.58400000000006,484.03499999999997,455.23200042666684,465.4499995833333,466.2678000000001
313,507.85650000000004,487.7280000000001,520.7844,466.4960004266665,487.9625,460.10830000000004
314,533.8035000000001,531.3600000000002,536.5439999999999,505.3696000000003,503.275,508.5079995766664
315,544.32,531.3599995500001,536.544,552.0383999999998,552.0249995833328,549.3512
316,544.3200004500003,531.3599995500001,536.54399954,562.0992000000005,569.4625000000001,564.7435995766668
317,544.3199999999999,531.3600000000001,536.54400046,593.7151999999992,580.4749995833332,597.7382004233338
318,544.3200000000004,531.3600000000002,536.5439999999999,605.9135995733329,574.1874995833335,580.1995000000001
319,544.3199995500001,531.3599995499999,536.5439995399998,554.9952004266663,577.0250004166666,586.0034
320,544.3199995500001,531.35999955,536.544,581.5808000000005,525.5749995833334,553.1738999999995
321,544.3200004500001,531.3600004499996,536.5440000000001,532.9279995733333,559.9874999999998,575.7290999999997
322,540.378,531.36000045,536.5439995399998,506.4575995733332,487.7749995833336,476.5166999999999
323,544.32,527.1884999999997,496.7448004600001,475.4687999999995,480.0625,447.9925004233336
324,499.7025,502.86150000000004,478.12859999999995,463.0528000000005,452.00000000000057,445.8208004233333
325,442.5975004499999,448.92899955000007,467.0430595399999,439.1859199999996,423.0374999999999,420.5668504233339
326,436.32540045000013,427.6894504499998,457.40652045999997,408.1894395733338,395.622500416667,395.75232000000005
327,365.68799955000003,408.7232995500001,401.4323395400001,361.06239957333395,368.01250041666674,345.4692100000005
328,341.28405000000004,359.6130000000004,349.55124046,329.5360000000001,336.11249958333303,321.37350042333355
329,334.75950000000057,357.6420000000001,302.9652,316.12159999999983,288.72500041666575,297.3704995766655
330,300.65849955000067,341.8469995500001,331.3104,320.6016004266668,320.5374999999998,301.86629957666696
331,295.87950000000006,316.61549955000015,347.80140000000006,323.5712004266663,277.98750041666653,297.7515004233332
332,352.4985000000001,312.44399955000046,343.04039954,326.61760000000055,307.5749995833326,299.00879957666666
333,348.35399954999997,364.10850000000005,376.9470004599999,328.33280042666667,321.3750000000004,320.63690042333343
334,407.40299999999996,396.3870000000001,353.79059953999996,352.0767995733335,388.99999958333285,353.49180000000047
335,411.5879995499993,449.63100045000004,450.1559995400003,405.5551995733331,399.6624999999994,418.8332995766671
336,492.70950045000006,433.647,499.43579953999983,447.71839957333384,433.37499958333325,465.97569999999996
337,513.49950045,498.06899999999996,505.99080046,491.9168000000001,508.4,481.93959957666596
338,544.32,531.36000045,536.544,482.75200000000007,508.05,516.267699576667
339,544.32,531.36,536.5440004599999,558.8864000000004,550.8000004166672,562.3433
340,544.3199995499999,531.3600004500003,536.54400046,615.6031995733333,578.9749999999999,574.6623004233337
341,544.3200004500001,531.36000045,536.54400046,640.9343999999999,562.4499995833336,585.2413995766667
342,544.3199995500001,531.3600000000001,536.54399954,643.2895995733338,589.8500004166671,590.3722
343,544.32,531.3600000000001,536.5440004600003,607.6672004266666,560.8000000000002,611.1494004233334
344,544.3200004500001,531.36000045,536.5440004599999,579.8528,575.7374995833335,583.3618004233338
345,544.31999955,531.36,536.54400046,541.0560000000002,530.8375004166667,571.6905004233334
346,544.32,531.36,536.5439999999999,517.6191995733341,520.9499999999998,505.8537
347,509.82750044999995,519.2505000000003,529.9752004599999,495.59039957333374,489.7249995833329,471.38589957666653
348,491.31900044999946,484.1100004500001,488.23019999999997,438.323199573333,442.62500041666755,474.21799999999985
349,463.84244955,454.92300044999996,453.99516000000006,427.64928042666673,416.3137495833328,434.5241500000007
350,426.4528504499999,401.5035000000001,428.8763999999996,386.79167957333414,405.3949995833334,407.198829576667
351,398.3984995499999,376.8390000000004,385.2546000000001,366.8185599999999,364.5375000000007,386.28192957666647
352,356.94,326.48399954999974,341.8756795400002,300.5824004266669,325.38749958333426,305.8033004233327
353,292.1265,334.4355004500008,345.9798,303.10399999999976,297.525,300.26609957666716
354,295.52850044999997,307.19249954999975,340.25280000000004,281.95839999999976,305.0624999999996,304.5078995766669
355,366.8355,321.54299955000005,320.5740000000001,303.11679957333354,275.1499995833333,298.79290000000054
356,311.71500045,316.27799955,334.0151995399999,297.4336000000002,323.96250000000003,272.4277004233333
357,381.36150045000005,375.20549955,371.34419954000003,353.08800042666593,333.47500000000025,324.21829957666677
358,399.99149999999975,391.59450000000027,410.23260000000005,362.1120000000004,368.67500041666653,366.6871000000009
359,437.8319995499999,431.41950045000004,419.9615999999996,425.25440000000134,402.3750004166675,423.63389957666703
360,520.87049955,444.8924995499999,524.4828,431.7824004266663,414.2999995833333,432.51119957666674
361,518.3189995500001,522.20699955,506.04599999999994,469.8624,511.025,452.5899000000002
362,527.14800045,531.36,536.5439999999999,515.5711995733328,488.58749958333334,510.61112000000037
363,544.32,531.36,536.544,549.2351999999997,523.7625000000007,542.6718470900013
364,544.3200004500001,531.3599995499997,536.54400046,581.4528004266671,580.5624995833332,599.520433333333
365,544.3199995500001,531.36000045,536.544,586.7008000000002,585.3624995833334,611.5812004233337
366,544.3200000000005,531.35999955,536.54400046,602.4703995733338,571.9625004166663,611.6193004233332
367,544.3199995500001,531.36000045,536.5439995399998,586.3680004266665,591.6875,585.3175999999999
368,544.3200004500001,531.3599995500001,536.544,596.3648004266668,539.25,550.9641004233334
369,544.31999955,531.35999955,536.5440000000003,590.4767995733334,549.9250000000001,529.9837004233337
370,503.36100045000006,531.3599995500003,536.54399954,559.0912004266669,497.77499958333374,504.5456004233337
371,469.8945004500001,523.044,536.5440004599999,485.0432004266668,479.7499995833337,470.38260042333326
372,467.86950045000003,468.92250045000077,502.8030004599999,456.40960042666694,441.84374958333376,452.3994004233333
373,445.47300000000007,466.7206495500001,457.29059999999987,406.1990400000012,428.6600000000005,436.5256695766667
374,420.30900045000004,418.33260045,450.5424004599999,418.89535957333385,386.8675004166665,404.05938957666666
375,386.1283504499998,376.06005045,385.95288000000005,367.0028795733329,356.4825000000001,365.0386399999993
376,321.70499955,337.22459954999994,333.73919953999996,319.42400042666645,333.02500041666684,325.58990000000017
377,312.32249955000015,324.02700000000004,341.7708004599999,286.11840000000007,304.61249958333303,317.1697999999999
378,310.06799955,328.4415000000001,325.10040045999995,301.0175999999998,280.6750004166662,309.7529995766667
379,339.32250000000016,297.29700045000004,350.61659954,281.79199957333327,302.5250000000001,302.209200423334
380,333.31500045,320.7060004499997,324.81059953999994,314.4320004266666,337.2624995833334,336.2705995766667
381,348.83999955,404.32500045,377.4300004599999,318.2079995733334,356.98749958333343,299.00879957666655
382,385.08750044999994,366.8895,381.88739953999993,354.0863995733333,340.02500041666684,341.2108995766667
383,415.82700045,432.51300044999994,469.131,388.7616004266672,358.16250041666683,388.5056999999998
384,475.3215,478.521,477.4248004599999,475.41077333333436,433.2875,453.5423995766669
385,488.5515004500001,516.5775004500001,479.20500045999995,510.7524262399993,468.2999995833333,513.0165
386,544.32,523.5165000000001,536.5439995399998,504.8575995733333,545.75,548.6908004233331
387,544.3199995500001,531.36000045,536.5440004600001,544.1535999999999,543.5749995833331,556.5901999999999
388,544.3199995500001,531.36000045,536.5439999999999,602.8416004266666,555.1250004166666,604.3549004233337
389,544.3200004500001,531.3599995500001,536.5439999999996,582.7200004266668,552.3999995833333,594.6774995766667
390,544.31999955,531.35999955,536.54399954,616.1920000000002,569.9124995833334,574.7257995766666
391,544.3199995500001,531.36000045,536.54400046,608.2431995733335,569.8624999999995,586.8797000000001
392,544.3200004499996,531.36,536.544,599.6160004266669,564.4125000000001,597.0015999999997
393,544.3199995500001,531.36,536.54399954,551.2959995733324,572.9499995833332,552.3356995766667
394,544.32,531.36000045,536.54399954,532.838400426667,523.125,544.5759995766665
395,521.30249955,510.27300000000014,534.32219954,473.4464000000006,457.47499999999974,510.14629999999966
396,460.59300045,481.55850045000005,480.6263995399999,462.5408000000004,461.9500004166672,443.8510304233333
397,462.02129955000004,437.21505045000004,476.12621953999997,450.1375995733333,406.14125000000007,432.8795000000002
398,438.25725,420.4183504500001,441.2025595399999,397.65632000000005,377.4499999999998,387.0934600000003
399,408.1995000000001,407.72294955,392.26361999999995,356.134400426667,357.4737499999997,350.2050399999998
400,314.44200044999997,350.14950045,367.09380045999995,324.35200042666645,312.97875,333.48930042333274
401,312.16049955,309.4335,313.02540046,310.0544000000008,255.8875004166655,326.16140042333376
402,307.44900045,330.5880004500001,356.48159954,309.3248,273.6375,264.29969999999975
403,336.5415,336.44699955000004,312.18359999999996,308.8127999999999,316.8875004166668,264.1980995766667
404,340.3755,349.38000045,329.75100045999994,316.94079999999985,283.0000004166666,307.37809999999973
405,354.969,364.0139995500001,322.53360000000004,367.6160000000002,357.0250004166666,369.88749957666676
406,372.65399955,384.0210004500001,406.43760045999954,378.8543999999997,352.53750041666694,383.8194004233335
407,459.13499955000015,451.57500000000005,452.019,416.4351999999996,404.89999999999924,404.05050042333346
408,465.6015000000005,473.66099955,484.06259953999995,454.32320042666674,408.125,437.3498995766662
409,502.9425,484.8794995499998,528.6366000000002,482.3552004266663,457.46249999999986,473.1385
410,544.3199999999999,531.3599995500001,536.5440004600002,544.9471999999993,530.0999995833336,556.0695000000003
411,544.32,531.3600004500008,536.54400046,538.4703995733341,548.6999999999999,590.6261995766664
412,544.3200004500001,531.36000045,536.54399954,595.2767995733333,600.5625004166667,546.9636004233337
413,544.3200004499997,531.36000045,536.54399954,626.3808,569.5124999999998,596.0110000000006
414,544.3199999999999,531.36000045,536.5440000000001,593.3311995733332,570.9375004166661,572.0587999999999
415,544.3200004499996,531.36,536.5439995400002,584.2688,568.5499995833331,605.1422999999998
416,544.31999955,531.3600004500001,536.5440004599999,562.278400426667,583.450000416666,566.6866999999999
417,544.32,531.36,536.54399954,541.9264004266666,518.9874999999998,566.6739999999996
418,544.3199995499999,531.36000045,536.5439999999999,502.3103999999992,548.5375004166667,536.0415995766665
419,503.33399955,531.3599995500001,536.5440000000003,472.8448000000003,419.1374995833334,475.25939999999963
420,464.5080000000001,470.2455000000002,499.3530004599999,468.24959957333306,475.8750004166665,467.1694995766664
421,468.1799995500001,436.69800000000004,452.88702,430.0352,415.03749999999997,435.99100042333333
422,429.55379955000006,432.7236,438.65783999999974,413.12127957333337,381.34999958333333,397.5963604233335
423,382.3038004499999,375.8129995500001,408.82362,361.45279999999997,350.1349999999999,350.98990042333344
424,339.61545,354.09150045000007,341.71559954,326.18239957333265,324.43750041666584,304.35550000000023
425,312.7409995500003,314.46899955000004,333.78060000000005,253.56159957333276,317.5749999999996,276.16149957666653
426,318.04650045,317.81700000000006,361.6289999999999,306.3679995733334,295.75000041666567,298.2976
427,304.84349954999993,344.88450045,365.10659954,297.8559995733327,309.02499958333306,293.9034004233326
428,327.94200045,299.37600000000054,341.5913999999997,289.6256004266665,336.9625000000001,321.2592
429,337.67549955,378.2835004500001,354.7152,350.79679957333354,333.4749995833334,303.4284004233333
430,388.2329995500001,372.6945000000001,396.80520046,355.59680042666736,389.98749958333315,397.979899999999
431,430.44750000000005,417.97349999999994,421.05179954,369.7920004266666,399.64999999999986,412.5214000000002
432,474.67349955000003,480.0330000000001,480.98519954000005,438.8736000000003,439.30000000000007,490.93119999999993
433,544.31999955,531.0495004500001,522.88199954,449.75360042666716,461.8125004166663,479.19639957666686
434,544.32,531.3600004500001,533.0801995399999,513.7024004266668,493.8999999999992,516.5471000000005
435,544.3199995499999,531.36000045,536.54399954,542.144,557.4499999999996,543.7631995766662
436,544.31999955,531.36,536.5440000000002,570.2143999999998,561.6000000000007,545.8079004233336
437,544.3200004500001,531.36,536.5439995399998,589.9391995733338,598.6250000000003,597.4841995766667
438,544.3199995500001,531.35999955,536.54399954,610.5472004266661,584.7000004166662,591.3119999999999
439,544.3200004500001,531.3599995499999,536.54400046,576.2943995733332,613.2375000000001,574.3448004233339
440,544.3200004500004,531.36,536.5440004599999,583.744,585.9500004166665,574.0146000000004
441,544.3200004499998,531.3599995500001,536.5439995400001,572.1215999999989,538.025,566.4835000000002
442,536.7735004500001,531.3599995500002,536.5439995399998,502.361599573333,519.3750004166674,536.9178995766664
443,519.0884995499999,531.36000045,489.58260046000004,485.95200042666664,441.8624999999995,472.6558999999995
444,487.80900044999953,486.8370004500001,482.862,442.11199957333343,453.02500041666667,436.76569957666635
445,432.97200045,454.19265045000003,467.8393204599999,440.7014404266671,405.5499995833335,422.5163004233336
446,427.8433495499999,441.3311999999999,435.81504046,398.16960042666744,386.80375041666696,407.08071957666726
447,392.24654954999994,386.38350044999993,397.39445953999996,354.24000000000046,363.4875004166664,381.6908804233334
448,358.53300045000026,359.15399955000015,333.72540000000004,320.58239957333257,295.03749999999997,329.1712995766669
449,334.71899955000004,293.8815000000003,301.0194,274.3423999999998,302.12500000000006,313.38520000000034
450,318.1544995500001,303.38550000000004,308.58179999999993,292.8255999999998,321.02499958333334,297.3705000000003
451,319.1940000000007,316.737,322.782,293.1072004266675,289.7875000000005,284.3784004233334
452,364.3380000000002,336.05550045,394.01759999999985,328.39680042666663,315.6375,344.6906999999995
453,345.81600000000003,364.554,341.75699999999995,325.9647995733325,314.39999958333345,363.04220042333304
454,405.90449954999997,412.06049955,387.3246,362.3936,350.67499958333383,370.2050000000008
455,429.81299954999986,430.0424999999998,434.43780045999995,385.04960042666596,404.61249999999995,425.0308999999997
456,477.56249999999943,483.70499955000014,482.51699999999994,421.05600042666657,418.56250041666624,468.3760004233335
457,506.39849999999996,525.48750045,536.54399954,495.9872000000003,511.1499995833332,509.9811995766665
458,544.3200004500001,531.3599995500001,536.5439999999999,532.3648004266665,498.45,513.6895995766674
459,544.32,531.3600000000006,536.5440004599999,553.8431995733331,506.8500004166666,573.2018000000002
460,544.3199995500001,531.35999955,536.544,565.6959995733339,605.3750004166668,563.7149000000001
461,544.3199999999996,531.36000045,536.544,600.0383995733334,600.787500416667,612.6225999999999
462,544.3200004500001,531.36000045,536.5440004599998,601.3823995733336,571.3249995833336,626.8212
463,544.3200004500001,531.36000045,536.54399954,587.6992004266665,607.9249995833331,585.8255995766667
464,544.32000045,531.36,536.54400046,609.1135999999997,568.0249995833339,594.5632000000007
465,544.32,531.36,536.54399954,538.7008004266665,535.225,564.1212995766665
466,544.3200004500001,515.4300004500001,536.5439999999999,514.1888004266668,492.3500000000006,513.5498995766671
467,520.8839999999999,531.36000045,518.2176000000001,459.7760000000001,448.1874995833333,466.19160042333294
468,468.55800045000063,453.5595,475.14779999999996,439.6544,447.6875,431.4570995766664
469,453.66480045000003,463.0094995499998,462.07919999999996,440.05119957333335,416.9187495833333,417.4489995766665
470,416.5249495500001,423.10350044999996,440.49186,405.05215957333354,398.2362504166667,389.17244957666713
471,387.42164955,387.9913500000001,394.46747954,374.20159957333294,370.8262495833327,363.5082904233333
472,346.10894955000003,331.6005004499998,357.65460046,327.27040000000073,320.03375041666663,300.177200423333
473,330.3044995500001,300.22650044999995,341.9088000000002,283.20512000000076,289.22500041666666,303.6189000000005
474,279.66600044999996,291.10050000000007,323.4581999999999,269.60639957333393,278.2000004166667,285.0006995766668
475,295.46099955,315.8054995500001,322.96139999999997,316.7488000000007,265.9875004166659,268.4652999999999
476,354.10499955000034,360.27450045,350.97540000000004,326.5280004266666,334.3875004166664,305.4095999999999
477,332.4375,339.3630000000001,344.4203995399999,303.372799573333,297.7249995833331,327.6853995766664
478,412.91099955000004,392.4584995500003,406.2306,410.48319957333325,339.76250000000056,388.3406004233333
479,420.28199955,429.40799955,418.89900045999997,424.9471995733329,418.47499999999997,434.3780999999996
480,468.81449955,466.22249955000007,481.7855995400004,444.18559957333287,429.84999999999985,430.4410999999999
481,544.3199995500001,508.761,501.74039953999994,486.75840042666636,473.5499995833334,480.16159957666645
482,544.3200004500001,531.36,536.5440000000001,527.5776000000001,477.75000041666686,527.7358004233333
483,544.31999955,531.3600000000002,536.5440000000001,569.1904000000001,561.9999995833334,569.0870004233336
484,544.32,531.36,536.54399954,610.2911995733336,550.5749995833329,535.178
485,544.3200004499998,531.3599995500002,536.543999540001,609.3823995733334,582.3124995833333,565.5055999999997
486,544.32,531.36000045,536.54399954,599.3855999999993,572.7374995833327,597.5477000000004
487,544.32,531.36,536.54400046,602.5728,552.2749995833336,570.6109999999994
488,544.3199995500001,531.36,536.5439995400002,584.2047995733342,573.4499995833332,556.6486199999999
489,544.32,531.35999955,536.5440004599998,554.8928004266667,558.8749999999995,561.8022799999997
490,544.3200004500001,531.36000045,536.54399954,502.208,506.1625004166666,520.4459995766666
491,494.38349955,519.0344995500001,507.15,450.5087995733336,474.1125000000002,506.89510000000024
492,481.8690000000001,454.9432500000003,478.3908004600001,435.23071957333394,456.7624995833331,444.04280042333403
493,455.4306,448.8952504499994,451.3510800000003,436.2316804266666,416.5324995833334,440.6201504233335
494,411.696,428.42655000000013,432.88806045999996,390.5894399999999,368.7000004166663,388.79399042333296
495,365.74335045000004,392.37075,386.7036,361.59743957333274,359.4624999999999,358.1844495766662
496,349.82549955,314.64180045000006,351.1548004599999,316.8384,305.3825004166664,323.35470000000004
497,310.83750045,301.29300000000023,349.22279999999995,309.824,304.3375004166669,259.65150042333346
498,330.21,291.43799955000003,314.41919953999997,310.27199957333244,284.9375000000001,298.78020000000004
499,277.08750044999977,320.26049955,348.2015999999999,306.6879999999999,262.33750041666644,276.6440995766671
500,312.2549995499999,343.03500045000004,347.0424004600001,319.21919999999994,283.675,287.52799999999974
501,352.566,376.23149955,374.09039999999993,350.8095995733333,323.85000041666683,353.5553000000002
502,400.7744995500001,401.69250000000005,388.4148004599999,389.4783995733333,367.4999999999998,379.74269999999984
503,447.12000045,427.23449955000007,438.95039999999995,389.61920000000015,416.2625004166666,392.78560042333373
504,471.71699955,522.49050045,471.89099999999985,462.23360000000037,427.54999999999984,437.7943999999999
505,544.3199995500001,476.14499955,533.5356004599994,487.4112000000002,445.96250000000003,474.9927
506,539.7434995499995,531.36000045,536.544,514.5344,514.1750004166665,514.7055995766666
507,544.32000045,531.36000045,536.544,559.6160000000002,533.1499995833337,528.7009995766664
508,544.3199999999999,531.3599999999998,536.5439995399998,577.3183995733327,575.9375004166664,583.9587004233335
509,544.32,531.3600004499998,536.5439995399998,635.6095995733327,577.1749995833336,540.8802995766663
510,544.32,531.3599995499999,536.5439999999999,584.8703995733333,577.6249995833326,634.2253000000004
511,544.3200004500006,531.3600004500003,536.5439999999999,603.8912004266665,579.3249995833338,576.1608995766668
512,544.3200004500002,531.3599995500001,536.5439995400001,583.3856000000007,589.0124999999999,587.7306
513,544.3200004500007,531.3599999999999,536.54399954,562.2655995733331,546.2249999999992,532.9046999999995
514,528.4439995499998,531.36,536.5440004599999,554.0736004266663,520.0250000000008,530.2250004233331
515,514.82250045,508.0455004500001,536.5439999999999,467.92959999999977,452.34999958333356,470.2301999999994
516,441.4418995499998,467.19449955000005,476.61059999999986,461.41440042666727,429.18749999999903,444.322200000001
517,465.09390045000004,440.88570000000004,462.18269954000004,446.6214404266658,427.64250000000084,403.1360995766667
518,415.3976995500001,419.98634955,437.22263953999993,393.898239573333,401.25000041666635,390.9390204233349
519,394.16489954999946,401.57640045000016,405.0562195399998,377.9584,353.7025,375.7383899999998
520,328.00545045,339.02549955000063,342.21653999999995,305.6256000000006,322.3375004166666,314.78092957666667
521,326.6054995499999,300.0239995500001,347.1942000000001,292.81279957333334,276.5749995833337,291.47769957666566
522,296.74349955,320.5305,303.66900000000004,304.64000000000027,262.0999999999999,313.23280042333295
523,303.0075004500003,332.57250045000006,303.6414000000001,347.3664000000002,304.52499999999986,315.3029
524,317.27699955000077,356.2650004500003,356.92319999999995,317.8624004266665,302.8375,319.3923000000005
525,361.94849954999995,358.80300045000007,352.89360045999996,383.897599573332,346.33750041666656,323.03720042333276
526,396.29249999999996,359.62650044999987,394.7352004599995,383.9743999999999,364.8500000000012,366.71250042333327
527,456.8399999999992,402.27299955000075,427.70340000000004,420.3007995733319,413.2000004166673,423.6084995766668
528,470.4075004500001,455.77350045,476.5277995399999,445.4528004266664,439.3874995833323,438.35320042333313
529,506.6684995499992,526.6890000000012,522.05400046,492.9791995733329,496.8125004166666,498.5893
530,544.3200004500001,531.36,494.79900045999926,535.5903999999998,512.9624995833333,516.5979004233333
531,544.32,531.3600000000001,536.5439995399992,598.9887995733337,538.1875004166648,589.0132995766685
532,544.3199995500007,531.36000045,536.5439995399998,615.4880004266681,529.6875000000001,563.3719999999998
533,544.3199995500001,531.3599995500001,536.544,600.7296000000003,590.3500004166657,601.2815
534,544.3199995499999,531.3599995500003,536.5440004600014,585.8560000000012,587.8499995833338,590.7659000000001
535,544.3199995500001,531.3600004500003,536.5440004600003,613.004799573334,552.6125000000004,609.5237995766668
536,544.3200000000006,531.3599995500001,536.5440000000001,624.3071995733328,565.637500000002,585.8256004233331
537,544.31999955,531.36,536.5439995399998,566.8095995733336,540.1375004166665,557.8348004233341
538,544.3200004500001,531.36000045,536.5440000000003,517.9903995733331,535.075,469.11260042333413
539,536.76,481.61250045,515.71979954,457.7792004266661,449.0750004166671,482.4730000000009
540,463.6979995500002,468.6254999999997,495.61319954000044,490.59839957333594,450.70000000000084,467.13140042333333
541,450.70290045,449.6188495500002,455.30340045999964,411.59679957333435,431.48,445.45249999999885
542,437.8265995499999,424.435949999999,426.70428,405.4348804266667,400.59250041666786,402.12264
543,374.98949955,386.3092495500005,380.59434000000056,379.91039957333345,370.078750416667,371.72264999999885
544,345.96450045,341.2800004500001,363.09179954000047,307.92959957333335,317.31250041666675,300.79950042333354
545,317.466,313.40250000000015,324.82439954,283.7248004266665,285.61749958333337,321.27189999999916
546,323.50049955000003,299.9429999999999,361.1597999999996,322.04799957333347,256.17000000000155,316.63639999999975
547,272.3490004500002,311.70149955000005,353.9286004599999,253.7472004266667,244.91250041666666,313.53760042333306
548,336.8655000000001,319.8825000000001,332.29019953999955,296.2304000000003,326.4224999999996,298.48810042333133
549,336.96000000000015,367.7939999999999,367.53539954,330.08640000000185,340.73666666666776,311.7341995766655
550,407.11950045000003,359.1809999999999,399.4686,378.8031999999993,380.9824995833337,370.7003000000005
551,414.8955000000001,417.1365,417.2705995399998,422.3615995733338,425.24416625000123,420.59860000000003
552,450.68399999999997,492.73650000000004,460.3818,428.62079999999787,474.2391670833342,428.68849957666595
553,492.4395,485.27099955000006,536.5439995400001,516.7872,506.4116662500003,497.078
554,544.32,531.36000045,536.5439995400001,560.3200004266662,519.0541670833345,579.8058004233344
555,544.3199995499997,531.35999955,536.5440000000013,563.059199573333,575.3216662499997,551.7261000000001
556,544.3200004500001,531.3599995500002,536.544,572.1215999999997,573.025,561.7971995766679
557,544.32,531.3600000000002,536.5439995399998,566.694400426666,594.337500000001,591.4135995766674
558,544.3200004500001,531.36000045,536.544,594.6239995733328,566.225,618.1724995766676
559,544.3200004499989,531.3599999999999,536.54399954,623.4751995733321,572.7375004166666,579.246999576666
560,544.32,531.3599995499997,536.544,581.7343995733329,552.2375004166663,595.4014000000002
561,544.32,531.3599995500001,536.5439995400002,582.3360004266667,571.9124999999991,540.5246995766661
562,544.3200000000002,531.35999955,534.0323995399999,506.4960000000007,501.53749999999974,543.013899999999
563,507.3030004500011,507.6135004499999,520.3290004599999,463.4367995733332,492.1750004166665,523.1765004233334
564,461.7270004500004,466.0200000000001,474.36120000000005,433.1520004266659,458.88750000000005,430.0347000000006
565,455.09714955,462.3965995500001,464.12159954000003,436.11392000000006,417.22749958333367,414.731200423334
566,416.16315044999993,423.5179499999999,446.5473000000001,404.7884799999997,405.26625000000035,406.06091000000004
567,380.6500495499999,401.71950045,422.04539953999995,354.2412800000004,362.88249958333444,365.5745799999997
568,332.7466500000014,347.78700000000003,346.94994000000054,340.3980804266677,296.69124958333276,313.2505804233325
569,309.4335,285.98400045,332.45579953999993,270.8224004266667,300.19999999999857,330.74610042333296
570,319.1939995500011,297.45900044999996,277.97339954,307.22559957333436,254.3000000000001,293.3319
571,295.8929995499999,298.9980004500001,311.8386,279.5007995733355,273.6125004166668,303.7458995766668
572,326.45700045000007,336.6494995500001,335.5055995399994,356.42880042666565,319.31249999999886,303.36489957666663
573,366.84900044999995,342.009,369.70199999999994,367.6415995733333,354.3625,355.9810004233335
574,386.9909999999998,409.0500004500001,426.3234004600001,384.2559999999997,352.8124999999999,362.7628004233332
575,455.89499999999947,431.0685,429.12479954000025,421.10720042666645,413.65000000000015,409.0796999999997
576,472.4460004499993,466.03350045000013,482.4203999999999,453.06880000000007,429.4250004166663,470.8525004233333
577,511.9469999999998,524.6504995500001,528.2226,482.54720042666565,464.01250000000084,471.6272000000002
578,544.3199995500001,531.3599999999999,536.54399954,538.777599999999,486.3250000000004,562.6607995766669
579,544.3200004500005,531.3599995500001,536.5440000000002,548.1471995733331,531.7750004166663,594.9188000000001
580,544.3200004500001,531.3600004500001,536.54400046,587.9168,541.8625000000001,600.7481004233342
581,544.31999955,531.3599995499993,536.5439995399998,583.065599573333,605.2499999999995,573.8749000000007
582,544.3199995500001,531.36,536.544,596.7871995733337,588.487500416668,585.4446004233332
583,544.3199995500001,531.3600004500001,536.5440004599998,594.0224000000001,594.1999995833332,569.0234995766659
584,544.3200004500001,531.3599999999999,536.5440004599999,594.6239995733318,581.1125004166671,588.1624004233333
585,544.3200000000002,531.3599995499989,536.5440004599998,564.2624004266665,522.8375004166667,588.8482
586,544.3199995500001,531.36000045,536.5439999999993,503.68000042666654,511.59999999999997,505.49809957666673
587,469.0035000000003,505.386,487.3056004599999,505.36960000000005,476.17500000000075,471.8176999999995
588,456.52950000000016,494.99100045,482.3099999999991,429.6703999999993,433.4749999999992,429.9991395766669
589,450.96749955000007,447.71264955000004,441.28259999999995,429.78560042666663,399.5125000000001,415.3217495766662
590,435.25485044999994,434.6419504500001,431.9068799999999,393.81888042666657,387.21624999999995,413.2707004233327
591,384.4934999999999,373.3155,377.25060046,355.4137599999996,337.8125,365.9276399999994
592,344.37150045000004,330.18300045000007,350.4924,317.1711995733346,314.89999958333283,337.3589899999997
593,323.98649955,319.69349955,325.7351999999999,290.0095999999994,277.89999958333397,282.99410042333324
594,322.62299955000003,297.55350000000004,319.7598,279.05279957333386,272.35000041666603,316.2934999999999
595,319.50449999999995,305.0190004500001,328.1226,315.9552000000012,290.5125004166658,279.80639999999846
596,344.80350045000046,336.0420004500011,332.26260000000025,305.638400426667,315.7749995833331,315.09969999999964
597,370.69649954999994,372.69449999999995,361.9464000000007,339.2255999999997,323.1125000000003,324.7136004233341
598,389.16449955,367.6995004500011,396.5844004599995,349.78559999999896,377.6999995833323,384.1242000000005
599,442.15199955,405.24300045,440.3718004600001,414.1440000000007,366.76249999999993,440.3343995766668
600,489.11850000000044,444.54149955000014,472.3740004600013,455.97440042666756,430.6125004166666,453.9742004233334
601,518.6565000000003,517.1445,530.44439954,497.67680000000075,467.39999958333414,480.6695995766668
602,544.3200004500005,531.36,536.5439995399989,511.6032004266656,498.262500416667,488.96270000000123
603,544.32,531.3600000000008,536.54400046,532.8256004266673,549.2,535.4065999999988
604,544.32,531.3600004500003,536.5440004599996,581.7471995733346,562.1750000000002,594.3092004233334
605,544.3200004500001,531.36,536.5439995400001,617.7280004266673,598.4000000000004,591.4517004233348
606,544.3199995500008,531.3599995500006,536.54400046,604.7360000000001,622.8874995833335,596.1888004233339
607,544.3200004500002,531.3600004499998,536.5440000000001,617.9071995733342,608.1500004166674,612.5718000000013
608,544.32,531.36000045,536.544,573.4015995733316,556.575,579.8820000000002
609,544.3200004500001,531.3599995499999,536.54399954,536.9088004266673,528.8499999999991,546.8366004233337
610,529.10550045,531.3600004500005,536.5440000000001,497.9967995733327,503.7249995833337,530.1233999999995
611,496.8135000000008,496.42199955000007,536.5439999999999,508.50560000000047,477.08750000000003,498.42420042333373
612,512.31149955,481.6259999999999,507.05339954,469.14559999999926,436.1787495833332,429.0314000000001
613,450.3411000000001,448.70085044999945,458.15999999999997,434.21567999999826,399.45999958333374,437.29783000000174
614,422.62830045000004,425.6738995499998,428.53139999999917,383.73376000000053,394.86375000000004,405.7205504233354
615,370.23480045,401.55750045,374.0213995400006,366.30399957333316,363.19124958333254,359.4785804233333
616,338.14125045000003,317.7292499999995,343.63379999999995,332.36480000000097,302.54999999999967,304.9650999999992
617,323.082,310.94550045000005,294.2022,310.75839957333426,298.73750000000024,297.21809999999954
618,285.41699955000007,318.50549955,305.31119953999985,287.9103995733335,267.7125,297.31969999999944
619,332.19450045,272.551499999999,344.25480000000005,316.0320000000001,311.6125004166669,303.87289957666667
620,318.43800000000016,330.5475004500001,332.67660000000006,344.384,301.7999999999994,321.5512995766666
621,347.6385004499999,374.59800045000003,371.73060045999995,311.41120000000063,345.2999995833335,361.302299576667
622,409.4280004500003,437.07600044999987,400.57259999999997,394.0736004266665,371.5124999999992,359.75290042333324
623,428.69250045000007,386.16749999999996,436.5354000000005,418.1503995733331,421.8125004166666,437.0069995766655
624,490.4010000000011,472.5675000000009,488.43720046,447.8464,430.16249958333185,428.9805999999999
625,512.01449955,474.5654995499999,512.4077995399999,472.4736004266665,502.33749958333465,469.25230000000016
626,532.899,531.3600000000008,536.5440000000001,518.2976004266659,518.4125000000004,534.2762995766665
627,544.3199995500001,531.3600004500003,536.5440004599993,563.3280004266667,526.8374999999984,558.1776995766672
628,544.3200000000002,531.3600004499998,536.544,580.4671995733333,578.7500004166662,578.1293999999976
629,544.3200000000007,531.36,536.5440004599999,615.3344000000012,565.8750000000007,585.851
630,544.3200004499996,531.36000045,536.543999540001,589.7856004266654,579.6125004166654,566.0135999999993
631,544.32,531.3599995500001,536.5439995399998,590.5792000000001,582.5875000000001,592.0104995766667
632,544.3200004500001,531.3599999999991,536.54399954,556.5951999999999,569.7499999999992,567.5884004233326
633,544.32,531.36,536.5440000000001,568.0256004266669,518.4999995833327,587.2353004233343
634,544.3199995500001,531.3599999999999,536.5439999999998,508.68479999999937,516.7749995833334,530.0345000000004
635,521.1674995499998,531.36000045,536.54400046,505.0624000000002,502.8375000000003,485.24160000000006
636,467.8425,481.2615004499999,485.4149995399997,458.67520042666706,452.67500041666665,421.56380042333564
637,443.17799955,458.1900004499999,462.96378045999995,420.0422395733322,418.72500041666535,431.39868042333444
638,430.5122995499995,429.79949955,456.0417004599999,419.8579204266661,397.41250041666706,418.09543000000025
639,388.24109954999926,395.63910000000004,376.7262,385.9225600000013,352.04125041666686,380.8272795766666
640,332.9234995499999,356.06520000000035,366.29339954000045,309.54240042666805,326.3125004166671,301.43449999999916
641,334.40849955,364.33799999999997,317.6897995399999,313.3440004266655,268.8750004166667,299.2755
642,328.64399955000005,323.9189995500002,300.42599954000053,315.6992000000003,294.7749995833339,290.53790042333316
643,327.95549955,326.2950004500006,345.4139999999996,326.8991999999996,279.60000041666717,310.5657995766667
644,354.9825,346.0995000000001,358.33079954,335.50079999999986,302.1125,322.78320042333246
645,367.68600000000043,355.995,365.38260046000016,326.9376004266667,325.3999995833327,318.7572995766672
646,397.4399995500001,360.63900045,373.56600046000005,371.07200000000057,386.92499999999995,346.9005004233336
647,449.86050000000006,393.1335004500003,416.7738004599998,440.1408000000008,395.62500000000085,391.9855000000001
648,456.5970000000002,472.59450000000004,488.16119999999995,464.3840004266673,475.22500041666717,453.0597999999993
649,544.3200004500001,516.672,505.2456,485.60639957333234,469.8750004166664,472.8717995766665
650,544.3200004500001,531.3600000000002,536.5440000000001,514.1759995733321,526.6125000000001,535.9654
651,544.32,531.36,536.5440004599998,543.9871999999995,550.7874999999999,512.1402
652,544.32,531.3600004500005,536.5439999999992,581.1072004266662,566.012499583333,589.9149995766667
653,544.3199995499997,531.3599995500001,536.54400046,563.686399573334,584.6875000000007,558.6221995766673
654,544.3200000000002,531.3599995500001,536.544,602.2400000000014,596.4625004166666,598.5128999999995
655,544.3200004500001,531.3600004499998,536.544,570.3552004266675,567.9500004166663,609.4603000000005
656,544.3199995500001,531.36,536.544,548.0191999999992,561.4125004166659,569.8617
657,544.3200000000005,531.3599999999996,536.5440004599998,565.6576004266661,527.4999999999994,553.5929999999984
658,544.32,529.64549955,536.54400046,541.3376004266668,496.2125,506.730000423334
659,487.17450045000066,494.9640000000001,536.5439995399996,484.1983995733335,467.22499958333265,480.37750000000005
660,474.95699955000094,445.91849954999986,469.3241995400001,409.75359957333114,427.624999583334,440.38520000000085
661,459.0175504500001,451.60605045000005,479.2960799999999,419.9231999999995,431.6350004166674,434.0733000000011
662,441.23399955,424.83959999999973,436.58231999999947,411.7094404266675,381.70500041666673,402.03119957666667
663,386.89245,390.07710045000005,392.4720000000001,362.30911999999944,369.3500004166666,349.89769957666596
664,327.2264999999993,341.02349954999994,345.1021199999999,329.0880004266674,310.9824995833337,319.64757
665,329.52150000000023,329.37300000000005,343.08180000000056,267.1999995733334,306.3500004166676,288.74720042333263
666,296.39249999999987,287.0235004499999,318.83520000000124,287.38560042666666,257.77500000000003,296.0751000000004
667,300.5235,284.7555000000004,296.5758004599999,267.7631995733344,267.32500041666685,316.69989957666655
668,329.5215,338.21550045000026,387.89039999999994,285.2608004266655,311.96249958333317,321.017899999999
669,366.40350044999997,359.55900045000004,348.72600045999997,318.88639957333316,319.14999958333215,314.61709957666613
670,403.9605,391.716,408.9905999999999,376.88319999999914,367.2875000000005,376.910600423334
671,436.75199954999994,425.68200045000015,453.1506,430.7968000000006,425.6750000000005,412.01340042333385
672,475.71300045000004,484.0965000000004,471.49080045999995,460.095999999998,432.4624999999994,426.1231004233337
673,538.704,500.53949999999963,522.5783999999998,519.8208004266664,473.01250000000124,505.7394004233333
674,544.32,519.480000000001,536.54400046,533.8495995733335,528.5874995833332,539.7881004233334
675,544.3200000000005,531.36,536.544,573.0303995733326,535.7874999999999,532.396699576666
676,544.3199995499995,531.36,536.544,583.3472004266686,581.1749995833339,569.3790995766674
677,544.3199999999999,531.3600004500005,536.5439995399998,639.2831995733324,581.2250000000001,581.2663000000007
678,544.3199995500001,531.3599995499994,536.5439995400001,591.948800000001,591.9374999999998,586.0542
679,544.31999955,531.36,536.5439995400001,584.2304000000004,591.8000000000001,600.3163004233322
680,544.3199995500006,531.36000045,536.544,575.5392,589.3125,577.4690004233329
681,544.3200004499998,531.3599995499989,536.5440004600009,557.0431995733333,553.9124999999999,566.0136
682,527.1750004500001,531.3600004499997,536.54400046,523.8783995733336,529.7249995833339,537.0067999999984
683,533.9115,531.3599999999998,536.5439995400002,439.10400042666663,477.4749995833335,490.41049999999944
684,477.42750000000007,471.0041995500001,486.10499999999996,427.62240042666724,442.8,464.5151995766677
685,447.75450044999997,453.63644955000007,472.8707999999999,443.2588804266663,439.95125041666677,442.12509957666765
686,424.3252500000005,413.27549999999997,411.3918,399.3702404266637,406.49,406.5308104233329
687,371.65500000000065,388.3949995500001,394.99326045999993,373.7535999999999,328.8749999999991,354.45573000000013
688,341.27054954999994,366.7815,359.93160045999997,333.171200426667,332.40000000000066,324.8405999999986
689,290.6550004499999,303.52050045000004,313.70159999999976,325.01760042666615,305.524999999999,267.89379999999994
690,322.6094999999999,310.41899955,335.50559999999996,292.41599999999966,257.86250041666614,284.6705
691,313.84800045000014,296.4599995499998,373.773,306.0991995733339,301.4625,307.69560042333273
692,322.85250000000013,344.7225004500001,325.25219954,323.2512000000004,294.36250041666665,311.619899576667
693,333.51749954999906,303.345,372.4206004599999,317.9904000000001,297.61250000000007,345.4146004233349
694,405.2295004499992,380.15999955000007,438.17759953999996,366.7583999999987,372.38750041666697,370.63680042333425
695,409.98150044999994,452.89799954999984,437.99819999999994,408.0895999999991,376.0125,387.15950000000004
696,464.8725000000001,494.73450044999953,492.08040045999996,470.6431995733335,448.0750004166666,444.9191004233341
697,539.2710000000001,500.7284995500001,527.07720046,486.84800042666666,497.2499995833335,529.2344000000005
698,537.5295000000002,531.36000045,536.5440004599998,522.9183999999998,509.1250004166674,539.2673995766671
699,544.32,531.3600004499999,536.5439995400004,523.6351995733337,561.0624999999992,553.5168004233324
700,544.3200004500001,531.3600000000001,536.5439995399994,581.363199999999,589.9625,604.10936709
701,544.32,531.3599995500001,536.5439995399997,578.2400004266676,604.9,596.1803337566668
702,544.3199995499999,531.35999955,536.5439995399998,589.8239995733331,583.1750000000006,618.5153999999993
703,544.3199995500004,531.3600004499995,536.54399954,604.7487995733329,579.2374995833327,585.1651999999997
704,544.3199999999999,531.3599995499999,536.5440000000001,571.2767995733334,579.7750004166675,569.8235999999996
705,544.32,531.36,536.5439999999999,536.7167999999983,570.4625,570.8776995766666
706,538.4475004500001,531.3600000000001,536.54400046,507.5584000000015,533.25,515.7597004233332
707,520.0470004500013,481.4639995499999,536.5439999999999,496.39680000000004,526.5749995833335,469.96350042333336
708,454.72185045000003,495.94949955000004,478.6115999999998,483.08480000000145,437.5625000000002,454.9140000000002
709,455.7086999999997,423.4140000000001,453.28860000000014,437.8278404266661,417.81999958333245,412.3524895766663
710,422.12745045,426.93884955000016,451.8630595399999,404.14208,385.5162495833332,396.15871999999996
711,392.39909955,374.83694955,386.96166000000005,376.31104042666584,362.0837495833332,371.342919576666
712,325.73880045000004,335.4884999999999,344.46180045999995,346.3680004266686,313.9875004166666,340.08059957666654
713,329.1704995500006,310.13549955,327.5292,297.17760000000027,302.62499999999955,286.2961004233345
714,318.65399999999977,290.46599999999995,317.34480045999993,303.09119999999865,293.074999999998,309.52439957666655
715,337.52700045000006,299.21400045,362.2776004599997,324.2112000000003,300.00000000000074,284.9498995766669
716,328.6305000000001,338.39100045000004,355.08780045999987,294.2079995733345,341.9000000000001,315.54420042333254
717,353.7405,352.6740000000001,314.4881995400002,354.8927995733333,333.8375004166677,302.36159957666666
718,384.021,400.3019995500013,401.5247995399999,327.8080004266664,350.4124995833328,343.63660042333333
719,447.06599999999906,440.12699999999995,444.8016004599988,384.15360000000123,422.8875004166665,411.14979957666685
720,483.21900045,476.02350045,519.0179995399993,437.0688004266672,422.43749958333495,453.52969957666653
721,544.3200004500002,514.053,504.95579953999976,480.60160042666615,509.53749958333435,475.31020042333273
722,544.3199999999996,531.3600000000007,536.5440004599999,531.7759999999997,498.6374999999998,505.841000000001
723,544.3200000000002,531.3600004499998,536.544,550.8863995733342,563.6750000000019,525.6403000000006
724,544.3200004500001,531.3600004500001,536.544,595.3023995733337,567.1374999999977,570.8014995766671
725,544.3199995499999,531.36000045,536.5439999999999,589.4271995733344,621.8875000000006,550.0750995766654
726,544.3200004500002,531.36,536.544,634.7520004266663,619.1624995833334,554.5073999999993
727,544.3200004500001,531.36,536.54399954,595.2255995733335,571.8500004166661,572.3508999999997
728,544.3199995500001,531.36000045,536.544,595.9935995733338,544.4250000000001,583.0189000000009
729,544.3199995500013,531.3599995500002,536.54400046,580.8639995733342,532.2125004166661,558.0507000000003
730,526.79700045,531.3599995499999,533.5908,524.6720000000003,477.4374995833324,527.8627999999991
731,544.3199999999998,518.4135,491.5974,475.4047999999998,468.7875004166673,496.3921999999991
732,483.3944995500007,475.2404999999995,478.20173999999884,455.7440004266669,466.575,445.3813799999998
733,465.7068000000005,451.1470495499995,477.44826045999986,428.8128000000005,430.61749958333337,440.7661995766665
734,438.0628495500002,422.04510000000005,441.21359954000116,386.87104000000045,403.643750416665,407.83891042333374
735,384.0561004500001,387.28259955,393.8699395399999,346.22719957333294,362.25124958333225,362.1735199999993
736,332.68050000000056,350.70300045,349.1676,307.3919995733335,314.0212504166659,325.22033
737,335.5965004500001,304.92449999999985,332.92499999999995,304.40960000000086,271.70000041666657,288.7980004233328
738,322.96049954999995,305.19449955,317.93819953999986,284.01920042666694,330.5625004166683,311.13729957666663
739,338.391,319.65299999999996,313.7982004599995,291.60959957333245,289.0749995833324,290.3093004233333
740,327.8069995500001,340.68600045,342.86100000000005,353.1136000000003,277.07500041666634,287.60420000000056
741,377.865,354.73950045,356.9783995399999,358.2463995733341,353.42500041666705,316.8396000000007
742,376.4474995500017,392.2695004499997,416.64959953999903,360.92159999999984,382.92500000000086,382.4985999999998
743,424.5479995500007,402.83999955,416.84280045999975,394.9567995733344,394.2500004166667,393.5856999999992
744,459.55350045000006,450.31949954999993,489.7068004600005,443.3919999999993,429.17500000000143,440.8551000000016
745,520.0065000000002,524.9340004500001,536.54400046,472.4863995733335,476.2000004166677,486.7656004233335
746,544.3200004500001,531.36,536.5439999999994,520.9087999999999,480.7750000000003,519.7728995766669
747,544.32000045,531.35999955,536.54399954,555.737600426666,515.1125000000002,516.5725004233324
748,544.3200004500001,531.3599995500001,536.5440000000004,583.1679999999989,588.1375004166666,551.8531004233338
749,544.3200004500001,531.35999955,536.54399954,582.5792004266668,608.5499999999996,571.4745999999992
750,544.3199995500001,531.36000045,536.544,597.1327999999999,566.9875004166673,571.5508004233325
751,544.3200000000002,531.3599995500001,536.54400046,590.5407995733325,590.4124995833333,585.5080995766675
752,544.31999955,531.36,536.5440004599999,591.0528000000004,573.5249995833335,562.7878004233326
753,544.32,531.35999955,536.54399954,545.9199999999988,549.8749999999998,525.6021999999997
754,543.3749999999998,531.3599995500006,527.3670004599999,500.31360042666734,540.2749999999996,502.9326995766667
755,504.3734995499999,520.4114995500001,494.39879954,494.9887995733328,484.699999583333,461.7211995766668
756,450.81899999999894,469.1965500000002,504.74879999999996,456.9727995733325,460.9250004166659,443.2109504233335
757,439.14825000000013,445.21650045000075,465.0255,429.9827195733319,433.17875041666645,412.9277995766669
758,433.0300504500001,430.58250044999994,435.5459395400007,386.2784004266668,397.3612500000002,392.4173000000003
759,388.10205045000043,382.7628,392.1546,358.8288004266682,340.0875004166669,370.31041
760,335.27249955000013,327.14279999999974,348.0221999999999,332.64639957333327,319.4162495833337,332.8035004233333
761,300.44249955000004,325.01250000000005,328.16400045999984,286.06719957333434,286.36250041666653,286.3722999999999
762,313.79400045,334.65149999999994,303.50340045999997,269.29920000000135,291.4374999999998,286.2198995766666
763,317.65499999999986,298.8495,341.6327999999997,340.2880004266642,289.4375,282.66389999999933
764,344.80350045000006,324.10800045000013,356.30219999999997,306.0223995733335,310.9125000000003,341.2617004233341
765,351.91799955000005,359.127,391.83719954000014,327.69280000000015,357.8875000000002,357.30179957666815
766,393.9705004499993,386.47799954999994,399.95160045999995,350.00319999999965,326.2749999999995,360.2863004233342
767,417.87899999999996,405.5669995499993,421.3691995400002,372.3776,406.81250000000006,371.881400423333
768,476.76599955000006,470.0970000000003,476.87280045999955,450.94399957333474,432.775000000001,455.44739957666707
769,522.3825004500002,531.36,536.5440004599998,492.17280000000017,498.69999999999953,483.9969995766676
770,544.32,531.3599995499997,536.5440004600002,502.54080042666686,528.7125004166676,476.1991995766673
771,544.31999955,531.3599999999999,536.5439999999999,537.0368,543.4749999999999,563.9562004233317
772,544.32,531.3599995499997,536.54400046,576.3840004266672,538.6249999999992,600.5575999999999
773,544.3200004499996,531.3600000000002,536.544,603.9551999999998,588.2250000000006,611.7336004233323
774,544.3199995499999,531.3599995499997,536.544,606.4128004266668,566.5250000000005,617.7025999999998
775,544.3199999999998,531.36000045,536.5440004599999,586.9951995733329,575.1125000000004,613.5624
776,544.32,531.3599995500001,536.544,585.471999573333,565.750000416668,589.3562000000001
777,544.3200004500001,531.3600004499996,536.5439995399998,611.2896004266659,577.8874999999995,564.7181995766663
778,544.3200000000003,520.77600045,536.5439995399998,531.327999573334,530.0999995833341,537.8069
779,527.43149955,503.82000044999995,536.544,486.50239957333105,475.5750004166664,501.4976004233332
780,463.27275000000003,465.96600000000007,505.86660045999923,445.4783995733333,408.17499958333394,424.370500423333
781,428.4360000000005,457.2936004500001,486.86400046,427.36,416.44250041666675,428.80788000000206
782,437.0206495499988,426.1599004500001,437.83397953999986,397.56288,371.6887495833327,381.70357957666647
783,384.62580045000004,391.6755004500001,380.59434046000075,383.85280042666665,341.45749958333363,389.0683095766646
784,330.6055499999999,348.75090044999996,346.21025999999995,326.0032,314.63750000000107,336.7049395766666
785,261.6975,286.51320045,295.8168004600008,301.5680004266671,293.83749958333306,291.61740000000003
786,316.73700045,324.8640000000008,315.9648004599994,310.45120042666656,264.5125000000003,287.21049999999985
787,326.30850000000004,335.85299954999994,360.58019953999985,306.61120000000113,256.0124999999983,313.2327995766668
788,349.5420004500001,340.41599955000004,320.57400000000007,263.9103999999993,315.4374999999999,300.4312000000008
789,378.14850000000007,386.4645,428.04839999999996,313.61279999999954,369.2125004166646,323.4562995766669
790,390.44700000000006,401.30100045000034,414.0552004599999,355.58399957333575,357.375000416666,371.3479995766668
791,468.0989995500002,458.52749999999963,445.21559953999997,397.7087995733353,381.499999583334,409.4352995766666
792,479.0744999999999,467.34300045000003,510.6000004599994,422.3744000000009,473.7999995833336,459.4860004233327
793,493.1279995500012,523.3410004499987,507.7986004600001,520.1024004266677,472.2625000000015,480.18700042333097
794,544.32,531.36,536.544,525.2096,529.8874995833328,538.2514004233335
795,544.32,531.3600004499998,536.5440004599999,554.9055995733329,572.7125000000008,515.0358004233339
796,544.3199995499998,531.35999955,536.5439999999999,599.3087995733337,540.9500004166654,559.2317999999995
797,544.3200004500001,531.36000045,536.544000000001,589.2480004266665,589.9124995833334,569.5695995766674
798,544.3200004500012,531.36,536.5439999999999,586.6368,584.7249995833328,587.4512
799,544.31999955,531.3600000000001,536.54399954,594.0864004266671,583.5874995833332,608.1903000000003
800,544.3200004500001,531.36,536.5439995399997,596.3904000000013,563.5999999999993,585.0382000000006
801,544.3199995499999,531.36,536.5440004599998,573.4271999999997,538.1875,543.1789995766666
802,543.5775004500001,531.3600004500003,536.544,554.8287995733303,493.8125,504.5456000000002
803,503.54999955000017,483.98850045,536.544,510.9248004266677,487.6874995833322,507.2380000000007
804,457.1775000000002,474.63299955000014,528.747,436.3647999999989,448.02500000000003,457.46670000000006
805,465.2477999999999,468.87660045000007,471.91860045999994,422.8505604266673,427.32125000000053,428.1017595766662
806,421.82100000000014,433.48905045,432.10559999999987,409.86368042666646,394.477500416666,425.91735957666725
807,406.70774999999986,390.02849955000005,401.27501954,357.2595195733325,364.2975000000001,360.90478957666613
808,341.4689995499997,352.458,349.94039954000147,334.65600000000006,306.35999958333406,329.8063004233327
809,324.36450000000025,317.85749954999994,324.45180000000016,299.3535995733333,293.5125004166665,302.2854004233318
810,310.21650045,334.59749954999995,331.5726,290.7648004266667,244.5625,299.5040995766662
811,305.11350044999995,293.7734999999997,357.2268004599986,321.6512,304.39999958333254,325.48829957666686
812,312.2010004499999,295.677,358.12379954000005,315.1999995733324,320.0625,277.7490004233356
813,376.42049955,353.43000044999997,390.01559954,366.5023995733338,315.06249958333285,289.674300000001
814,411.3315004500001,360.01799955,389.6154,356.2752004266667,335.4999999999992,355.15550000000076
815,409.60349955000015,419.33699955,413.6411999999999,406.4767999999988,393.17499958333195,406.52699999999925
816,487.18799955000003,483.86699955000057,511.28999999999996,473.19040042666666,453.1125004166661,455.82839999999896
817,496.05750045000065,487.90350044999997,523.7375999999994,519.3727995733332,476.3250000000003,491.8583
818,544.3200000000003,531.3599995499994,536.5439999999999,494.65599957333365,525.3249999999997,490.6644999999995
819,544.31999955,531.36,536.544,525.6319995733334,534.5125004166666,537.959300423334
820,544.32,531.3599995500002,536.54399954,559.3343999999998,544.0375000000012,532.841200423333
821,544.3200000000002,531.3599999999999,536.5440000000001,561.2544004266647,607.8874999999992,596.4808999999993
822,544.3200004500001,531.3599995500002,536.5439995399998,597.7216000000009,582.7250004166684,622.1475995766676
823,544.3200004500001,531.3599995500001,536.5439999999993,563.0335995733332,605.6874999999999,612.8765995766665
824,544.32,531.3599995500006,536.5440000000001,625.6255999999989,595.8250004166664,605.2311995766662
825,544.3200004499988,531.3599995499997,536.544,585.9199995733329,572.8249995833334,553.3643995766669
826,535.69350045,531.3599999999999,536.54400046,520.9088004266661,539.775000416666,531.4187999999984
827,505.953,509.4225000000008,536.54399954,505.9711995733341,468.67500041666693,497.49710000000005
828,489.18599954999996,461.1465004499999,466.0536004600001,451.1872,427.83750041666764,441.0837
829,444.28499954999944,449.4015,458.52984045999995,405.41440042666613,417.66499999999996,409.80105999999967
830,435.5883004499999,426.15990045,434.96219953999986,405.40799957333434,395.0699995833327,392.3652304233334
831,377.71515,378.99494955000006,407.68649999999997,352.0793604266666,352.6462499999999,366.17656
832,378.3644995500003,338.16960045000025,353.0729995400004,294.4127995733333,313.2375000000018,330.04633000000103
833,313.30800045000007,304.3710004499997,333.5321995400019,320.0895995733346,316.9124995833317,284.7466995766666
834,299.916,305.7885004499999,298.60439999999994,286.29759957333295,300.4125,304.5079004233333
835,324.08099999999996,311.08049955,346.73880046000005,302.80959999999965,269.98749958333406,278.7523004233319
836,303.6419999999998,327.0104999999999,335.1054004599999,311.43680042666716,334.0875,334.8609
837,354.73950045000015,363.0285004500001,377.70599999999996,327.89760042666654,324.18749999999955,337.5278999999997
838,373.23450045,386.478,426.86159954000004,369.93279999999976,360.02500041666724,366.0140004233338
839,408.05099955000003,415.2870004500001,482.00640045999995,419.3279995733328,405.57499999999885,409.1558995766666
840,459.0540004499998,483.4215,496.48260000000073,441.90720042666584,472.3875004166667,462.2926995766665
841,474.98399999999975,488.7000004499999,505.38360045999934,478.3999999999993,497.1500004166661,474.3323004233332
842,514.7415004500008,531.36,536.54400046,520.6528004266667,482.7750004166659,492.48060042333367
843,544.32000045,531.36000045,536.5439999999999,574.8480004266665,556.9500004166667,549.8084004233334
844,544.3200004500001,531.3599995500001,536.5439999999999,576.9472004266651,578.2000004166665,604.1263000000005
845,544.3199999999988,531.36,536.5440000000001,580.492799999999,589.025000000001,595.7570004233334
846,544.3200000000005,531.36000045,536.5439995400008,583.5008,581.1375000000008,612.1527004233335
847,544.3200004500005,531.36,536.5440004599999,587.8016004266667,556.3250004166661,566.0136004233319
848,544.32000045,531.35999955,536.5439995399995,592.8832000000008,566.9999999999998,565.5564
849,544.32,531.36,536.5439995400001,566.5663995733332,535.300000000001,557.6442995766652
850,535.24799955,515.15999955,536.544,544.0896004266664,501.07499999999993,527.240500423334
851,457.0695,497.61000000000007,522.13680046,466.59839957333287,459.58750000000003,482.96830042333386
852,476.09100000000007,458.27099955000006,516.61680046,442.24000042666677,434.19999999999993,424.59910042333354
853,450.6610500000001,434.6999995500001,464.19059953999937,408.7424004266657,415.85000041666655,443.2236504233342
854,425.8264495500003,433.71045044999954,427.9269604600002,409.1903995733319,379.66249958333333,416.44569999999925
855,357.72030044999997,378.29969955000007,375.67602000000005,355.7439995733325,376.9750004166662,366.1498904233332
856,346.54094955000005,350.12790000000007,362.0705995399999,314.13503999999944,311.76250041666685,336.77860000000004
857,281.24550000000005,319.09950045,294.42299954000003,298.7904004266677,300.3625,278.91739999999993
858,336.069,348.35399954999974,326.02499954,253.40160000000023,310.16249958333344,291.9094999999999
859,346.26149999999996,282.32550000000003,329.94419999999997,320.23039957333344,310.41249999999866,264.45210042333395
860,325.0664995500002,328.71150000000085,351.70679999999993,334.8735999999998,316.3124995833335,305.8668004233329
861,359.22150045000006,321.0435004500006,380.12099953999996,348.6591995733329,353.4500004166668,332.3843999999994
862,369.7245,379.33650045,400.72440000000006,371.8143995733334,357.3000000000014,344.3224004233345
863,453.9240004500001,443.3805004500001,435.0311999999999,401.71519957333413,416.54999999999967,401.23110042333275
864,485.7029995499999,435.8339995500002,508.43340046,481.4464000000019,430.23749999999995,439.90259957666683
865,544.3199999999998,531.36000045,507.633,496.7296004266681,472.35000000000036,491.0074004233337
866,536.5575,531.3599995499999,536.5439999999999,516.5568000000001,515.0499995833329,496.92560042333315
867,544.3199995500001,531.3600004499996,536.54400046,570.0991995733337,526.5375000000001,558.8626537566666
868,544.3200004499996,531.3600004499999,536.5439999999999,629.2352004266679,575.4874995833334,562.4711470899998
869,544.3199995499999,531.36000045,536.5439995399998,615.1936004266665,581.237500416666,602.3356004233334
870,544.3200000000002,531.3599995500001,536.54399954,602.5728000000022,620.3375,638.4671
871,544.3199999999999,531.3600004500001,536.5440000000001,606.6944000000012,572.1000000000001,576.9609999999993
872,544.3200004500001,531.3600004499995,536.5439999999999,572.2752004266682,560.5250000000005,563.8673
873,544.3200000000002,531.36000045,536.5440004599999,586.3807995733333,583.1624995833324,518.6933995766655
874,544.3200000000003,531.36,536.5439999999999,466.5855995733334,509.49999999999864,540.7914004233344
875,504.3735004500002,498.48750000000047,536.544,448.25599957333196,503.8374995833339,477.3040995766683
876,479.22299955,476.99550000000016,491.4041999999997,468.1215995733338,435.18750041666743,464.1850004233339
877,426.4515004499997,463.67099999999994,470.15634046,461.6243200000014,411.74250041666653,424.21682999999933
878,424.39410000000015,424.1025000000001,445.3674,402.36287999999985,399.5624995833334,387.6027304233333
879,391.70385000000005,407.2639500000001,405.76140000000004,356.87808042666774,371.2887500000004,350.32187999999877
880,342.37350045,357.7891499999998,344.8481999999999,342.66879957333333,303.3625000000006,310.4387995766661
881,329.35950044999896,316.5750000000001,295.16819999999996,325.9904000000003,315.4999999999987,308.0512004233322
882,321.01650045,315.5895004499996,306.42900046,297.15199957333374,300.34999999999997,249.440699576668
883,313.92900045000005,296.52750044999993,353.10059953999985,271.98719957333265,334.01249999999993,286.3087995766668
884,326.97,341.2259995499999,320.94659954,271.6032000000004,312.1499999999994,339.24240000000094
885,371.30400045000005,384.3719995500001,331.58639999999906,349.747200426666,295.4999995833341,328.206099576666
886,390.89250000000004,384.08850000000007,457.7736,389.55519957333235,336.9874995833337,357.4922999999995
887,456.98849955000054,420.5520000000001,447.7823995399999,425.3312000000006,394.5375000000001,365.49329999999975
888,502.2944995500001,445.4460004500001,507.03959999999984,459.40479957333355,435.2125004166658,440.0930995766671
889,504.684,510.55649999999963,536.5439999999999,489.6512004266649,497.92500000000007,456.4888000000001
890,544.3199995500001,526.3110004499999,536.5439995400001,556.3391995733339,519.1249995833332,541.9724999999996
891,544.31999955,531.3599995500001,536.5439999999999,559.2960004266665,511.2500004166676,542.074099576667
892,544.3199995499999,531.3599995499999,536.5439999999998,607.7824004266671,584.574999583334,573.0367000000002
893,544.3200000000002,531.36,536.5440000000008,596.7744000000015,578.2124999999999,577.0244995766667
894,544.3199995500008,531.3600004500001,536.54399954,609.5103999999997,580.2499995833329,589.2546
895,544.3200004500001,531.3600000000006,536.544,584.3327995733346,579.3999995833328,625.9068004233334
896,544.32,531.36000045,536.5440004599999,591.9615995733355,566.6499995833321,585.5335004233335
897,544.32000045,531.36,536.5440000000004,563.0975995733332,550.675,557.8982995766663
898,544.3200004499998,531.3599999999996,536.544,508.5439999999991,513.712500416667,524.2686999999996
899,503.48249955,529.7264995500003,524.2067999999999,505.3696004266666,434.6000004166674,456.8571000000006
900,486.0539999999999,465.7635,474.6786,472.9471995733333,452.30000000000007,474.9673
901,427.18050045,432.76949999999994,477.0935995399996,420.3328004266671,428.76374999999996,411.71114000000017
902,427.8986999999991,428.1633000000002,433.1267999999999,412.7257595733341,391.3125004166674,413.0065395766649
903,394.97220045,373.62599955,389.19311999999996,340.0832004266668,364.20750041666685,372.55958
904,337.84965045,335.81250044999973,324.4518004599997,331.24864042666655,333.2175000000001,322.64349957666735
905,308.5424995500003,338.16150000000005,314.26739954,287.4368004266658,295.0875004166673,298.50080000000116
906,299.07900045000014,316.8584995500001,286.65359999999987,314.1504004266653,289.48749999999995,275.2725004233332
907,278.01899999999995,321.9885004499997,328.3847999999999,301.5936004266664,326.2375,300.07559999999955
908,318.28949999999963,333.8549999999999,340.50120046000006,292.82559957333336,317.1499995833332,323.583300423333
909,359.1945,394.84799955000005,347.2770004599999,341.99040042666644,325.45000000000005,361.0355995766646
910,413.4780004500001,404.8110000000002,368.9568,397.875200000001,356.3625004166675,365.8616004233337
911,372.5190000000001,423.0495,394.48680046000055,430.91199957333373,418.3874995833335,382.6001995766664
912,452.9249999999999,461.2409995500001,502.5407995400001,467.5071995733336,442.387499583333,432.5577662433335
913,527.52599955,501.41700044999976,536.5440000000002,492.68479957333346,501.387499999997,460.2268333333329
914,532.0215,531.3599995499997,536.54400046,520.8448000000001,503.86249999999995,492.45181333333204
915,544.32000045,531.35999955,536.5439995399998,547.7504004266675,554.7875004166666,562.7717137566681
916,544.320000450001,531.3599999999999,536.5440000000006,590.6816004266664,559.1374995833334,603.3329729100008
917,544.3200004500001,531.3600004499996,536.544,598.0031995733348,586.7625,623.1221129099981
918,544.3200004500001,531.35999955,536.54400046,640.4223999999995,596.737499999999,594.8205870899977
919,544.3199995500001,531.3599995500001,536.544,603.0463995733326,597.6374995833332,560.0826999999991
920,544.3200004500006,531.3599995500001,536.5440004600002,578.9055995733344,575.6999995833335,563.3719995766672
921,544.3199995499997,531.3600000000008,536.5439995399998,549.5935995733331,532.9375,506.09500000000037
922,532.6154995500002,531.3599995500008,536.544,548.8256000000007,515.0499999999997,510.5653995766668
923,528.0119995499998,531.36000045,518.8938004600005,510.4000004266662,447.68749958333376,479.94569957666704
924,470.60055044999984,481.3425,506.8188004599999,417.19424042666725,481.6875004166681,451.9040999999999
925,433.54439955000004,460.5470999999999,454.06692,433.80480000000006,416.4287504166674,433.02046999999953
926,420.0011995500001,426.45285000000007,441.58619999999996,413.582079573334,388.8512499999995,405.51099957666673
927,375.9911995500003,367.3566,402.92412000000013,366.2246404266657,356.09625,375.67362042333315
928,349.71749954999996,335.37509954999996,341.82599954000005,312.2944004266676,320.62625041666706,340.8680004233329
929,309.58200045,342.14400045,305.8079999999999,277.86240000000026,325.33750041666644,277.0251
930,293.12550045000006,325.7685004500001,316.26839954,271.475199573333,298.65000000000015,300.0120999999999
931,345.1275000000002,320.82749955,320.18759954000075,316.60800000000177,296.0,296.24019999999985
932,316.11600000000004,320.3280000000001,357.5856000000001,287.6032000000006,294.35000041666774,307.4162000000003
933,373.518,429.0164995499999,390.0570000000001,369.8176000000001,315.9250004166662,367.62689957666714
934,372.9509995499995,389.3265,420.87239954000006,373.52960042666774,339.2375000000002,382.5747995766665
935,400.07249955000003,448.80749999999847,438.53640000000007,400.4992000000002,400.41249958333344,402.6407995766672
936,510.46200044999995,457.488,462.57599999999996,440.67840000000086,434.91250000000093,449.3640995766664
937,544.31999955,531.3600004500001,524.71740046,501.7856004266668,490.60000000000014,480.3647995766662
938,544.3199995500001,518.98050045,534.3084,512.2944004266668,511.325,499.7323004233328
939,544.3199995500001,531.36,536.5439995399998,542.0415995733332,563.9625000000001,583.0062000000004
940,544.3199995500001,531.3599995500001,536.5440004599999,597.7088000000005,569.7249999999999,575.7799004233334
941,544.3200004500001,531.3600000000001,536.54399954,592.4735999999989,572.5874995833337,603.8722995766658
942,544.31999955,531.3600004500005,536.544,627.4816000000001,567.5499999999987,585.9780004233334
943,544.3200004500001,531.36,536.54399954,537.8688004266671,594.0124999999999,606.0312995766658
944,544.3199995500001,531.36,536.5439999999999,592.6400004266679,576.3749995833334,569.4045004233341
945,544.32,531.36000045,536.54400046,553.8048004266666,553.7249999999999,530.2503999999994
946,544.3200004500009,531.36000045,536.5439999999995,518.0927999999989,479.7500000000007,516.2042004233336
947,527.7690000000005,510.7050000000001,526.7184,482.20159957333345,462.2499995833339,492.0233995766658
948,492.76350044999987,475.5793499999995,488.60279999999995,426.2912004266651,444.02499958333374,427.4439
949,440.34300045,441.54450045000027,477.00804,441.6512000000007,425.7762504166666,419.71721957666693
950,423.67185000000006,399.08700045,430.6979995399993,412.07040000000023,394.63125,413.08528
951,379.29600000000045,385.87725,399.18569999999994,383.78623957333394,366.29374958333256,347.4186599999999
952,355.99499955,328.34700000000004,340.95660045999995,318.55360042666734,299.6516670833333,328.12989957666656
953,294.18795,298.28249999999906,345.1103999999999,287.5775999999991,271.15249958333345,307.93690000000004
954,318.1544995500001,303.9930004500001,358.23420046,303.9615995733332,291.98333374999925,277.7870999999996
955,314.83350000000024,322.2585000000002,328.1225999999999,280.85760042666715,321.09999999999957,285.4325
956,291.9645,360.0720004500001,336.3336004600001,294.34879999999964,307.0150004166681,300.77410042333247
957,369.56249999999994,361.58399999999983,378.4511995399999,348.3776000000001,304.0725000000002,310.7816999999987
958,410.5620000000002,396.6435,412.59240046000014,411.00799999999924,412.9875004166673,361.1372
959,421.4295004499998,432.32400000000007,433.41659953999994,417.3568000000013,421.9625,389.81380042333325
960,467.95049954999985,490.36049955000044,494.7713999999999,458.9440000000012,431.78750041666717,404.95220042333335
961,517.4819995500002,479.628,499.35299954,493.568,469.24999958333285,536.486099576666
962,539.0550000000001,531.3599995499994,534.9984004600002,528.384,503.7125004166674,533.184099576666
963,544.3199999999998,531.3599999999994,536.5439995399996,584.9856000000016,555.4874995833336,583.7300995766659
964,544.32,531.3599995500001,536.544,565.2608004266667,556.3874999999995,603.3515995766666
965,544.32000045,531.36000045,536.544,647.7824004266673,598.4374995833333,593.9281995766663
966,544.3200004500002,531.3599995500008,536.54399954,574.1439995733331,579.975,606.9584
967,544.32,531.36000045,536.5440000000001,558.3360004266663,587.0000004166683,616.8517004233339
968,544.3199995500006,531.3599995500001,536.5440000000001,583.5392004266674,589.7875000000004,638.4289995766677
969,544.32,531.36000045,536.54399954,512.4480000000013,552.5000004166667,515.3278995766668
970,544.3199995499999,505.68299955000134,536.5440004599997,508.83839957333316,552.1500004166663,508.02539999999976
971,533.0205004499994,524.1105,481.275,466.5344004266659,460.2500004166684,472.04629999999935
972,469.7459995499996,481.38300000000004,504.23819999999995,460.7232004266671,439.4112504166668,428.3455995766655
973,458.73945045000045,446.86485045000006,466.3047604599998,432.55040042666695,424.97749958333475,432.2483104233334
974,404.7880504500001,437.4229495499995,433.32828,401.3478404266672,395.3399995833338,411.29331042333285
975,385.50195045000004,384.33419954999994,413.5308,357.76000042666607,353.56250000000034,362.0033404233333
976,355.8195004500002,334.96200000000005,316.66859999999997,311.287040426666,325.0250000000008,353.17429999999996
977,299.2814995500001,344.6145004500004,335.56079953999995,291.1615995733333,294.0749995833321,315.4171999999999
978,301.5495004499999,275.41350045,339.92160045999987,306.6111995733333,270.5625,291.2491004233333
979,344.62800044999994,331.5330004499999,339.94919999999996,324.7488000000002,303.3500000000006,325.70420000000007
980,334.1250004500001,314.21249954999996,327.55680046,306.38080000000025,307.17499958333315,311.531
981,343.73700045000004,362.6910004500002,393.7692004599999,356.27519957333243,319.9249999999998,335.38159999999993
982,372.9644995500001,389.58299954999984,401.9802,405.76000000000124,359.45,384.68299957666665
983,428.82750045000006,383.15699954999997,445.45020046,428.00640042666726,429.7625,428.21860000000004
984,447.7815004500001,511.33950044999995,469.8624,474.13760000000224,429.1624999999999,463.1944004233347
985,521.2619995499995,516.915,513.73259954,487.0016,474.0500004166664,493.11560042333394
986,544.3200004500001,531.36,536.5440004599999,532.2368000000012,507.35,522.1223999999996
987,544.3199995500008,531.3599999999996,536.5440000000001,547.9039995733336,530.2000004166675,533.2857000000004
988,544.3200000000003,531.3600000000001,536.54400046,562.8799999999998,560.5500004166668,583.7427995766669
989,544.32,531.3599995500001,536.544,607.0656004266666,599.3124995833332,597.0270004233341
990,544.3199999999998,531.3600004500005,536.5440000000011,574.4768,594.1499995833333,564.2990995766659
991,544.32,531.35999955,518.4384004599991,615.2064004266673,568.9250004166666,612.4194
992,544.3200000000002,531.3599995500001,536.5439999999987,620.6080004266668,562.3874995833326,598.055700423332
993,544.3200004499998,531.3600004499999,536.5440004599998,565.1839995733337,575.5624999999989,587.8702995766679
994,543.4289995500001,531.3599995500001,536.8457599999989,530.6495995733326,521.3874995833335,499.28780000000023
995,511.6770000000001,517.7249999999999,553.6440395400015,470.7327995733345,456.8374995833336,479.76790000000005
996,481.49100045000006,471.29849955,519.6942,458.3552000000007,439.7,425.70781042333425
997,439.6004995500006,447.40755045000003,456.65580046,427.8476804266666,413.6862495833321,439.73749957666666
998,420.0835504499996,428.40900000000005,429.17723953999933,397.55008042666844,369.769999583333,406.8191
999,395.88885000000005,369.9418504500001,416.1293399999999,366.5024000000001,361.4137504166665,361.1930800000009
1000,352.7415004499999,333.20700045000075,354.89460000000014,322.8672000000001,302.55000041666653,303.88559999999995
1001,330.79050044999997,330.84450000000004,311.30039999999997,322.21439957333354,306.96249958333215,302.6664000000003
1002,280.34100044999997,308.78549955000034,323.65140046,315.0079995733333,292.1875000000002,290.7918995766676
1003,341.06400044999924,312.82199955000004,303.66900045999955,317.4528000000012,290.7750004166665,326.17409957666825
1004,352.5660004499992,335.25900045000003,368.36339999999996,279.3855999999998,306.9125004166681,294.1700999999996
1005,366.3360000000001,373.01849955000097,344.10299999999995,364.24959957333425,305.89999999999964,338.2517995766662
1006,390.9599995500001,432.72900045,408.07980045999994,321.4591995733336,352.95000041666634,381.3428995766671
1007,436.48200045000004,449.42850045000006,450.08700045999984,404.1983999999997,391.16250041666655,425.1705999999994
1008,459.90450045000034,475.36199999999997,489.1961999999998,440.90880000000027,415.40000041666644,462.8134000000008
1009,501.45749955,510.24600045,530.5547999999999,518.924799573333,495.61250000000064,498.5257995766663
1010,544.3200000000005,526.5674995499999,531.4379999999999,529.6639995733339,501.9000000000002,496.15090042333287
1011,544.3200004500001,531.36,536.5440000000001,562.5728,531.5624995833317,554.2787999999998
1012,544.31999955,531.3599995500001,536.5439999999999,607.526400426665,585.8000004166673,564.4896000000003
1013,544.3200004500004,531.3599995500001,536.5440004599999,602.3295995733342,576.75,605.1422995766667
1014,544.3200004500003,531.36,536.5440000000002,646.8480004266664,585.4000004166667,610.2350000000016
1015,544.32000045,531.36,536.54399954,584.921599573336,601.2875004166675,582.3712004233342
1016,544.32,531.36000045,536.5439995400001,621.0560004266667,546.0249995833334,591.1468995766668
1017,544.3199995499999,531.36,536.544,573.0687995733321,556.3375000000005,512.9784000000001
1018,544.32,531.3599995500002,536.5439995399998,486.4128004266661,515.2375000000008,526.7071000000001
1019,489.44250045000007,521.181,536.5440000000001,483.82720042666625,495.2125004166659,474.1799004233333
1020,492.9794999999999,480.7755,483.5795999999999,485.8879995733333,439.4625004166661,456.9205995766669
1021,444.403799999999,449.13149999999985,464.52180000000004,433.4502395733334,408.11249958333417,432.32705042333345
1022,448.5199499999993,415.7729999999998,432.2435999999999,396.53504000000186,393.98749958333315,401.2069704233353
1023,368.5500004499996,387.39600045000014,391.03679999999997,345.60512000000017,362.4962495833335,362.48339957666786
1024,321.69285045000004,329.97915045000025,343.74420046000125,316.915200000002,317.5,328.7902999999996
1025,286.8885004500001,282.52800044999884,311.6177995400001,280.4735995733318,258.07500041666515,296.96410042333457
1026,336.58200000000096,304.4519995500003,321.84359954000024,305.4720004266651,308.22499999999854,294.08119999999815
1027,298.4850000000003,350.1629995499999,332.9940004600003,303.07840042666714,265.3875004166672,335.31809957666684
1028,337.6755000000001,322.16400000000016,331.76579953999993,273.075200000004,313.53750000000036,331.50809957666894
1029,333.85499955000006,346.0859995499998,339.70079999999984,375.9231995733291,355.63749958333165,320.7130999999998
1030,342.8865004500002,369.1574995500004,386.77259999999995,328.4607999999996,335.6499995833309,335.2926995766667
1031,387.8414995499998,431.0279995499978,430.71179953999996,394.44479957333306,397.2750004166665,394.04290000000043
1032,479.1419999999999,498.17699955,501.86460000000005,448.8831999999991,442.6874995833342,455.7521999999995
1033,521.0459995500001,531.36,527.90519954,477.04320042666643,499.7875,478.84079999999994
1034,544.3200004499998,531.35999955,536.5440000000001,551.2319999999994,517.2124999999999,553.8089000000019
1035,544.3199999999993,531.3599995500001,536.5439995399998,569.6383995733323,547.0375004166713,566.2168004233332
1036,544.32,531.3600004499972,536.5439995400004,597.1328004266713,540.8375000000003,585.1398
1037,544.3200004499996,531.3599995499999,536.54400046,594.5343995733336,628.3,591.8454004233334
1038,544.3200000000003,531.36,536.544,609.2927999999974,562.8750000000045,587.0066999999991
1039,544.3199995500001,531.3600000000002,536.54399954,616.9600004266671,583.7249999999999,574.8782000000009
1040,544.3200004499986,531.3600000000001,536.5440000000006,581.8879995733307,557.05,603.7199
1041,544.3199999999999,531.3599995499986,536.54400046,526.7584004266665,556.0374995833333,548.9956004233329
1042,497.39399955000073,531.36,536.5439995399998,539.4943995733332,520.849999583335,529.1454999999982
1043,518.2110004500005,499.5135,512.3663999999998,485.5295995733353,449.48749958333065,519.7347999999995
1044,493.23600044999966,466.6815000000001,487.78859999999986,479.85919999999976,438.75,456.28560042333396
1045,458.62200045,457.335450449998,459.2916004599998,432.7782395733336,393.82500041666646,426.6946004233316
1046,424.10250045000015,425.1595504499981,435.16092045999983,396.5823995733334,384.087499999998,375.4881995766675
1047,397.2941995499999,397.0984500000002,399.64110045999985,370.8416004266671,370.8262495833347,346.3328099999997
1048,351.8504995499991,321.4484995500003,344.930999540001,346.2527995733318,311.64000041666634,312.0478904233348
1049,339.4170004499999,299.05199999999996,319.67700046000004,313.0624,300.7624999999979,301.40909999999997
1050,323.6354999999993,274.2119995499997,308.37479954,278.1311999999997,269.82500000000124,326.64399957666666
1051,341.5230004500001,302.6294995499996,326.31480046,280.60160000000127,299.6874999999992,287.73120042333386
1052,334.40849954999993,325.67399955,358.8414004600003,317.2351995733303,286.21249999999833,332.7019004233312
1053,344.33099999999985,333.2744995500003,333.6149995399998,359.48799957333233,324.1125000000019,340.89339957666596
1054,368.28000000000003,394.0244999999994,391.5887995399982,382.33599957333706,343.85000041666694,365.899699576669
1055,449.57700044999984,429.7995,463.0728004599996,411.30239999999856,393.5874995833352,398.8307995766666
1056,481.00499955,482.5440004500004,483.2759995399983,451.35359999999764,412.15000000000146,480.885500000001
1057,521.1540004499998,531.3600004500001,524.745,461.3887995733338,493.97499958333833,480.42830042333316
1058,528.7139999999993,531.3600000000001,536.5439995399997,514.2528004266679,516.5124995833327,513.308599576666
1059,544.320000450001,531.36,536.5440004600019,544.7936004266666,555.712500000002,567.5121995766655
1060,544.3199999999999,531.3600004499999,536.5440004599999,627.4815999999986,575.8624999999986,560.3493995766687
1061,544.32000045,531.36000045,536.5439995399987,598.2975995733331,619.4750000000013,587.6036000000003
1062,544.3199999999999,531.3599995500001,536.5440000000002,595.8144004266674,567.6999995833323,651.5354004233333
1063,544.3200004500001,531.3599999999997,536.5440000000002,606.2592000000013,590.4999999999994,605.2819999999999
1064,544.3200004500003,531.3599995500001,536.54400046,583.6416,553.7000004166663,537.0449
1065,544.32,531.36000045,536.5440000000001,564.2111995733345,529.3124995833336,515.4294995766687
1066,544.3199995500001,531.3600004500003,536.5439995399979,494.1312,533.4000004166654,487.8323999999997
1067,508.78799999999995,504.7515004499998,526.9943995399999,482.4064004266666,490.3499995833317,500.8498999999995
1068,493.77600000000024,460.09350044999985,489.501179539999,433.0496004266681,454.97499958333117,455.98080042333385
1069,461.3895004499996,464.20424955000027,482.4893999999996,449.241599999998,416.40374999999995,421.3225004233336
1070,438.23024955000034,420.0416995500001,417.69288,406.0671995733343,403.06500041666493,393.8904995766664
1071,372.4245004499997,385.0712995500003,402.55427954,374.689279573334,368.79125,373.7863999999979
1072,344.06505045,335.86650045000005,336.37499954000003,336.3200004266659,323.00750041666646,316.4687604233344
1073,305.76149954999994,320.5710004500003,346.6283995400001,296.39679999999936,280.5750000000016,307.6575
1074,331.317,278.1135004500002,307.9470004599997,296.1151995733318,283.6250004166634,301.0154004233312
1075,327.5639995499999,306.42300000000006,336.54059953999996,267.45600042666854,283.5749995833341,303.17439999999885
1076,330.45299954999916,339.10649954999985,322.6164,302.25919999999627,300.8249999999996,323.26579957666786
1077,367.14599955,400.30200045000095,313.16340045999976,350.3232000000005,339.27500041666315,339.801200423333
1078,417.59549954999994,416.772,402.79439999999994,379.0720004266681,357.6249995833331,396.35429957666656
1079,455.54399954999997,471.82499955000094,426.9720004600001,398.2463995733321,373.46249958333175,416.3821995766679
1080,500.3910000000001,507.3299995499982,459.66420000000016,413.12000000000074,416.1749999999992,434.14949999999976
1081,501.6195004500002,525.8789995500017,516.2027995399998,499.7887995733341,496.86250041666676,471.8939000000009
1082,544.3200004500001,529.3350004499997,536.54399954,530.7775995733327,523.4749995833323,536.3082999999995
1083,544.31999955,531.3599999999998,536.5439999999977,539.9679999999995,533.3499999999992,553.6565004233333
1084,544.3199995500001,531.36000045,536.5439995400011,592.2175999999997,556.1250000000002,586.3971004233312
1085,544.31999955,531.36000045,536.544,575.3728000000006,592.3750000000001,611.8860004233306
1086,544.3199999999999,531.3600000000002,536.5439995399994,605.2223995733317,566.0249995833335,602.9960004233338
1087,544.32,531.36,536.54400046,562.0992000000006,569.6499995833357,598.3986004233356
1088,544.3199995499998,531.36000045,536.5439995399997,598.8863999999995,537.7749999999972,539.0641995766669
1089,534.07349955,531.36,536.5439995399998,564.6336,562.9875004166652,571.2460004233327
1090,531.2385004500001,531.3599995499986,536.54400046,536.5631995733302,491.6749995833334,542.1884004233315
1091,511.4339999999997,527.7554999999999,536.5440004599992,489.88159999999624,481.96250000000157,489.62309999999775
1092,494.36999999999995,470.4210000000004,474.18179954000016,453.46560000000005,438.3037499999988,450.9769995766663
1093,427.5504004500002,442.3045504499986,455.14608,416.0255999999992,423.7000000000032,422.1111695766668
1094,417.2053499999989,417.37949999999995,436.25663999999995,399.5545599999986,405.16374999999925,412.35249000000096
1095,387.14355045000104,375.79680045000003,388.6673400000015,374.2809604266666,372.4624995833334,374.51030042333144
1096,338.7257999999989,347.30100045000006,351.6515995399999,315.65183999999607,299.762499583334,321.92341042333413
1097,317.18250044999985,335.1644995500001,339.81120046000024,339.2256004266668,289.68750041666635,306.527200423334
1098,289.6155004500001,339.21450044999995,326.9772,300.27519957333175,319.89999999999975,253.7586995766658
1099,308.36699999999996,316.8450000000001,351.04440045999934,323.7119999999987,295.33750041666656,315.13780042333366
1100,347.2470004500001,322.2854995499997,348.18779954000064,298.3808000000002,281.96249958333306,315.26480042333594
1101,366.552,348.51600045000004,391.7268000000015,346.43200000000024,358.3875,332.52409957666583
1102,389.2995,406.59300044999986,393.3552000000005,363.2895995733326,359.62500000000006,368.26189999999855
1103,422.76600000000104,413.8155004499998,448.22400000000016,413.15840000000077,423.4874999999999,434.26379999999926
1104,460.0394995499974,467.7344999999999,506.4324004600003,450.9695995733323,433.8000004166676,423.1004995766681
1105,533.385,531.3599995500002,527.4636004599998,490.75200042666495,530.5249999999983,495.43969957666667
1106,544.3200000000016,531.36000045,536.5439999999999,492.275199999998,520.6000000000065,530.9997004233355
1107,544.3200004500001,531.3599995500001,536.5440004600013,564.7487995733339,564.6499995833329,545.7190000000003
1108,544.3199995500028,531.3600004500031,536.5439999999998,571.9679995733314,565.575,566.0263004233341
1109,544.3200004500021,531.3599995500003,536.544,593.5999999999981,570.237500416668,616.014347090001
1110,544.3199995499997,531.36000045,536.54400046,625.7023995733332,553.5999995833333,607.9100533333321
1111,544.31999955,531.3599995500002,536.54399954,580.0064004266663,588.2875004166663,608.876099576664
1112,544.3200004500017,531.3600004500012,536.5439995400002,578.4192004266681,577.6875,558.7238000000007
1113,544.3200004499985,531.3600004499986,536.544,579.9552000000027,564.4624995833344,580.8599004233333
1114,544.32,531.3599999999999,536.54399954,493.785600000001,547.2875000000051,502.5009000000008
1115,489.3344995499981,516.4155000000001,522.08159954,493.29920042666737,479.1750004166667,496.7605
1116,485.7570004499983,472.0545000000003,478.79099999999914,466.3551995733351,426.3375000000003,461.772000423334
1117,448.6860004500001,437.4513000000003,462.32759953999994,439.64159957333317,404.3774995833342,433.07000000000215
1118,412.28324954999994,436.4779499999998,455.2178399999998,413.39776000000165,392.8499995833305,400.932649576668
1119,397.6546504500012,368.74710044999966,413.89788000000004,349.2313600000013,388.245,373.0307500000016
1120,357.97004954999994,343.3562995500001,338.51400046,353.0624004266676,302.79374999999993,314.807600000001
1121,316.5615004500003,318.38400045000003,331.10340045999993,279.372799573335,332.82500041666844,313.9566995766652
1122,337.83750000000003,301.48199999999815,345.38639953999996,293.5424004266655,271.4874999999985,280.35249957666684
1123,323.63550045,317.871,310.94159954,339.37919957333054,257.76250041666594,309.664099576666
1124,324.60749955,305.9369999999998,376.3812004600003,312.7295995733302,294.062500416667,328.9681004233333
1125,382.7385004500008,371.8034999999998,364.7615999999999,321.6256000000003,336.9999995833336,296.9514004233369
1126,378.6345004500001,412.3575000000001,410.9087999999999,370.9056004266676,356.7749995833335,375.8437995766676
1127,390.37950045,449.6309995500001,443.25599999999895,424.88319999999896,383.62499999999966,386.66419999999897
1128,480.95099955,488.88899999999995,485.4977999999996,423.34720042666595,441.8875,450.90080000000006
1129,505.54799955,517.9949999999973,535.7298000000003,477.9776004266682,468.0500004166662,464.47709999999995
1130,521.12700045,531.36000045,536.54400046,548.4799999999989,525.1000004166643,507.8476004233332
1131,544.3199995499999,531.3600000000001,536.5440000000001,581.5424,534.9374995833332,582.4727995766671
1132,544.32000045,531.3599999999996,536.5439995399998,601.9328000000007,564.1000000000007,589.1149
1133,544.3200000000002,531.3600004500001,536.5439995400002,551.4624000000008,613.6124995833329,585.393799999999
1134,544.31999955,531.3599999999999,536.5439999999999,570.3295995733371,577.750000416668,601.3703999999994
1135,544.3200004500001,531.3600000000006,536.5439995400002,598.9760000000005,579.0999999999999,589.7626004233335
1136,544.3199995499999,531.3599999999998,536.5440000000011,611.5967995733359,566.1375004166667,558.5332999999999
1137,544.3199999999998,531.3600004500003,536.5439999999999,591.5007995733336,507.5874995833334,513.7785004233353
1138,544.3200004499996,531.36000045,536.54399954,514.3168000000007,499.92500041666665,582.7141004233351
1139,507.4110004500023,531.35999955,536.543999999999,447.7951995733316,477.59999999999906,489.63579999999973
1140,483.46335000000016,457.7444995500001,459.2915999999995,451.99360042666655,434.9624995833304,463.70240000000155
1141,464.25960000000015,439.5086995500001,452.33640000000094,446.44992042666973,419.3124995833314,428.9907599999989
1142,434.7675004500008,410.79150000000004,446.77499999999964,401.94048000000333,391.2975,411.43681999999893
1143,379.02195044999985,384.9039004499999,378.74100000000004,362.46783957333525,358.9674999999992,359.81893957666523
1144,340.83449999999976,323.3114995500001,343.564800460002,335.36000042666564,315.2249999999988,330.352399999999
1145,287.84700000000004,340.98299955000005,312.29400045999995,325.4015999999997,303.26250041666736,289.11549999999977
1146,290.74950000000007,313.34850000000006,309.1062004599999,296.0768004266649,296.17499999999825,308.90209999999814
1147,333.1395,272.30849954999957,338.6658004599993,320.08959999999996,308.51249958333204,268.554200423336
1148,310.71600044999985,314.98199955,345.37260045999926,319.55200042666684,286.6750004166673,304.4698000000011
1149,327.9689995499999,352.10700044999976,393.27239999999966,291.59680000000003,330.63749958333324,345.26220042333256
1150,381.24,381.6315,412.06800046000023,350.6816004266682,374.0374995833332,376.7709000000001
1151,413.7074995499999,407.0519995500002,401.2626004600028,393.4976004266661,412.52499999999606,377.1773004233301
1152,495.34200044999795,469.96199955000134,433.471800460001,441.06240000000196,441.8499995833337,453.2757000000007
1153,531.9269999999999,531.3600000000001,512.26980046,490.18879957333235,487.80000041666705,484.64469957666654
1154,537.4890004499996,531.36,536.5439999999999,533.7983995733322,482.32500000000005,538.0101000000022
1155,544.3200004500001,531.3599995499995,536.5439995399998,538.9439999999995,568.6125,547.4842999999992
1156,544.3200004499998,531.3600004500007,536.544,575.3727995733325,550.1250004166648,564.6927999999972
1157,544.3199999999995,531.3599999999994,536.5439995400001,598.912000426665,555.7875000000003,599.5924000000019
1158,544.3200004500002,531.3600004500004,536.5440000000001,593.1391995733337,589.3875004166686,604.621600423334
1159,544.31999955,531.36,536.544,585.4336000000012,608.5749995833318,591.807299576667
1160,544.3199999999997,531.36000045,536.5439995399993,599.5392000000004,566.0375004166671,583.3999004233356
1161,544.3199995500001,531.3600004499996,536.5439999999995,588.7488004266633,557.587500416665,556.4251004233322
1162,544.3199995500006,531.36,536.5439999999999,537.6384004266674,534.0624995833348,514.680200423334
1163,500.37750045,475.1594999999993,536.5439995399997,460.979200000001,459.2000004166659,529.310599576669
1164,505.31849954999996,467.0972995499997,459.6780004600022,434.7008004266655,442.7249999999999,428.81549957666687
1165,437.8819499999987,461.3543995500001,459.92639954000214,412.38271957333683,410.53249999999997,418.39642042333344
1166,415.5232500000001,427.4261995499999,435.14712046,411.1296004266665,414.75500000000017,376.51690042333314
1167,417.8385,373.98915044999995,421.3747204599999,375.2691200000007,358.2625004166629,357.0325599999994
1168,326.1559499999997,348.3000000000001,331.42080046000007,332.0448000000002,311.5749999999956,310.80709999999993
1169,311.62050044999995,312.02550045000004,332.7593995400011,299.58400000000023,310.65000041666644,318.2874004233335
1170,301.1984995500002,283.09499955000024,323.7618000000002,260.23680000000365,302.3375000000009,319.3542000000003
1171,314.68500045000053,323.2709995500002,332.80079999999975,314.1119995733338,290.62499999999784,331.93990042333076
1172,284.10749955,332.50500000000005,365.1618004599998,325.79840042666706,307.2375,336.448399576667
1173,354.1995000000004,372.99150045,332.38679999999965,313.9455995733341,313.1999999999999,348.7674
1174,371.73600000000005,415.19250000000034,429.1524,384.7679995733334,304.474999583335,362.28020042333276
1175,444.21750045,422.69850045000004,412.5372004599998,404.92799957333307,406.9125004166653,373.17679999999996
1176,462.3885000000002,501.6330000000001,437.44619954000007,423.85920000000124,437.86250000000103,432.89219999999733
1177,515.2139999999999,528.3900000000001,536.5439995400002,477.8751995733327,494.7500000000001,472.4780999999996
1178,544.3200004500009,531.3599999999998,536.544,521.305600426669,538.1124995833339,533.7047995766683
1179,544.3200004500001,531.36,536.54400046,559.2319999999999,554.6124999999992,563.8672995766694
1180,544.3200004499998,531.3599995499987,536.5439999999999,559.8719995733351,561.6124995833347,565.2770000000013
1181,544.3200000000008,531.36,536.5440004599999,590.8735999999988,564.05,588.6323004233345
1182,544.3199999999999,531.3599995499995,536.5439995400001,591.3088004266646,557.6750000000009,594.1059999999983
1183,544.320000449999,531.3599999999985,536.5439999999999,602.6111995733354,576.9875000000001,589.8921399999995
1184,544.3200000000004,531.35999955,536.54400046,602.4575999999996,533.8374995833335,546.199060423333
1185,544.3200004499998,531.3600000000012,536.544,557.7599999999993,540.3624995833329,544.659819576669
1186,494.28899955000026,518.8184995500013,536.5439999999999,502.65599957333467,485.1874995833341,572.2281329099997
1187,544.32,516.2265000000002,524.1791995400001,520.140799999998,476.24999958333274,468.6689462433365
1188,466.6004999999999,459.7559995499999,514.7814004599999,458.3808000000016,417.3874995833331,435.7903404233334
1189,463.6898995499983,475.3147504500001,451.17719953999944,425.02400000000046,410.44999999999834,404.6702600000007
1190,441.4000504499998,426.03569999999985,407.657520000001,386.9056000000011,400.37375041666746,410.3120233333334
1191,404.7745495500015,401.78429955000024,395.2057795399999,368.4799999999998,362.2387504166659,386.04274708999804
1192,334.42874954999985,364.81050045000006,360.13860045999985,334.3462395733336,311.07250000000045,330.53020000000055
1193,322.6095000000001,334.16550045000025,330.60660045999936,281.35680000000366,289.00000041666686,289.4330004233325
1194,298.3095,353.05200044999776,294.05040046000016,285.2863999999996,270.17499958333195,269.58290000000255
1195,280.5975004500001,286.9694995500001,333.97379999999987,305.25439957333197,280.3250004166639,289.7124004233332
1196,369.3870004499998,302.5350004500002,312.19740046000004,340.27519957332794,274.4874995833357,332.21929957666435
1197,361.34099955000016,327.49650000000014,385.68239953999966,332.1984004266689,347.8999995833336,342.2777
1198,430.6095004500002,390.82499955000003,424.0049995399998,374.220800000001,368.8124999999994,352.5901004233331
1199,452.85749999999985,464.79150045000006,491.18339999999995,392.7936004266677,424.4374999999998,384.6195
1200,480.4109999999999,457.0289995499997,489.55499999999995,465.4975999999988,423.02500000000015,448.4750995766663
1201,544.3200004500004,497.16449954999985,479.3568004600003,495.6160000000018,486.15,482.6635000000003
1202,544.3199999999995,531.3599999999991,536.5439995400002,496.90880042666686,489.2999995833326,534.0222995766652
1203,544.3200004500001,531.3599999999999,536.5439999999999,577.4591995733331,555.1500004166679,548.3225004233313
1204,544.32,531.36000045,536.5440000000012,599.0015999999999,561.087499999999,572.0588
1205,544.3200004500001,531.3600004499982,536.54400046,626.8415999999996,576.537499583335,552.2214004233341
1206,544.3199999999999,531.3600004500025,536.544,610.9823995733366,603.825000416667,615.2642000000033
1207,544.3200000000002,531.3600004499999,536.5439995400002,619.0207999999997,550.1375004166673,576.7704995766661
1208,544.31999955,531.36000045,536.544,613.9392000000025,553.3500000000004,571.2714004233354
1209,544.3199995499991,531.360000000002,536.5439995399994,552.1279995733313,541.6875000000005,513.7149999999976
1210,542.7270004500001,531.36,536.54399954,542.3103995733296,499.7499995833335,522.7447004233327
1211,513.2565004500015,531.3599995499999,536.5440000000001,469.01759999999837,482.3625004166644,495.5794004233337
1212,499.9319995500001,483.8129999999999,498.1938000000002,436.62080000000367,425.1587504166659,454.01230000000123
1213,457.8079495500002,448.8075004499996,433.00259954000035,427.26655999999747,415.8887504166671,440.7903299999999
1214,436.0189495499997,422.37855044999856,441.25914046,424.56320000000227,394.5412495833355,397.8783000000002
1215,359.41589954999864,380.91330044999995,408.97956,371.828479999999,367.3112495833352,366.9220500000009
1216,341.29349999999994,348.94800000000004,337.82399999999967,330.45759999999876,315.33500041666576,325.84390000000013
1217,300.82049999999987,317.7494999999997,300.4536,282.64959957333144,302.762500416667,285.99130042333275
1218,296.17650000000015,328.293,367.88039999999995,288.0384000000002,297.1999995833345,280.20009957666826
1219,299.92950000000155,323.06850045000004,293.2224,337.53599957333284,278.3749995833347,284.26410000000027
1220,326.86200045000004,340.1325,326.4528004600003,331.18719957333354,299.16249958333424,273.81199999999967
1221,366.6599999999998,388.47600000000034,350.9754000000001,309.20960000000383,337.18749999999886,341.6426999999997
1222,398.1690004500004,379.7145,409.41839999999985,383.1039995733333,365.66249958332935,390.2709995766668
1223,415.557,494.5455000000008,455.24820000000074,396.68480042666505,381.637499583333,425.1705999999995
1224,476.79299999999967,507.50550044999994,516.6444,414.6047995733339,439.3999995833302,486.5623995766697
1225,497.98800044999956,531.3600004500021,536.5439995399998,490.13760042666854,477.8499999999997,470.58579957666564
1226,539.9865000000001,531.36000045,536.5440000000001,570.5727999999934,517.6625000000022,529.5519000000002
1227,544.3199995499987,531.36,536.5439999999998,565.068799573335,533.012500000002,555.0661995766652
1228,544.3199995499999,531.3599995500018,536.5439999999999,598.6431995733363,591.8499995833316,574.7512004233333
1229,544.3200004500002,531.3600004499996,536.54400046,587.7887995733328,559.6125000000011,588.2259000000009
1230,544.31999955,531.3600004499993,536.5439995400001,596.108799573334,557.6749995833338,588.4799004233314
1231,544.32,531.3600004500005,536.544,614.7583995733324,560.2999999999956,563.4735995766669
1232,544.3200004500007,531.36,536.5440004600002,573.8752004266639,575.2500000000011,588.5052995766673
1233,544.3200004500007,531.3600004500018,536.544,551.0912004266669,508.8125004166677,560.603399576666
1234,544.3200004500001,531.36,536.5440004599999,503.1168004266694,484.7874999999996,512.3306995766646
1235,507.11400000000026,503.90100044999997,531.4104000000008,470.47679957333355,466.4999995833338,452.18349999999936
1236,460.5659999999999,477.576,485.2494004599999,437.6319995733354,435.03750041666603,449.5165004233409
1237,446.30864955000004,435.78270000000003,452.1335404600015,413.06752042666284,421.0512495833349,420.8551400000002
1238,418.23404955,424.63034954999705,437.70564,395.52000042666646,394.3124999999995,405.93009957666493
1239,386.61434955000016,377.9865,378.0096,354.8032000000026,352.3625004166655,349.91039957666607
1240,324.729,336.7035000000001,346.80780000000004,313.38239957333303,326.6374999999989,331.1194795766661
1241,328.69799999999935,285.39000045000006,294.91980046,293.0304004266664,290.30000041666705,313.15660042333315
1242,303.0884999999995,299.45700000000096,305.28359954,297.9584,294.59999958333293,292.30319957666694
1243,324.5670000000001,302.5214995499996,284.96999999999997,306.61120042666573,292.9500004166642,250.3169999999936
1244,342.15749954999995,337.9184999999999,356.17799954000003,314.1760004266674,292.8249995833331,313.563
1245,352.35000045000015,372.9915000000002,388.41479999999996,322.61119999999835,343.8874999999995,331.26679957666886
1246,407.44350045000004,386.86949999999985,429.9941995399984,373.5424004266644,339.39999958333124,395.47800000000007
1247,455.92199955000007,461.9835004499994,452.91600046000065,390.5408000000016,386.6000004166685,417.95700000000005
1248,477.1845,462.91499999999945,487.47120000000115,445.7472004266647,408.72499958333333,432.62549957666573
1249,511.93350045,502.416,536.54400046,477.64480000000344,476.4249995833335,474.2815004233337
1250,544.32,531.3599999999998,536.5440000000002,494.604800000003,496.75000000000216,537.3369995766681
1251,544.3199999999986,531.360000450003,536.5439995400002,563.3536004266666,550.5999999999992,573.2272004233338
1252,544.3199995500001,531.3600004500012,536.5440004599999,564.505599999998,567.6625004166641,591.032599576667
1253,544.3199995500015,531.35999955,536.544,573.1584004266645,575.8750004166665,590.8548004233342
1254,544.31999955,531.36,536.5440000000002,599.0143995733338,614.2000004166699,599.1605999999992
1255,544.32,531.36000045,536.5439999999999,594.0735995733307,582.062499999998,618.299500423334
1256,544.3200004500001,531.359999549998,536.5440004599996,566.6304000000013,601.9125004166659,593.0138000000001
1257,544.3199995500015,531.3600000000008,536.5440004599969,578.2144004266672,527.5999999999959,557.8348004233336
1258,544.3199995499999,531.3600000000001,536.5439999999998,536.3711995733333,531.9000000000008,558.9523995766677
1259,515.7810004499995,531.3600004500003,532.0313999999978,514.5343999999993,476.51249958333506,486.0544000000025
1260,499.79700000000145,445.8779995499997,512.5734004600013,477.1584004266668,443.33750000000015,443.72022042333356
1261,448.7535004499993,451.7315995499999,468.5375995399999,416.7552004266677,429.3937504166647,410.42971
1262,429.6226499999993,442.69335,448.5275995399999,401.20192042666577,390.5499995833332,426.336459576666
1263,372.49200000000013,389.96504955000063,407.3304604599999,355.54560000000214,351.9874995833363,358.68101999999953
1264,341.3745,338.80950045000253,328.61387953999986,320.6912004266668,328.0750000000003,329.11795957666857
1265,343.27800045000004,331.15499955,333.07680045999973,316.4160000000002,332.7374999999997,262.2549999999967
1266,306.70649955000016,295.51500000000004,328.55039999999974,296.84479957333036,278.35000041666655,313.39789957666727
1267,284.701499999998,327.3480000000001,333.6839995400014,319.193600426665,286.4124995833325,307.37810000000144
1268,331.35749954999994,338.1749995500001,366.79019999999883,350.2463995733361,300.0625004166677,321.8688004233336
1269,369.03599955000095,334.9755,361.077,347.3919995733342,327.7499995833338,326.9995995766667
1270,398.439,346.1400000000008,388.62180046,350.97600000000364,376.22499999999957,353.97439957666654
1271,445.5135004499999,411.83100044999964,424.9434000000001,431.98719999999827,396.6624995833329,412.4579004233355
1272,473.05350045,459.2294995499989,463.4868004599999,463.8720000000011,435.7124995833329,418.00779957666515
1273,496.6920000000003,531.36,494.5644,482.5856000000001,488.77499958333385,487.7308000000001
1274,544.32,531.36000045,536.5439995400002,511.04000000000013,551.4499999999997,518.8585000000012
1275,544.3199999999991,531.3600004499996,536.5439995399998,525.0431999999995,576.6374995833335,570.0141000000004
1276,544.3199995500001,531.3599999999998,536.54400046,584.9087995733352,573.8374999999999,553.4025004233342
1277,544.3200000000004,531.359999999998,536.5439999999999,604.1600004266674,551.9750004166671,582.7649000000024
1278,544.32,531.3600000000002,536.544,613.6447995733328,570.9749995833326,593.0773000000023
1279,544.3199995500008,531.3599999999999,536.5439995400002,626.8671995733317,571.7500004166685,613.6640004233324
1280,544.3199995499997,531.3599999999998,536.5440000000001,581.3120004266658,543.5500000000001,608.4316004233331
1281,544.3200004500013,531.3600004500016,536.5440004599999,522.7775999999989,509.64999958333436,543.5346004233329
1282,544.3200004500014,531.3599995499989,536.5440004599998,506.7904004266692,519.6374995833346,518.4012995766664
1283,499.36499955000124,497.17799955,528.6780004599998,496.24320000000256,463.46249958333374,464.07069999999953
1284,485.2845,502.91549999999825,500.3051999999999,444.3391999999976,436.70000000000005,437.9975995766668
1285,438.27749954999837,449.95230000000004,441.4344,440.4505604266662,410.47499999999906,412.3004200000016
1286,435.01859955000003,423.19935000000095,449.75994,404.0499204266688,373.1562500000001,396.74673042333325
1287,402.12449954999994,403.07760045,385.1290200000001,384.99968,366.69249958333137,359.08614957666725
1288,348.08399955000004,348.5160004500004,345.556139540001,345.28000000000225,304.5325000000029,320.99250042333347
1289,299.53799955000005,306.08549955000007,311.9628004600002,301.97759957333574,296.1624995833316,315.88710000000015
1290,304.6410000000003,292.41000045,323.1959995399999,312.58880042666937,297.98749999999984,286.7913995766666
1291,322.1370004499998,286.49699955,308.20919999999995,300.28800042666734,318.9000004166665,302.6663995766666
1292,355.53599955,324.8775000000025,363.17459953999975,315.54559957332896,332.70000000000005,324.95489957666547
1293,361.9485004500002,346.3695,360.331800000001,337.54879999999997,324.44999958333375,314.2106995766671
1294,382.90049955,434.9430004500001,395.23200000000094,334.5024000000001,386.13750041666555,358.78770042333366
1295,450.75149999999934,414.08550045,446.0435999999995,379.80160042666665,364.33750000000003,439.05170042333356
1296,466.33050000000003,483.66450044999846,526.6494000000007,446.70720000000017,398.462499999998,453.5932
1297,544.3199999999986,488.3624995499999,507.7710004599999,500.8896004266674,460.1750004166686,494.2077995766667
1298,544.3200004499994,531.3600004500007,536.543999540001,528.4608000000003,537.0624995833334,487.6546004233331
1299,544.3199999999999,531.36,536.5440000000001,542.8095995733318,555.7625,531.4442000000007
1300,544.3199995499997,531.35999955,536.54400046,595.0207999999974,575.7875004166672,561.1367999999999
1301,544.3199995500001,531.3599995499992,536.54399954,590.7199995733347,578.7250004166681,581.5965004233316
1302,544.32,531.3600004499999,536.5440004599996,603.8783995733329,585.0000004166664,603.148399576667
1303,544.3200004500001,531.3600000000008,536.5440004599998,597.6959995733329,592.125000416666,571.398399576664
1304,544.3199995500028,531.36,536.5439995400001,639.5647995733331,562.000000416668,591.1469004233334
1305,544.3199999999999,531.3599995499998,536.5439995399998,537.8431995733298,520.9499995833336,543.6489000000018
1306,544.3199995500042,531.36,536.5440000000001,550.6304004266661,519.8750004166684,495.4015995766703
1307,518.88600045,508.5180004500003,532.0866004599975,457.382400426666,482.71250041666667,520.9794004233374
1308,487.593,467.24985000000015,479.5085995400001,465.5104,463.6124995833285,444.3349000000003
1309,432.3239995499999,448.58879955000043,438.1776004599998,432.25599957333367,409.7212500000009,420.3826995766655
1310,419.8473004499998,442.2762000000002,428.4237595400003,407.4777604266658,410.9962495833352,406.89783957666566
1311,370.6829995499999,400.93649955000006,403.8625195399999,371.93343999999934,352.0025000000009,364.9078304233334
1312,337.89149999999955,328.18500044999996,340.70819999999975,328.4224,323.5875000000016,316.37731957666614
1313,317.6415000000001,298.94399999999916,325.96979999999996,287.4879995733326,306.96249958333226,290.99510042332935
1314,310.22999999999917,290.6009995500004,319.2354004599997,298.55999957333324,273.12499958333046,336.20709957666253
1315,297.74249999999995,322.94699999999995,326.01120046000005,294.6944000000001,273.412500416668,323.27849999999836
1316,311.256,332.7345000000002,343.38539999999773,281.8688004266668,310.98749958333497,310.9594995766666
1317,341.3880000000001,394.5375004499999,405.4025995399998,296.0383999999942,324.51250000000067,324.3072004233334
1318,380.74049955000015,401.73299999999983,408.79740046000046,363.21279957333394,332.31250000000017,368.75719957666684
1319,429.32700045000024,398.6820004499997,409.1423999999999,419.6224004266669,442.48749999999995,394.4873999999994
1320,452.15550045000003,462.5775004499998,468.41340046000005,440.52479957333446,410.09999958333196,446.54470000000055
1321,520.9515,506.4929999999997,536.5439999999987,488.4992000000005,488.7874995833305,475.7038999999976
1322,544.32,531.3600000000001,536.544,503.3727995733358,508.97499958333174,459.2193004233302
1323,544.3199999999985,531.3600004499998,536.5439995399998,594.4447995733308,547.9499995833305,576.1609004233331
1324,544.32,531.3599999999984,536.5439999999999,527.2319995733316,562.0125004166666,574.4210004233322
1325,544.3199999999999,531.3599999999999,536.5439995399971,637.3631999999989,559.6499995833306,559.6890004233329
1326,544.3199995500001,531.3599999999998,536.54399954,584.7807999999991,598.3375004166667,614.819699999999
1327,544.3199995500001,531.3600000000012,536.54400046,613.2863995733329,551.6375,625.0177995766664
1328,544.3200004500004,531.36,536.5440004599996,600.025599573333,575.5499995833328,576.3895
1329,544.32,531.35999955,536.544,578.3936004266632,553.6624995833329,530.2630999999977
1330,544.3199999999979,531.3600004500001,536.5439995399998,543.206399573334,525.0625000000001,538.2768004233379
1331,482.2199999999997,531.3599995500001,536.544,480.6656004266655,476.6375000000002,480.40290042333197
1332,483.3539995500001,440.4239999999993,471.39282000000065,435.46880000000004,480.4750004166649,440.52489999999995
1333,459.5319000000002,456.02865044999794,470.72490000000016,436.5619199999999,459.33750000000043,431.5155204233316
1334,427.95404954999833,421.8493504500001,425.0703595400005,391.2960004266653,400.70874999999864,408.79395000000034
1335,386.90730000000076,393.21990045000155,401.29020045999835,368.5452799999982,324.0749995833319,362.7234295766666
1336,333.78750045000027,339.64379954999936,336.5957995400022,350.6816004266687,304.8750004166669,311.98185042333347
1337,286.2405004500003,297.72899954999997,327.75000045999997,314.9056004266667,247.474999583334,316.3824000000001
1338,311.4990004500001,315.71099999999984,331.4207995399998,316.326399573333,273.5000004166657,263.0550995766663
1339,304.54649954999985,301.7385000000001,343.7303999999999,317.92639957333347,305.46249958333544,302.1203004233349
1340,341.4285,341.76600045000026,336.4440000000023,307.0719995733352,340.58749999999964,302.86960000000033
1341,351.75600045000004,378.5805004499999,384.34380000000004,327.3216004266666,296.43749999999807,347.9292004233341
1342,404.8380000000001,428.63849955,388.8426000000001,383.62880000000047,402.97500041666746,356.9588999999985
1343,432.9719995499977,467.76149954999966,435.10020046,422.7583995733349,389.12499958333365,399.2371995766661
1344,460.2555004499999,491.75099999999986,487.18139999999994,444.4032004266658,451.26249958333426,475.58959957666684
1345,526.2840000000001,504.38700000000017,523.1166004599988,495.5264,465.0125004166641,481.9650004233329
1346,544.3200004499994,531.3600004500003,536.544,514.7007999999983,528.6749999999982,540.6517004233344
1347,544.3199999999999,531.3599995500015,536.544,557.568000000002,526.1499999999999,524.5354004233329
1348,544.32,531.35999955,536.54400046,566.4768004266663,558.9250004166662,563.4100995766665
1349,544.3199995499997,531.3600000000001,536.5440004599998,585.9839995733316,568.4874999999993,584.5429004233375
1350,544.3200000000002,531.359999999999,536.5439995400002,575.6032000000001,555.8124995833316,613.4353999999965
1351,544.32000045,531.3600000000018,536.5439995399997,575.8591999999987,553.5124995833312,617.3723995766645
1352,544.3199995500001,531.36,536.544,591.8847995733346,556.3375000000001,548.7289004233322
1353,544.31999955,531.3600004500001,536.5439995399998,568.6271995733337,545.3375004166672,564.3626000000019
1354,543.3344995499999,531.3600000000005,536.5440004599998,506.52160042666804,522.0750000000027,532.3205000000036
1355,519.453,512.0955000000001,508.84739999999965,479.2064000000024,495.6625004166659,500.3165
1356,460.06649955000023,485.77185000000003,508.43340000000035,448.4095995733317,440.2612504166632,467.9696000000009
1357,459.82485045000095,477.7623,475.71359999999845,411.3664000000012,412.1025,438.1347595766649
1358,412.75574954999996,429.2338499999999,438.7433999999997,391.99999957333335,405.2537504166648,385.14019957666704
1359,351.66149955000037,379.6064999999998,398.97318046,371.57760000000155,365.1862499999976,361.21848
1360,351.3928504500002,360.6120000000009,333.1899599999999,313.87136042666543,284.4625004166646,300.6979004233319
1361,302.0760004499999,304.9784995500001,312.7356,323.5968000000013,298.44999958333364,297.2942995766669
1362,299.4975000000001,323.7299995500017,340.55640045999996,274.1375999999985,297.73749999999967,296.8243999999982
1363,309.31199954999965,316.49399999999997,325.73519953999994,270.3872000000029,288.33749999999975,295.49089957666683
1364,300.6855004499997,330.5475000000001,357.6270004599999,341.9392004266664,302.1875,293.5859004233335
1365,340.7265000000001,345.76200045000036,379.59659999999997,317.1200000000011,322.9125000000016,294.779699999999
1366,389.6639999999995,393.01200045000013,377.85779954,362.45760042666757,370.4749995833336,375.47550042333575
1367,434.9565,450.171,375.4566004599997,389.95200000000034,410.7125000000012,402.327533333333
1368,483.2190004499999,457.2585000000025,507.9089999999981,477.00480000000005,438.125,471.8388666666684
1369,533.70899955,515.3085,520.6739999999999,502.65599957333353,480.27500041666633,466.991700000003
1370,526.7970004500016,531.359999999998,536.5439995399998,526.3872,490.09999999999985,510.40030042333217
1371,544.3200004500001,531.3600000000002,536.54399954,556.6591995733363,526.825,524.357600423334
1372,544.3199995499999,531.3599999999991,536.5440000000001,604.1344004266681,566.5125000000003,585.139800423335
1373,544.3199999999999,531.359999549998,536.5439999999998,617.7408004266663,579.5750004166673,559.8921995766661
1374,544.319999999998,531.3599999999964,536.54399954,600.1663999999993,570.274999583333,591.8200000000018
1375,544.31999955,531.35999955,536.5439995400001,575.2319999999985,577.5624995833311,573.1509999999992
1376,544.3200004500001,531.3599999999998,536.54400046,581.1456004266633,557.0750004166673,559.6382
1377,544.3200004500001,531.3600004500003,536.5440004600008,573.811200426665,536.0250004166686,605.3962995766655
1378,544.32,531.36000045,536.5439995400002,532.7872004266677,510.8250004166669,523.9765999999984
1379,544.3200000000024,519.5610004499994,519.1145995400007,482.54719957333117,464.6374995833324,471.182700000001
1380,470.50200044999804,472.82399954999914,501.00900045999975,420.7360000000017,432.88749958333625,416.00120042333543
1381,461.0898004500001,438.82829999999996,450.58380000000005,443.8271999999991,411.5237500000005,441.9549195766664
1382,421.7939995500001,430.1235004499998,459.1259995400002,401.6896000000015,400.361249583333,419.52036957666684
1383,352.5929995500001,372.7795495499997,387.91800000000006,362.4281600000015,347.94749999999857,369.69700000000046
1384,350.0023504499999,327.26699955,353.7215995400002,328.0384004266681,308.21499999999963,319.1256004233367
1385,322.4340000000029,319.1670000000019,318.7110004599999,281.67679957333223,315.9374999999988,278.85389957666666
1386,286.71299955000035,323.06849954999876,307.7400004600003,321.1136004266644,273.312500416667,264.680699576667
1387,304.262999549998,311.66099954999976,318.40739999999994,301.2095999999973,303.41250000000076,284.81020042333347
1388,301.8734999999999,333.1664995500002,326.1768000000009,332.71039957333613,286.5125004166668,314.7949000000012
1389,385.8570000000001,390.9329995500001,382.2323999999998,348.45439957333474,328.91249958333333,334.94980042333486
1390,404.79750045,392.6745,391.14719999999994,386.9952000000018,346.43750041666567,381.6984995766643
1391,382.67100044999717,419.3505000000001,447.561600459998,409.89439999999865,383.0499995833324,385.825999576666
1392,449.3339999999996,486.48600000000096,478.4597999999998,449.35679957333394,422.62500041666493,433.9335999999997
1393,489.92849999999993,511.97400045000006,519.3216,479.21920000000006,454.1124999999987,471.3605004233332
1394,544.3199995500001,531.3599995500001,536.544,499.8400000000022,528.4624999999991,549.567099576667
1395,544.3200000000002,531.3600000000002,536.5440004600009,560.2687999999985,561.6499999999995,534.7843000000006
1396,544.32,531.36,536.5440000000001,612.5056000000001,558.050000000001,551.2181000000033
1397,544.3200004500002,531.3600000000002,536.5439995400001,592.2687995733334,593.5999999999992,617.7788004233315
1398,544.32,531.3599999999998,536.5439995400002,612.9407995733333,603.7749999999982,590.2706004233331
1399,544.3199999999998,531.36,536.54400046,570.5087995733352,576.7750000000019,591.0199
1400,544.3199995499981,531.3599995500001,536.5439995400001,585.1776004266695,606.4750004166676,586.6891995766656
1401,544.3199995500001,531.36000045,536.544,543.846399573334,525.250000416669,531.7744000000014
1402,543.8879995500001,531.36,536.5440000000002,543.7824000000004,480.5874995833333,509.15569957666906
1403,499.02750045,460.4984999999999,526.4148000000012,471.3343995733346,457.7375004166675,489.03890000000166
1404,498.0419999999991,465.5259000000002,482.4203999999997,458.8288004266675,464.2375004166681,444.50000042333363
1405,441.9089995499999,433.57949999999954,450.71214,432.50176042666624,419.9700000000002,427.7106000000004
1406,428.1066004500003,433.4053495499999,434.91941954000043,397.40544000000193,391.8637495833327,393.86890957666697
1407,387.60255044999764,410.6834995500001,411.09786045999994,361.82143957333443,372.74375,357.80472042333656
1408,336.45915045,328.90860000000004,349.2090000000001,330.11455957333106,322.48750041666665,315.8540800000005
1409,290.2095004499999,316.44000000000005,328.13639999999987,303.5007999999985,295.83749999999884,312.2675999999977
1410,327.76650045,295.9605000000008,282.78959999999955,277.17120042666744,313.08749999999964,335.14029999999997
1411,320.1795,318.6270004500011,324.4242004599999,298.5344000000009,294.2624995833335,355.5618999999986
1412,357.1290000000001,324.91799955000005,339.1212004600006,304.33279999999985,311.16250000000207,294.09389957666247
1413,362.09700045000005,359.64000045,371.4408,357.81119957333345,317.17500000000166,302.56479999999937
1414,375.7859995500002,384.0615,421.24500045999997,390.3999999999988,340.06250041666766,388.3533000000009
1415,435.5775000000001,421.09199999999953,456.17280046000013,372.08319999999935,387.88750041666754,404.8125
1416,445.67549955000015,457.6094999999994,482.1443995399992,447.1679995733331,478.63749958333335,431.165
1417,513.3374999999997,507.1274999999985,536.544,493.9392004266684,452.8625,493.4585004233335
1418,544.3200004499986,531.3599995500001,536.5439999999999,505.35679957333184,506.04999958333326,502.297699999999
1419,544.3200000000003,531.3600000000008,536.5439999999999,555.1104000000001,514.6125,561.2129995766653
1420,544.3199995499999,531.3600004499993,536.5440004600001,614.0288000000004,590.6125004166668,555.7392999999989
1421,544.3199995500015,531.3600000000013,536.5439995399998,604.3648004266661,544.45,595.0457999999996
1422,544.3199995499969,531.3599995500001,536.5440000000001,577.2543995733341,574.2874999999983,581.0758000000018
1423,544.3200004499998,531.3599995499998,536.544000459999,604.5055999999994,610.4375000000003,582.3458004233331
1424,544.3200004500003,531.36000045,536.5439999999994,565.0560004266664,591.8249999999994,573.7479000000014
1425,544.3199999999996,531.3600000000005,536.5440004600014,560.576000426668,561.9,562.1273995766694
1426,537.5565004500005,531.3599995500001,536.5439995399998,533.6959995733348,515.1874995833341,506.7300004233335
1427,500.52599955000034,503.4554999999994,505.3421995399996,472.1535999999994,474.9500004166664,479.6155004233333
1428,489.63150045,482.517,473.99412,464.3968000000002,400.5125000000009,445.9985995766652
1429,424.6154995500002,459.55350045,459.9650400000011,423.5903995733315,406.77500000000003,410.2734995766673
1430,419.12505045000006,429.2892000000002,437.57867999999996,409.81120042666646,403.8762499999988,404.922989576666
1431,382.31730044999983,381.7759499999999,404.4918,355.0579204266671,369.2499999999987,370.96700000000004
1432,350.8919995499989,332.32949955000004,379.44480045999984,333.18399957333196,300.48750041666716,322.9736995766692
1433,282.67649955,327.90150000000006,338.8728004599998,329.9968004266686,289.20000000000005,313.6138000000031
1434,285.3494995500001,301.6440004500003,313.05299954,279.1680004266659,279.93749958333194,289.3186995766666
1435,313.71299955000006,306.97649955,355.695,298.7648004266668,331.7125004166706,287.55340000000007
1436,343.791,361.74599954999985,358.33079954,356.0703999999995,328.29999999999995,321.2210995766665
1437,382.71149955000004,392.8095,373.02780046000015,371.0208004266701,333.2874995833334,338.8740995766672
1438,382.77900045000007,361.8404995499999,384.70259999999996,358.6816004266674,356.6375,342.25230000000226
1439,420.61950045000026,405.98549999999966,445.71240045999997,418.3039995733304,383.1374995833334,408.0764
1440,467.7345004500004,494.81550044999966,480.97139954000045,466.508800426668,436.50000000000057,439.67399957666754
1441,518.4135000000001,498.7845,523.4064004600004,478.2975999999999,466.6875004166669,478.0279995766683
1442,536.2335000000003,531.3599999999999,533.7563999999998,526.1311995733334,512.7374995833318,500.5578004233336
1443,544.3200004499979,531.3600000000002,536.5439995399996,540.7359995733331,582.6124995833312,558.7491995766667
1444,544.3200004500001,531.3600000000002,536.54400046,572.108799999999,562.537500416664,592.0993995766657
1445,544.32,531.3600000000022,536.544,591.8208004266651,599.8749999999985,591.3119995766696
1446,544.3199995499998,531.3600004500003,536.5439995400003,629.1712000000015,581.1499995833309,609.6254004233336
1447,544.3200004499985,531.3599999999998,536.5440000000001,584.7680004266648,579.4250000000009,611.2002000000015
1448,544.3199995499999,531.3600004500001,536.544000000001,577.3055995733373,573.3375004166656,586.0415
1449,544.3199999999971,531.36,536.5440004599998,573.1584004266668,551.9875,537.1846
1450,538.82549955,531.3600000000002,536.5440000000001,501.55520042667035,482.9625000000003,527.6849995766668
1451,532.9124995499999,493.91100000000023,536.5439995400025,494.9503999999994,472.03750000000156,450.4181995766682
1452,460.78335044999983,503.604,498.9114,454.9376004266648,425.1249995833333,447.9290000000004
1453,452.66310045000023,442.7217004499998,462.49320046000173,398.3487999999982,412.7987495833337,429.6194100000005
1454,415.45304999999956,416.37104955,438.6730195400001,414.83391957333544,396.13750000000044,395.3598895766681
1455,380.14649999999875,396.3478504499995,395.53284045999965,360.58879957333346,360.86000000000024,382.75259999999935
1456,332.51849955000006,341.9684995499998,344.8896,309.70495957333463,328.2875,310.8833000000001
1457,313.91549954999954,349.9605004500002,330.1511995399999,264.0358404266686,307.5874995833337,302.9585004233342
1458,307.78649999999993,319.47750000000167,312.83220046,299.9679999999983,269.06250041666556,299.27549999999997
1459,306.6254995499999,309.2444999999991,334.7604,294.2975995733308,314.3125000000007,297.7515004233325
1460,303.33150045000025,313.06499955000277,304.93859954000004,310.60480042666643,300.71249958333385,346.4940999999982
1461,372.4785,337.986,372.0894004599982,355.0208004266681,327.29999999999995,336.9056
1462,365.83649954999987,403.0695004500001,392.84459954000016,374.47680000000037,352.4500004166648,387.81990042333194
1463,423.5490000000027,384.76349955000006,448.52760000000166,387.96800000000013,410.93750041666647,373.25299999999896
1464,478.70999955000246,526.6620004500002,521.2122004600001,456.8447999999999,468.5499995833333,424.9419995766671
1465,535.7745,511.5960004499998,536.5439999999998,518.2976000000015,477.1874995833346,481.4951004233336
1466,541.0935004500001,531.36000045,536.5439995399994,539.2767995733325,543.1500004166646,518.9981995766668
1467,544.32000045,531.3599995500003,536.5440000000006,594.2655995733313,570.9249995833349,539.3055000000003
1468,544.3199999999998,531.36,536.544,590.5152000000026,546.8750000000005,596.5952004233326
1469,544.3199999999965,531.3599995499992,536.5439995400001,607.6416000000011,597.3125000000013,617.6391004233337
1470,544.32000045,531.3600000000005,536.5439995399997,587.1615999999979,580.6249995833338,571.9445004233347
1471,544.32,531.36,536.5439999999999,587.7120004266687,583.4124999999983,572.1857999999982
1472,544.3200004500003,531.3600000000001,536.5440004599999,568.1535995733329,548.3375000000021,569.0234999999996
1473,544.3199995499997,531.36,536.5440004599999,563.4815999999983,531.1374999999961,558.139599999999
1474,534.924,531.3599995500001,536.5440004599999,542.1183995733329,506.90000000000197,504.38050042333333
1475,532.73700045,512.3249995500004,521.9988,484.7615995733317,469.34999958333594,465.6708995766679
1476,528.9435000000003,490.3335000000001,475.8791999999996,447.28064042666733,438.88749958333347,448.29729957666933
1477,434.55150000000003,438.42599955000003,469.0757999999999,436.8128,412.3874999999999,428.12842999999805
1478,438.2856,433.8913500000001,423.1507800000004,405.22239999999914,388.02624958333513,392.77035957666664
1479,356.00850045000146,386.92080044999943,393.9403204600016,356.2713595733317,352.99374958333385,357.7132799999996
1480,319.97700044999993,326.83500045000005,360.8286,320.4608004266657,313.27500041667054,318.48298042333266
1481,321.47549999999995,325.99800000000005,316.32360046,302.18240042666673,302.82500041666526,300.9518995766666
1482,303.80400044999976,312.1470000000004,311.31419954000023,326.11839999999773,283.487500416667,313.2582
1483,311.37750044999984,319.3695000000016,296.53440000000035,327.3472000000006,308.02499999999924,290.23309999999935
1484,346.65299955000245,345.50550045000006,367.9769999999999,310.4512004266657,304.73749999999995,326.2121995766684
1485,375.4754995500006,379.05299955000004,385.4340000000002,338.5984000000002,298.0999995833338,312.81369957666953
1486,392.37749955,374.3685000000001,414.4553995399998,403.40480042666877,338.1625,373.91340000000065
1487,448.5104999999996,420.05249955,445.9746004600003,426.54720042666776,376.9249995833332,410.7307
1488,495.0450004499999,479.88450000000006,481.60620045999906,443.4175999999963,462.9,430.8856000000023
1489,514.4445000000001,531.36000045,536.5439999999999,502.3871999999987,481.65,488.8483995766669
1490,532.899,531.3599995500002,536.5440004600008,566.3360004266693,483.9374995833313,517.347199576665
1491,544.32,531.36,536.54400046,557.017599573331,560.1375000000005,571.855600423332
1492,544.3199999999999,531.3599999999993,536.5440004600002,614.0160000000018,547.0250000000009,543.0139004233331
1493,544.3199999999996,531.3599995500001,536.5440004599999,596.3007999999993,550.95,604.3422004233331
1494,544.3199999999998,531.36,536.5439995399983,574.9760004266633,581.2500004166662,561.568600423334
1495,544.3200004500001,531.3599995499999,536.5440004600005,603.699200426664,575.4999995833351,589.3816004233344
1496,544.3200004499996,531.3600004499998,536.5439995400014,581.747199573333,542.4624999999993,563.4862995766653
1497,544.3199995499999,531.359999999998,536.5439995400002,550.3871995733352,558.5625000000041,544.6649004233319
1498,529.14600045,531.3600004499999,536.5439995400001,552.8063999999996,517.9749995833317,498.19559999999996
1499,499.54049955000005,492.72299999999797,520.1909999999999,518.4895999999997,493.91250041666717,494.49989999999923
1500,450.68940000000026,473.25600000000026,463.0313999999999,434.41280042666784,435.9,437.5277004233317
1501,444.33495045,449.8551004500001,468.1953595400017,439.6735995733361,411.8837499999986,423.8879000000012
1502,414.38250045000007,402.0637495499996,419.83740045999804,378.73663999999997,394.1674995833331,402.5684099999998
1503,390.89789999999977,386.6292,383.56548,398.14399999999813,356.6112504166655,357.6866099999976
1504,327.7395004500001,344.736,336.44399953999977,325.7599995733344,313.2374995833327,329.1585999999994
1505,323.05500000000075,333.4770000000001,290.5175995399973,260.2368004266665,296.3624995833335,294.2971004233334
1506,324.75599999999986,282.9330004499999,348.1602,311.09120042666643,301.00000000000296,294.894
1507,315.7245,337.58100000000024,325.80420000000004,315.16160042666934,295.5750004166658,318.75729999999993
1508,333.93599955000036,346.1535000000018,364.94099953999995,279.8207995733311,312.05000041666585,311.8357999999995
1509,377.4329995500001,374.111999549999,343.4957999999999,351.8976004266662,331.42499999999984,387.3627000000044
1510,402.9480004499999,393.84900000000005,377.59559999999965,373.516799573335,370.687499583334,377.2535004233334
1511,403.4745004500001,423.23850045000063,427.97940046000014,413.17119999999966,399.8625000000027,413.01670000000115
1512,441.67950000000127,491.8995000000002,491.65259954000015,474.9184004266691,462.82499999999925,460.47660042333274
1513,502.2675004500002,489.0645,536.5440000000001,527.4495999999996,469.2624995833336,498.8432995766665
1514,544.3199999999999,531.3599995500003,536.544,558.976000426666,514.4499999999986,541.4518004233349
1515,544.3200004500001,531.3600004499993,536.5439999999999,539.3151995733352,539.2500004166665,542.8996004233314
1516,544.32,531.3600004500003,536.54399954,588.0447995733371,530.1875004166659,583.0062004233363
1517,544.3199995500008,531.36,536.54400046,639.4751999999997,565.737499583332,593.2042995766686
1518,544.3200004500003,531.3599995500007,536.544000459998,598.6816004266652,586.074999999998,590.2451995766659
1519,544.3200004500003,531.3599995500001,536.5439995399997,596.1215999999993,619.9250004166654,584.0603004233334
1520,544.32,531.3600000000001,536.54400046,560.5376000000008,544.6249995833332,579.018399576666
1521,544.32000045,531.3599995499999,536.5440004599982,556.1087999999985,536.7625004166667,541.7566004233333
1522,534.3840000000001,531.36,536.5440004599998,517.0816000000013,516.6749995833331,494.01729957666464
1523,519.0749995500004,521.5185,514.9745995400001,466.777600426667,493.36249958333326,498.17019957666787
1524,499.2029995499996,467.37000044999996,477.57659953999956,464.153600000001,443.7375004166678,476.3643000000012
1525,456.2230504499999,459.57374999999996,467.41979953999964,434.1222404266664,424.7849995833337,436.4609004233346
1526,408.4586999999992,439.80165000000005,445.52333999999996,403.82592042666863,389.23750000000007,405.86406000000227
1527,397.32119954999996,378.7560004500004,395.5052399999999,361.1750400000003,361.1174995833355,355.9606795766664
1528,340.45650000000114,360.44999955000003,344.29619954000003,318.92480000000006,326.4449995833354,327.7742995766672
1529,294.5565,293.22000045,318.21420000000114,293.86239957333703,312.7625000000002,305.90489999999994
1530,312.687,318.15450044999994,265.5809999999994,301.12000042666585,296.84999958333333,295.0083
1531,304.02000045,311.3234999999995,297.56940046000045,275.468799573332,296.8875000000017,320.26859957666863
1532,348.1919999999999,374.34149955000015,319.59419954000003,323.7120004266677,284.13749958333256,304.3428004233329
1533,353.22750045,345.1679999999998,378.7133999999998,315.481599999997,345.7999999999993,356.0191
1534,405.4454995500011,418.55400000000003,424.3775999999999,355.73759999999874,383.6500004166653,357.6828000000002
1535,424.42650044999993,420.60599955000004,441.07560046,380.33920042666665,391.812500000002,414.78199999999987
1536,529.5914999999997,421.10550044999997,470.31779954000007,476.51839957333107,444.6000004166665,405.3332004233331
1537,490.1444995500001,512.73,525.2004004599991,473.0496004266645,464.44999958333324,475.4625999999989
1538,544.3199995499999,531.36000045,536.543999539999,544.4736004266673,488.38750041666293,523.0621995766643
1539,544.3200000000003,531.36000045,536.5439995399998,571.0591999999999,551.9749999999998,540.2198995766684
1540,544.3200004499998,531.3600004499998,536.5440004599999,597.0304004266677,533.2124995833317,567.0041995766669
1541,544.32,531.359999549999,536.543999999998,599.6672004266662,571.6249999999982,583.438000423334
1542,544.3200000000012,531.3599995499985,536.544,614.131200426667,578.6000004166668,579.6661000000015
1543,544.32000045,531.3599995500001,536.5439995400002,555.3663995733303,574.3125004166683,602.5133995766666
1544,544.3200004500002,531.36,536.5439999999986,571.9807995733352,543.5499995833331,573.5066004233322
1545,544.3199999999994,531.3600004499999,536.5440004599999,547.0591999999975,560.4750004166664,560.285900000002
1546,544.3199999999999,531.3599995500001,536.54400046,554.6111999999989,512.1750000000014,542.3534995766666
1547,531.2924999999998,489.67199955,476.0724004599999,502.05440042666436,500.76250000000095,489.71199957666755
1548,459.83699955000037,491.0625000000003,495.97200045999995,460.74879999999996,427.8249995833311,436.6437804233346
1549,436.05000045,466.63830044999975,445.71239954,439.0540795733345,427.3474999999988,429.9711995766668
1550,412.60320045000043,423.1291499999999,436.0427399999997,394.8211195733323,373.7737504166672,388.10056957666717
1551,375.2406004499999,392.3572495500001,397.2674999999998,359.95007957333576,354.2000004166664,368.0866404233336
1552,354.26700044999995,345.54600045,352.6175999999999,322.31680042666494,329.412499583333,331.3290295766671
1553,294.4485000000007,311.6070004499998,300.5225995399998,298.5344000000002,295.27499999999895,271.1196004233319
1554,273.73949954999955,295.66349955,331.1724004600002,277.5935999999994,272.3875000000006,285.6737999999999
1555,296.25750000000033,345.81600000000003,331.4759995399998,303.0911999999998,280.8375000000007,277.54580042333413
1556,340.0514995500001,371.5064995500006,363.216000459999,331.7760004266662,330.81250041666533,297.7896000000001
1557,389.1374995500002,373.8149995499999,368.17020046,331.6608000000006,326.1000000000004,355.9810004233312
1558,366.2415000000008,366.66000045000004,416.3183999999999,392.21759999999983,357.26250000000005,361.28960042333233
1559,441.5580000000002,435.88799999999924,434.45159954,415.19360042666284,410.1249995833331,405.8030999999998
1560,446.57999955,468.6119995500004,487.9818004599999,449.1776000000016,440.98750041666784,438.4420999999952
1561,512.3250004500001,509.2335000000004,489.6791995399979,468.88959957333736,461.62500041666357,517.8551995766675
1562,543.7395000000001,531.3599999999994,536.54399954,505.29280042666744,513.049999583334,514.273799576667
1563,544.3200004500001,531.3600000000013,536.543999539999,572.9792004266653,536.9374995833322,537.286200423335
1564,544.3200000000002,531.3600004500004,536.54400046,581.2351995733364,593.6749995833337,565.429399576669
1565,544.3200004499998,531.3599995500001,536.5440004599975,630.8095999999991,556.5500004166665,592.7217000000003
1566,544.31999955,531.3600000000001,536.5440004599983,603.9168,578.1875004166668,599.0208995766644
1567,544.32,531.3600004499972,536.54400046,628.1087995733332,576.0624999999989,577.2912004233348
1568,544.3200004499998,531.3599995499999,536.544,561.1904000000001,564.7374995833335,583.1458995766668
1569,544.3200000000005,531.3600004499996,536.5439995399992,582.2464000000001,554.049999999999,568.744099576667
1570,544.3199995500028,531.3600000000002,536.5439999999998,520.1023995733342,544.037499583333,507.3142004233336
1571,467.451000000001,531.36000045,536.544,506.4703999999989,478.1500004166685,458.25409999999863
1572,472.7699995499992,460.7819999999999,470.0141995400005,436.3904,420.31249999999994,433.5272004233314
1573,442.5434995500002,452.0070004500001,480.68159999999995,426.6496004266665,430.5399995833336,419.4682995766683
1574,446.54490045000006,412.53299955,430.61520046000123,400.01535999999936,380.50749958333324,413.856170000001
1575,391.9954495500009,399.7890000000001,395.92200045999977,384.7488004266685,363.9999999999974,347.34499957666696
1576,341.65935045,344.81699999999984,351.73440045999814,328.7935995733323,297.2575,332.82001000000014
1577,299.9969999999996,304.49250045000025,310.4034000000001,319.2832004266656,291.6374999999995,287.70579957666627
1578,310.97249955000007,302.35950045000004,334.52579954,300.0575995733329,273.32499958333494,278.6507
1579,316.9125004499998,300.3479999999998,342.6264,344.6912004266691,273.8124995833348,303.25059957666497
1580,337.7430000000003,388.17900044999976,322.92000046000004,309.1840000000015,334.0374995833323,342.60790042333315
1581,351.2565000000001,377.79749954999784,341.3982,329.11360042666615,346.2000000000014,322.38950042333414
1582,393.12000045000025,404.7165004499996,368.3772000000016,372.18560000000025,362.162500416665,421.7289000000014
1583,419.2289995499998,469.0440004499999,444.7049995400004,403.4816000000014,386.4499995833329,461.01000042333305
1584,470.63699955,488.2815000000001,502.55459953999934,476.4800004266698,427.01250000000016,438.0865004233348
1585,525.5415004500002,531.3599999999999,536.5439995399976,505.8175995733326,464.81249958333416,460.8702995766672
1586,544.3199995500001,531.3599995500001,536.5440000000001,524.1216000000004,500.9499995833332,532.0537999999992
1587,544.32000045,531.3600004499999,536.5440004600008,539.2895995733342,521.9749999999987,526.7705999999979
1588,544.32,531.3599999999998,536.5440004599982,606.6687995733337,568.9874995833338,556.4886004233327
1589,544.3200004500001,531.3600004499999,536.5440004599999,610.5216004266674,589.625,603.1610995766673
1590,544.32,531.3599995500016,536.5440004600002,590.502400426666,567.3999995833345,579.0057000000002
1591,544.32,531.3600004500001,536.5439999999999,566.3231995733327,563.0875004166677,586.282799999999
1592,544.32,531.36000045,536.54400046,601.7280004266678,568.0000004166666,561.1367999999986
1593,544.3200000000002,531.3599999999998,536.54399954,557.2351995733317,549.0875000000001,559.1429004233331
1594,544.32,531.3599999999999,536.5439999999995,543.4112000000029,492.1999995833331,473.0241995766637
1595,501.05249955,501.6330004500001,496.8000000000007,494.911999999997,512.0125000000007,511.4416999999977
1596,494.5589995500017,462.34799955000005,515.0297999999996,450.5984000000007,426.1124995833361,451.3071999999977
1597,442.9025995499978,444.83445000000006,477.97403954000004,409.56032042667,410.4374995833348,420.1160004233327
1598,428.27399999999994,423.2398495500001,441.24534045999985,390.73407957333467,396.31875,399.73249957666206
1599,362.3643000000015,362.87864954999884,391.82340045999985,365.6588795733327,373.4262499999994,360.9593995766676
1600,325.1205000000003,328.65749999999963,341.73354,324.0448004266655,330.5874995833321,337.9215999999998
1601,291.6135004500003,357.68249955000033,336.71999954000006,280.2432004266682,327.05000041666784,313.5376000000003
1602,302.53499999999997,325.9169995499998,349.0433999999999,303.57759957333707,284.18749958333433,249.00890042333305
1603,270.1485004499999,314.3205000000001,330.6479999999997,280.0640004266657,278.41250000000247,344.5255995766665
1604,345.6539995500017,351.2429999999999,332.3592004600002,307.0975999999985,296.2749995833333,293.3573004233318
1605,362.78550000000007,316.9394995499997,366.74880045999925,309.29920042666595,319.88749999999754,313.44870042333093
1606,416.17800000000005,432.7965004499998,402.73920045999995,331.05919957333475,373.0499999999979,348.6404
1607,400.0454999999996,440.4374995500002,454.25460045999984,427.43039957333355,373.29999958333383,400.177
1608,477.3464995499999,466.64099999999996,485.12520046,455.9487995733324,428.38749958333466,432.1048004233337
1609,488.2950004499999,502.13250044999995,515.8992000000005,483.5072004266677,503.7124995833336,522.7827999999964
1610,544.32,531.36,536.5440004599998,525.9903995733335,495.1625,539.9277999999999
1611,544.3200004500001,531.3599999999998,536.5439995400004,553.215999573336,516.4874995833334,564.3880000000003
1612,544.3199995500001,531.3600004499991,536.544,559.7823995733323,606.5124995833346,583.4253000000028
1613,544.3200004499995,531.3600004500001,536.5439999999975,576.8063995733338,586.475,616.0642995766666
1614,544.3199999999999,531.3599995500002,536.5439999999999,577.4720000000001,579.5375,581.5329995766658
1615,544.31999955,531.36000045,536.544000460002,590.604800000002,583.4125004166639,575.2719004233293
1616,544.3200004499984,531.36,536.54400046,561.9328,558.0875000000005,601.9164995766716
1617,544.3200004499994,531.3599999999998,536.544000460002,573.8879995733321,557.5250004166669,586.638399999997
1618,544.3200004499998,531.36,536.54399954,561.5871995733344,495.5375,561.5051004233331
1619,529.7399995500001,524.637,536.5440000000001,524.5439995733306,511.6874999999993,495.7826004233345
1620,475.91550000000007,506.56050000000005,498.51395954000014,465.66400042666646,420.15,426.52950042332816
1621,447.7409995499994,439.81650000000013,455.98512045999985,421.12383957333265,417.75499958333,445.17309957666845
1622,426.75795044999995,421.0245000000001,425.7093,414.3334404266671,387.4724999999993,407.7474704233344
1623,385.1401504500003,398.28104955000003,370.1435995399998,372.79104042666756,343.5700004166646,386.91819999999984
1624,338.1480000000005,330.68925044999986,361.56137954000025,338.086399999996,302.84999999999985,317.7412995766645
1625,371.16899999999987,316.17000000000013,334.66379999999987,297.6128,287.22499999999997,311.20079957666655
1626,338.4315000000001,323.58149955000005,322.80959953999985,301.9904004266683,288.62499999999983,310.2863999999992
1627,283.44599955000024,312.2144995500001,321.22259954,315.455999573333,329.9875004166668,315.82359957666466
1628,337.20300044999885,324.3915004499998,356.97840046,304.8960000000002,304.48749958333417,348.1070000000002
1629,342.7515,341.5365004499998,347.5116004600003,344.7551995733337,355.5874995833342,334.4036995766699
1630,376.44750044999984,389.4885000000001,420.3204,378.5087995733343,339.47499999999997,346.5703004233296
1631,430.86600000000044,396.96750045000056,418.0571995399993,420.0320004266658,421.58750041666633,415.0106004233319
1632,485.2305004500006,475.6185004499997,496.1376000000002,422.10560042666566,480.8374999999985,435.5845995766651
1633,523.9620004500019,475.25400045000004,509.46839953999995,510.271999573333,494.7874995833299,485.3050995766667
1634,540.4184995500001,531.36000045,536.5439995399998,531.6735995733322,484.25000000000006,504.9392995766657
1635,544.3200000000003,531.3600000000024,536.54399954,553.2543995733317,524.05,525.4878995766682
1636,544.3200004500004,531.3599995500002,536.5439995399998,567.4111995733359,560.3999999999985,599.1986995766672
1637,544.3200004500017,531.3599999999999,536.5439999999999,600.9344000000016,592.212500416668,588.7974
1638,544.3199995499991,531.3600004500007,536.544,621.7856,589.6875,624.7764995766663
1639,544.3200000000024,531.3600000000001,536.5439995400004,594.1504000000011,577.4500000000007,627.786399576666
1640,544.3199995499984,531.36,536.5439995400003,616.9343999999975,563.325,574.8781995766664
1641,544.3200004500003,531.3600004500003,536.54399954,539.2896000000014,545.6749995833344,548.0304004233329
1642,534.6135000000002,531.3599995500003,536.54400046,520.4864,504.4249995833325,552.2087004233329
1643,471.31200044999974,507.8835,536.5440004600001,490.85439957333193,470.6875004166669,474.95460042333485
1644,445.3514995500001,504.17099999999976,488.1198004600001,456.5760004266668,420.5250004166647,457.02220000000045
1645,448.8885004499984,438.50834954999846,476.4960595399999,429.478400426666,424.17500041666483,437.75629957666644
1646,430.44344999999925,429.7198500000011,429.09167954000003,385.49760042666605,387.7950004166688,392.83513042333357
1647,395.67150044999977,389.5627504500024,405.22733954,350.79679957333275,357.0237504166654,371.5524695766666
1648,322.7850004499979,349.3260004499982,359.53140046,320.4633600000006,302.48750041666756,302.406049999998
1649,318.5864995499999,298.09349955000005,364.70640045999994,281.6000000000006,276.7225000000005,338.09940000000097
1650,352.34999954999995,319.23449955,316.48919954,285.9263995733351,269.3624999999995,267.99540000000013
1651,301.8600000000001,291.7889995499991,355.7225999999999,296.02559957333574,302.83749958333124,254.8254999999991
1652,294.32700000000017,341.9010004499998,395.93580000000037,352.71680042666804,269.4249999999982,329.806300000002
1653,363.58200000000016,412.26300045,370.9301999999998,339.1487999999993,319.80000000000024,318.6303004233319
1654,400.5584999999999,410.53499954999984,377.94059999999996,383.62879999999916,347.51250041666674,370.9542995766648
1655,417.08249955,378.0135000000001,445.7814000000001,381.35040042666554,385.1374995833322,409.54960000000017
1656,493.1820004500003,502.86149955,438.4260000000011,457.3824004266667,431.3999999999993,421.03040000000004
1657,477.65699954999985,531.35999955,528.9126004599997,461.6448004266659,458.3375000000032,444.01740000000046
1658,544.3200004500001,531.3599995500001,536.5440000000001,475.37919999999957,509.07500000000147,474.85299957666575
1659,544.3200004500017,531.3600000000002,536.5439999999999,566.5664004266654,563.3000000000004,557.8805199999986
1660,544.32,531.3599995500017,536.5439999999982,578.4831995733351,570.0375004166692,595.397166666668
1661,544.32,531.3600000000002,536.5439999999999,592.422400426665,576.9374995833333,575.05176709
1662,544.3199995499981,531.3599995500001,536.5439999999999,637.1456000000036,576.8249995833335,607.6450470899985
1663,544.32000045,531.36000045,536.5439995399998,615.8080004266665,582.0125004166669,622.8715000000002
1664,544.3199995499997,531.3599995499998,536.5439995399984,605.7216000000031,530.562499583334,599.8082995766691
1665,544.3199995500001,531.3599995499997,536.5439995399995,570.9695995733333,572.4250004166668,524.1798
1666,544.3199999999999,531.3600004499991,536.5440004600001,547.494399999999,524.2874995833348,515.353299576666
1667,499.54050044999997,525.9870004500002,536.54400046,481.24160000000063,508.93750000000097,495.9477
1668,451.7599500000001,442.81349954999973,501.78179954000007,445.27360000000016,436.93749999999795,444.3348995766666
1669,466.3035004500016,449.8064999999998,460.64676045999965,421.861120000003,424.9012504166678,406.2437904233373
1670,416.9974495500001,437.5484995500026,432.13457999999997,407.1743995733364,390.88750041666617,406.3999995766673
1671,384.52859955,402.1744499999997,393.87959954000024,383.48288000000133,356.9462499999997,358.81183000000124
1672,341.4932995500003,338.5584000000006,352.52099999999996,298.87999999999965,313.6224995833346,328.3965995766634
1673,334.30049999999994,329.6699999999999,297.44520045999997,310.88639957333197,256.9750004166666,298.1960000000001
1674,305.80200044999947,313.2135000000001,314.8746000000006,287.69280042666475,318.1374995833328,341.41409957666656
1675,335.98800000000017,306.84149955,327.70860046000007,319.4111999999994,341.68749958333245,285.0261
1676,330.7229999999999,339.12000044999996,353.1282000000007,306.29120042666773,292.6625,339.852000423332
1677,382.9950000000016,367.7669995500031,361.89119953999983,347.14879957333324,339.23750000000035,336.20710042333343
1678,419.01299999999986,384.99300045,417.72600000000006,371.1104000000014,349.15000041666843,377.6471995766668
1679,391.68900000000014,449.3610004500001,455.6622000000001,429.18400000000054,391.3625004166656,395.5796000000016
1680,514.1339995499999,477.819,485.71859954,454.9759995733334,454.24999958333217,454.26630042333267
1681,497.44800000000043,506.3850000000003,511.71779953999925,477.23519999999996,462.2000000000007,460.4258000000001
1682,544.3199995500001,519.6419999999998,536.54399954,538.7263999999983,508.85000000000014,541.2612999999989
1683,544.3200000000003,531.3600000000002,536.5439995399996,567.0400000000014,526.0375004166666,546.5699000000014
1684,544.3199995499992,531.3599995500002,536.5439999999999,590.7840000000006,591.1625004166677,598.5509995766658
1685,544.3199995500001,531.3599999999981,536.5440004599977,581.6319999999994,589.5499995833346,574.5733995766653
1686,544.31999955,531.36000045,536.5439995399995,595.9167999999988,597.6500004166668,606.9964995766647
1687,544.3200000000002,531.3600000000002,536.5439995400002,602.7264000000055,579.5000000000011,597.420700423333
1688,544.3200004499998,531.3599995500001,536.5439995399996,589.1711995733336,584.5249995833326,571.0808999999987
1689,544.3200004500002,531.36000045,536.5440004599999,560.4608004266684,542.125,547.9923004233326
1690,544.3199999999998,531.3600004499999,536.5440000000006,545.9711995733348,472.887500416668,521.1190995766676
1691,499.71599955,522.9494995500008,536.185200460001,485.84959999999796,465.48750041666636,496.36680042333364
1692,468.585000450002,466.4115004499999,486.68460045999996,466.1888004266667,423.274999583333,450.8119004233326
1693,437.57684954999985,435.9420004500003,468.8632799999975,422.16959999999995,430.4112504166682,410.4640004233361
1694,415.27215000000007,422.2813495500001,442.1837404600002,403.85279957333023,405.84625041666595,398.1729399999996
1695,377.29799955000084,384.3895495499998,377.3099395400003,356.0063999999984,373.7612495833331,367.2103395766669
1696,336.77100044999986,337.78080044999996,362.16720045999824,315.097599573335,295.4625,305.28259999999983
1697,316.14300044999993,286.1230495499997,337.64460046000016,323.72479999999854,303.5250004166643,295.74490000000003
1698,333.4499995499997,303.6150000000001,295.6512004599999,272.5632004266664,293.62499958333325,281.13989957666587
1699,331.97850045000024,291.01950000000016,317.96579953999975,335.3984004266678,314.99999999999784,308.9021
1700,308.0024995499998,328.06349954999877,317.45519954,311.42400042666645,300.4249999999998,329.55230042333505
1701,377.0550000000002,376.353,384.49559999999957,336.83200042666556,348.4874995833361,352.3361004233334
1702,377.24400044999993,421.98300000000006,393.8796004599999,363.09759999999966,381.6624995833336,372.14809957666773
1703,402.17850000000004,439.93800044999995,424.7225995399999,372.65919999999994,374.7874995833321,392.5824004233332
1704,497.77200045000006,443.4075000000001,471.0630004599999,411.73760000000084,429.4499999999993,460.24800042333345
1705,515.052,526.0814999999998,497.51759999999985,503.8719999999981,491.96250041666553,468.4141004233346
1706,544.3200004500012,531.360000000002,536.5439995399988,542.6816000000023,487.65,535.7621999999999
1707,544.3200004499981,531.3599995500003,536.54399954,560.7807995733333,576.3374999999986,526.7705995766655
1708,544.3200004500001,531.3599995499999,536.5439995400001,576.9343995733341,556.6750004166661,607.5171995766666
1709,544.3199995500004,531.3600000000006,536.54400046,586.9823995733339,573.7000004166667,593.0519004233325
1710,544.32,531.3599995500003,536.5440004600009,606.1696004266695,572.7999999999998,614.3751999999996
1711,544.32,531.3599995499997,536.54399954,611.6863999999995,573.3249995833355,587.0067000000033
1712,544.3200000000002,531.3599995500001,536.5439999999999,573.567999573337,572.6375000000008,554.6852004233345
1713,544.3199995500001,531.3599995500001,536.544,546.7136004266653,560.6625004166647,534.4159999999994
1714,544.3199995500001,531.3599995500001,536.5440000000001,563.8911995733336,518.9625004166669,497.66219957666584
1715,539.1360004500015,488.6459995500002,522.7577995400001,487.64159957333186,485.3374999999978,474.1926004233333
1716,480.1409995500001,468.4499999999996,479.21879999999993,455.7439999999998,457.9124995833349,440.42330000000004
1717,436.5332995500002,443.81250045,458.8569004599999,455.4752004266658,412.47625000000266,443.08014000000003
1718,422.25299955000304,423.0454495499999,430.2439799999999,392.3033595733317,390.47249958333407,398.27708000000064
1719,378.9395995499999,387.2826004499997,403.3933204600001,375.7056004266659,368.8749995833334,345.0767804233333
1720,341.2840500000001,362.3804999999997,330.6742200000001,333.04320000000365,328.8375004166659,312.75400999999994
1721,337.1490004500004,297.3239995500002,332.51100046000033,313.4464004266673,291.79999999999984,307.9750004233333
1722,341.75249999999966,306.49050044999893,301.58519954,326.1312004266676,289.15000000000066,273.41829957666624
1723,336.7710004500001,301.30649955000007,351.5136004599999,286.4895995733339,321.2249999999982,285.52139957666736
1724,358.62750000000017,316.02149955000016,325.7627995400002,331.8144000000006,295.67499958333093,336.3722000000009
1725,356.29199955000007,341.7119995499998,356.93700046000004,356.82560042666677,318.38749958333074,333.87030042333174
1726,360.7200004500001,374.7600004499977,384.5508004599984,381.31199957333365,391.06249958333433,366.2425995766665
1727,457.7175000000002,456.1379995499998,477.96299954000006,418.75199957333376,409.48750041666653,411.50539999999955
1728,461.90249955000013,484.60950045000016,489.76199953999964,432.7039999999989,448.12499958333404,414.33749999999765
1729,525.5280004499983,517.6169999999997,469.36560046,508.3647995733338,466.37500041666874,474.86570042333386
1730,544.3199995499999,531.3600004500001,515.8302,535.3727995733293,501.97499958333606,514.4643000000001
1731,544.3199995500003,531.3599995499994,536.5440004599992,562.559999999999,548.5999995833323,567.7661995766659
1732,544.3199995499999,531.36,536.5439995399996,584.7552000000032,586.8874999999985,603.6309995766673
1733,544.32,531.36,536.5440004600003,636.0063995733389,568.0000004166654,590.003899999998
1734,544.3200004499998,531.3599995500001,536.5439995399998,581.6959999999982,599.5124995833343,638.6067995766685
1735,544.32,531.3599995500005,536.5439995400004,574.5663995733336,608.4999999999995,574.408300423333
1736,544.3199995499994,531.3599995500001,536.5439999999978,604.748799573337,570.149999999999,582.663300000002
1737,544.3199995499999,531.3599999999976,536.5439995400002,547.3408004266693,572.65,561.6320995766632
1738,534.0059999999999,531.3599995500006,536.5440000000015,542.348799573333,508.21250041666616,486.1686995766698
1739,518.0759995499999,523.0170000000002,498.0143999999998,479.2320000000017,465.73750041666557,474.14179957666636
1740,476.88750045000035,481.1265004500021,515.9958004599999,441.03679957333355,451.0750004166661,426.8724000000019
1741,461.1869999999998,459.4495500000003,480.1061399999999,414.3731195733326,426.33000000000067,430.01183999999876
1742,424.8530995500008,436.85324955000016,425.24699953999993,413.93792000000025,393.3050000000002,390.67740000000003
1743,386.7075004500001,370.90170045000013,410.34437954,356.5747200000002,360.6162504166649,365.6266504233332
1744,371.7225000000001,341.07615045,348.0635999999999,316.00768042666584,314.9250004166708,341.6427000000024
1745,315.73799955000146,315.33299999999963,335.76779999999997,281.4719999999998,290.3,296.2021004233347
1746,321.6645004500003,308.9609995499999,346.94579954,253.58080042666796,289.6250004166654,275.7677999999996
1747,301.94100000000026,280.206,326.74259953999984,276.9152,298.39999958333146,269.7353004233336
1748,349.27200045000006,334.0574995500001,312.4182,315.2768004266662,285.387500000002,304.57139999999794
1749,374.4360000000001,334.7189995499999,338.6106004600007,360.6400000000001,342.0249995833336,327.08849999999507
1750,380.9159995499995,410.9804995500002,424.51559954000004,382.19520000000006,352.28750041666547,363.2962
1751,449.0234995499995,434.36250045,448.6242000000024,374.93759957333094,359.7875000000017,406.3364995766669
1752,443.83949999999976,489.92850045000006,488.6579999999999,453.8240004266656,433.0125000000006,426.96130042333414
1753,541.2285000000002,496.1384995500004,499.2563995400001,511.20639957333225,470.8250004166641,492.98859957666747
1754,544.32,531.3599999999986,536.5440004600002,515.4047995733362,510.16250041666586,524.3956999999991
1755,544.3200000000002,531.36000045,536.5440000000001,579.8016004266638,589.3999995833345,574.6876995766665
1756,544.3200004500029,531.36000045,536.5439999999999,597.8751999999996,527.4249995833333,587.4257995766673
1757,544.3200004500002,531.3600004500023,536.5439995399998,597.5936000000004,600.4249995833346,607.8219995766693
1758,544.32,531.3599995500001,536.5439999999999,598.400000000001,556.0874995833303,621.6776999999997
1759,544.3200004500001,531.3600004500003,536.5440004600001,594.4448004266703,563.2625004166654,584.5048004233341
1760,544.3199995500003,531.36,536.5439999999991,568.4095995733354,566.8375004166672,588.7593004233323
1761,544.319999549999,531.35999955,536.5439995400002,517.9647999999999,516.849999999999,557.2124999999999
1762,544.3200004500001,514.6335,536.5440000000011,516.4287995733334,524.2374999999997,541.5279995766674
1763,513.9045004500025,488.8485000000001,531.4241995399999,460.0831995733346,460.55000041666744,462.1656995766684
1764,483.3539995499999,480.006,536.544,441.34400042666664,425.3749999999994,435.4575995766666
1765,458.8933495500006,452.2594495500003,454.79141954000033,426.6470395733326,411.82500041666714,416.15868000000006
1766,417.48344955000005,412.03350045000013,431.82131999999996,398.0377599999985,400.32250041666737,389.1724495766686
1767,392.98499955,399.1706999999999,404.11782045999996,369.6921595733348,347.5225000000007,365.3129595766665
1768,344.78864955000006,342.7298999999999,346.76639953999995,310.14015957333044,338.7500004166685,322.4987195766661
1769,321.3000004500016,303.54615045000014,287.4208800000001,289.4847995733318,294.34999958333293,284.5562000000003
1770,314.36099955,294.47549999999825,316.50300046,327.6287995733307,270.2999995833332,275.2217000000001
1771,337.095,346.2749999999991,335.18819954000014,273.72799999999893,288.9750004166665,288.97579957666983
1772,274.6035000000001,337.7025004500003,330.9377999999999,330.06080000000134,290.9249999999979,325.83120042333474
1773,348.20549955000035,362.5965,363.0228000000002,333.18399957333327,312.7125000000002,314.49009999999765
1774,394.3349999999999,390.4200000000017,426.64079954,349.73440042666715,382.5500000000012,377.69800000000004
1775,413.61299954999987,470.40750044999965,437.6946,420.1472004266664,431.824999583332,384.53059957666864
1776,433.9845000000006,467.6264999999999,481.48200045999994,451.8400000000038,421.0625004166658,449.3640995766658
1777,522.7739995500008,510.19200044999997,536.5439999999999,460.6848004266679,444.8625000000011,492.27740042333363
1778,544.3199995499997,531.3599999999986,536.5440004600006,543.3727995733318,547.9249995833328,547.6747999999992
1779,544.3199999999999,531.36,536.5440000000002,519.9488004266666,504.69999999999965,539.8897004233332
1780,544.3200000000013,531.3600004499998,536.5439995399987,586.662399999997,584.7125000000021,589.4959004233332
1781,544.3199995500001,531.3599995500001,536.5440000000004,591.6415995733307,574.1749999999978,556.0948995766666
1782,544.3200004499988,531.3599999999998,536.5439999999999,605.811200426666,630.2874995833306,591.0325995766661
1783,544.3200004500021,531.3599995500003,536.5440004599999,584.5760004266692,583.3625000000022,620.4076995766677
1784,544.3200000000018,531.3600004499996,536.5439995399998,590.6688004266664,544.6750004166647,543.001200423331
1785,544.3199995500001,531.3600004500003,536.5440004599994,536.3712000000002,558.8874995833335,550.8625000000003
1786,544.32,531.3599999999999,536.5440000000002,502.56639957333334,501.6249999999998,492.75999957666824
1787,517.9949995500004,487.7685004500002,536.5440000000003,501.7983995733364,480.87499999999926,471.15730042333286
1788,463.41450000000077,464.73345000000165,486.7950000000016,456.2559999999985,435.2375004166672,446.9003000000011
1789,481.54364999999984,446.2290004500018,460.5197995400001,426.61119999999937,391.9624999999985,428.4980000000001
1790,423.25469955,407.0965500000011,419.44134045999994,416.48255999999907,395.75125041666666,403.2224595766673
1791,400.2412499999999,380.57984999999985,403.7065795400002,373.8457599999994,372.35749999999996,355.82986957666634
1792,334.61100045000074,327.94199999999995,342.5284200000009,346.24,326.6000004166688,339.4837
1793,357.26400000000245,321.3000004500001,293.31899954000045,252.24448000000396,251.46249958333362,289.4329999999989
1794,315.9809995499999,311.95800045,325.1003995400002,310.7327995733288,290.3999995833328,296.20209957666884
1795,295.98749999999797,311.25599954999996,322.05060000000003,328.19200000000006,321.12499999999864,302.05679957666496
1796,369.50850045,335.3265000000002,339.0245995399999,322.79039957333174,335.6875004166693,333.5909000000001
1797,364.1625,346.6395004500009,340.4736004599988,377.2159995733332,347.16249958333407,349.7325999999994
1798,393.5115004500002,434.18699954999994,400.95899954000004,378.7520000000019,348.07499958333426,334.81009957666873
1799,443.19150045,423.7110000000002,444.0563999999998,391.32159957333306,362.962500000001,405.1807999999962
1800,490.10400000000084,467.50499954999987,441.26879954000003,402.1759999999981,406.28750000000105,463.6135004233333
1801,526.4054995500028,502.1460004500005,533.6873995399998,475.72479957333434,472.18749999999716,486.00359957666655
1802,544.32,531.3600004499999,536.5439995400003,509.51679957333124,513.7750004166671,533.7683000000001
1803,544.32000045,531.3599995500001,536.54399954,585.6767999999996,519.7375,574.1162000000005
1804,544.32000045,531.3599999999999,536.5439995399998,593.4079999999979,574.2000004166663,574.5734000000012
1805,544.3200004500001,531.36000045,536.5440004600008,615.424,573.875,586.2320004233336
1806,544.3199995500026,531.3600004499982,536.54399954,603.801599573333,562.4624995833345,550.0496999999986
1807,544.32,531.3599999999998,536.5439995399998,592.8959999999984,569.0625004166666,603.5801995766683
1808,544.3199999999999,531.36000045,536.5440000000001,561.5744004266676,561.0375004166665,608.076000423332
1809,544.319999549998,531.35999955,536.5439995399998,575.4240000000018,557.9374995833331,543.1535999999984
1810,544.3200004499989,531.36,536.5439999999999,521.9712000000003,492.937500416667,541.4323266666661
1811,504.22500000000014,527.9714995500001,515.1264,496.2431995733318,497.125000416666,532.0224729100009
1812,443.40750000000054,487.701,485.7489604599999,483.16159999999945,428.4125004166633,471.6144999999978
1813,464.7887995500002,436.45500044999983,469.1751595399999,429.07391999999885,423.0250004166668,417.0553004233312
1814,436.5616495500001,441.3730495499976,441.1169995400001,413.48992042666606,400.11624999999935,401.21839957666504
1815,357.56640000000016,385.68285000000014,398.2472995399998,370.36543999999776,341.2250004166632,367.24970957666807
1816,328.60349955000135,322.05600000000015,376.86420046000023,329.48480042666773,326.40000041666644,313.8677995766661
1817,319.38300000000015,320.3279999999995,325.4178004599999,319.4623995733328,320.4749995833334,336.2959995766679
1818,310.9590000000009,338.6610000000001,334.7466004599999,303.39839999999896,347.46249958333243,292.78579999999926
1819,293.55749954999953,284.86349954999787,355.23959954,276.697600426666,297.0250004166654,275.06930000000233
1820,326.4569995500003,342.2519995500014,298.011,253.5679995733315,282.1999995833337,310.47689957666745
1821,371.64150045000014,320.17950044999986,372.71039999999994,302.5536000000018,331.0999995833351,323.16419957666756
1822,399.07350045000004,404.50049954999986,382.3289999999999,356.2751995733301,371.76249999999993,380.0348
1823,410.5350000000002,405.9719995500014,406.96200045999814,410.5088000000051,396.4374995833332,378.91720042333304
1824,481.5449995499999,460.98449999999997,480.4194004600014,429.5807995733294,465.9624995833341,461.98789999999997
1825,514.5524995499998,500.83650045000013,536.5440004599999,534.9759995733307,462.4125004166705,468.88399999999933
1826,544.3200004500001,531.3599999999998,536.544,494.1056000000005,521.0749999999997,499.2496999999993
1827,544.3200004500006,531.3600004500003,536.5440004599999,540.8767999999988,563.1750004166666,561.3526995766642
1828,544.32,531.36000045,536.5440004599988,561.4335999999996,566.4624995833345,583.8063000000019
1829,544.3200004500003,531.36000045,536.5440000000007,570.5600000000001,594.5499995833334,574.5353
1830,544.3200004499998,531.36000045,536.5439999999995,643.5711999999995,589.575,583.8824995766661
1831,544.3200004500001,531.36,536.5439995400009,587.1232004266657,609.0000000000008,586.0669000000012
1832,544.3200004500003,531.3599995499999,536.544,555.1744004266698,564.5000004166657,553.0850004233324
1833,544.3200004500031,531.3599995499985,536.5439999999999,578.3296004266725,549.887499583335,537.3877999999972
1834,544.32000045,531.36000045,536.5439999999996,515.4687995733316,478.1500000000001,531.3806995766685
1835,505.15650000000073,526.2704999999993,536.5439995399998,482.70079957333337,457.0125004166667,474.80219999999986
1836,465.6919504499997,483.2541000000001,465.7224004599999,464.2175999999981,473.87499999999704,472.49080042333344
1837,447.3103495499979,461.5622999999998,465.83556046000007,436.9305604266687,422.8925000000001,409.65120000000087
1838,414.77399954999873,427.7731500000002,432.2477399999992,397.00480042667033,387.9112499999984,400.94534957666895
1839,403.6756495500004,382.59539955,379.5000004599998,340.3443204266667,367.94124999999946,374.5750700000008
1840,330.39900044999865,347.88150045000015,342.8747995399998,351.7824004266689,317.9349995833315,317.61430000000007
1841,292.8015004500001,318.46499954999786,318.87660000000005,325.4783995733329,275.8875,274.7645
1842,329.54849954999986,327.8204995500002,336.05760000000123,301.90080042666744,291.27499958333453,309.28310000000266
1843,305.91000045000004,330.8444995500001,318.6833999999997,345.97120042666944,282.9000004166693,310.15939999999995
1844,336.6629995500001,327.4965000000002,339.8663999999977,313.44640042666725,326.0124995833326,308.91480042333103
1845,365.0264995500001,369.96750045000005,362.8572,335.7823995733347,314.98749999999995,339.63609999999994
1846,389.5829995500005,412.7489995500001,413.6136,374.2208004266645,342.15000041666735,376.68199999999933
1847,455.44950044999996,410.3055000000003,417.0083999999999,387.39199999999926,408.97500041666666,418.33799957666577
1848,466.2090004499998,474.75450000000006,490.65900045999985,468.2624004266656,433.51249958333284,412.33089957666795
1849,519.49350045,477.90000000000003,498.24899999999997,469.4912004266671,486.8999995833316,491.8328995766668
1850,544.32,529.8885004500002,536.5440004599998,527.4240004266666,494.75000041666533,517.474199999998
1851,544.3200000000003,531.3599995500002,536.54400046,562.9055995733315,541.6999999999999,554.405799576665
1852,544.3199995500017,531.36,536.5439999999987,598.6688000000005,586.5000000000023,591.9597004233336
1853,544.320000450002,531.36,536.5439995399998,597.4272004266678,581.0250004166643,601.0147995766625
1854,544.3200004500001,531.3600000000002,536.5439999999999,625.4207995733336,593.5375,618.1724999999996
1855,544.3199999999998,531.3600004499997,536.5440000000001,589.4399999999989,558.6125,594.8934004233327
1856,544.3200004500001,531.36,536.5440004599996,603.9680000000001,561.0000004166675,574.6369004233317
1857,544.3199995500001,531.36,536.54400046,527.8207995733336,552.6249995833339,550.1639995766637
1858,544.3200004500003,531.36000045,536.544000459999,539.5328004266655,528.4249999999995,514.9088004233316
1859,502.8479995500022,506.42549999999994,515.2092000000001,485.97760000000017,492.56249999999915,474.30690000000004
1860,502.6859995500001,455.04449954999995,499.8911995399999,434.12480042666675,431.9175,445.31280042333304
1861,426.6539995499999,445.0139999999996,452.3460599999999,414.80960042666686,407.4124995833331,414.5915000000005
1862,418.54050044999997,423.2128495500001,460.3059004600002,393.858559573333,384.3699999999999,420.90720999999985
1863,370.56149999999997,396.01440045000015,379.18673954,372.9881600000002,343.7625000000002,343.50960042333236
1864,335.2211999999994,352.60650044999994,325.956,328.26880042666863,305.17625000000004,318.7827004233333
1865,312.282,307.88100000000026,341.05320000000216,310.79679957333485,284.23750041666517,298.78020042333605
1866,320.86799955,291.2085000000001,324.24479954000014,313.8688,309.624999999999,306.67959999999937
1867,310.83750045,279.05850045,326.74260046000023,315.1231995733311,262.95000000000005,328.92999999999984
1868,331.087500000001,318.99150045,321.36059954,305.3824000000019,314.70000041666816,324.1421004233331
1869,351.86400000000003,355.72499999999974,370.668,350.65600000000063,332.73749999999785,375.2088004233344
1870,374.48999955000016,384.10200045000005,393.3138,369.1647995733338,343.5250004166642,384.6702995766672
1871,448.4969999999985,443.24549999999994,448.9968,432.99839999999443,390.8249995833329,421.4749004233326
1872,464.372999549999,448.76699955000043,437.0874,455.06559957333246,424.10000000000076,453.84719957666584
1873,535.0185,487.4174995499997,534.9293995400001,466.4832004266659,462.0249995833334,480.35209999999836
1874,516.4154995499998,531.3600004499998,536.5440000000001,529.1391995733319,500.27500041666684,531.7108999999987
1875,544.3199999999999,531.35999955,536.5440000000001,543.4751995733321,534.4250004166665,567.6265000000031
1876,544.3200004500002,531.3600004500024,536.54400046,602.3423995733341,549.925000416665,562.0385000000024
1877,544.3199995500001,531.3600004500001,536.5439999999987,636.5056004266679,551.6000004166656,585.9526004233329
1878,544.3199995500001,531.3600000000001,536.5440004599997,590.1952004266672,593.3874995833335,612.9781999999994
1879,544.31999955,531.3599999999998,536.5440000000001,568.3584004266679,585.937500416668,635.9016995766657
1880,544.3199999999999,531.3600004500021,536.5439999999999,564.3776004266655,593.250000416667,565.3913004233332
1881,544.3200004500001,531.3600004500003,536.5440004599998,565.4783995733336,547.8000004166652,578.0912995766662
1882,535.5450000000001,531.36000045,536.54400046,540.1343995733346,506.4874999999994,511.1622999999998
1883,516.3210004499997,531.36000045,536.5439995400002,480.61440000000135,455.03749958333344,475.4372000000001
1884,443.3886000000002,463.509,499.9878004600004,460.68480000000005,449.68499999999904,422.12260042333014
1885,458.0144999999991,449.75249999999795,447.5063995400001,425.4208000000006,410.53750000000014,423.78630042333435
1886,428.87205045,424.51964955000193,425.08139953999984,426.9823999999972,401.6737495833332,408.84729000000004
1887,386.6696999999993,364.48650045000005,398.81586,371.1961595733351,370.38750000000095,363.65180042333446
1888,370.6560004500016,342.33300045000004,356.57820045999995,322.89280000000184,295.3875,335.41970042333344
1889,348.85350045000035,309.54150045,342.23999999999995,308.9536004266692,298.9375,293.3446
1890,323.02799999999985,324.1619995500001,296.78279954000004,278.83520042666703,306.6874999999992,304.7491995766665
1891,331.74899954999984,307.8135004499999,280.85759953999997,311.7952004266676,267.93750041666794,299.0469
1892,299.0789999999997,355.0500004499998,353.7906004599995,321.4592000000004,289.0624995833344,333.4638995766683
1893,379.52550045000083,348.54299999999995,362.6225999999999,335.48799957333296,312.3375004166665,329.1204995766675
1894,370.64250045000136,404.1225000000001,428.00699953999987,347.7503999999998,323.06250041667005,391.0965000000009
1895,441.5850004499998,430.51499999999993,433.2786004600002,387.87840000000034,415.01249958333256,388.6580995766665
1896,469.71900000000016,474.20099955,466.7297995399999,462.1440004266667,429.2125004166669,469.74760000000043
1897,492.16950000000026,494.20799955,527.6844004599982,477.31200042666666,461.5499995833334,506.0442004233334
1898,540.94500045,531.3600000000017,536.54400046,520.1151995733319,492.00000041666874,499.50369957666595
1899,544.3199999999999,531.3599995499997,536.54399954,562.8288004266678,514.6375004166674,567.486800000002
1900,544.31999955,531.36,536.544,558.4511995733333,588.7249999999988,569.3664004233328
1901,544.3200004500001,531.36000045,536.5439995399998,589.1967995733326,567.7375004166669,562.8766995766679
1902,544.31999955,531.3599999999998,536.54400046,616.0640004266667,569.6125,581.8251004233331
1903,544.3199999999998,531.3600004499998,536.5439995399985,573.4527995733332,562.4750004166652,582.1171995766679
1904,544.3200004499998,531.3599995500001,536.54399954,581.12,538.4000004166686,573.4684999999988
1905,544.32,531.3600000000004,536.5440000000007,579.3280000000019,535.0624995833333,563.1687995766663
1906,540.45899955,531.36,536.5440000000002,558.3616004266651,541.9625000000001,514.4134995766666
1907,544.3200000000005,472.89149955,511.7178004600005,496.75519957333063,482.2875,476.63100042333554
1908,471.3930004499998,458.62875000000014,490.0655995399999,455.6031995733324,444.89999958333306,409.8543999999999
1909,479.92499955000005,427.7880004500002,463.2632404600009,427.05663999999797,420.2400000000007,440.82970000000023
1910,424.5614999999998,427.620600450001,431.4376795400001,392.40831957333285,401.50750000000005,412.37788957666703
1911,384.9876000000004,380.3854495499998,391.53359999999907,368.25599957333174,353.0324999999981,371.5664404233361
1912,332.05950045000037,344.7049500000004,375.64980046,357.36320000000137,313.7624999999989,307.1152095766676
1913,326.7000000000012,326.0114995500001,291.6491995400016,276.4160000000005,291.87499958333495,318.681099576669
1914,318.89700045,322.42050000000273,323.69280045999756,293.92640042666596,266.7750000000001,292.4175
1915,352.25549999999987,306.2609995499999,300.9917995400001,290.64959999999996,308.12499958333285,293.2176004233308
1916,325.26899955000033,330.4395000000001,351.6515995399988,314.30399999999975,294.85000000000053,304.92699957666565
1917,369.1305,386.50499955000083,377.87160045999997,360.69120000000004,327.85000041666365,330.098400423332
1918,417.5280000000001,426.24899955000205,417.5604004600045,378.7904000000001,360.63749999999885,402.46300000000116
1919,391.986,404.63550044999903,438.09480046,395.94239999999945,420.0749995833353,419.79849957666374
1920,484.32600044999987,447.984,507.2604,441.39519999999845,465.88749958333256,474.81490000000025
1921,528.45749955,510.62400044999987,536.5440004599998,495.1167995733354,482.7500004166659,521.7795
1922,544.3199995499997,531.3600004500001,531.3137995400014,521.4976000000028,496.69999958333324,534.6191995766665
1923,544.3199995499998,531.3599995499984,536.5439995399998,554.751999573334,521.5375004166666,526.6944000000001
1924,544.3199995500011,531.3599999999999,536.54400046,567.2832000000016,575.087499999999,591.235799999998
1925,544.3199995500011,531.3600004499998,536.5439995399998,606.6815995733331,575.0625004166676,609.8412995766676
1926,544.3199999999972,531.3599999999989,536.5439995400004,602.6623999999995,581.1000000000017,608.4062000000006
1927,544.3199999999982,531.3600000000002,536.544,602.6496004266643,577.9749999999998,599.5924004233334
1928,544.32000045,531.3600004499999,536.54400046,589.3119995733367,610.9124995833339,546.9000995766646
1929,544.3199995500001,531.3599995500001,536.544,557.2480000000015,522.5375004166666,561.3907999999972
1930,544.32000045,531.3600000000024,516.8928,486.9632004266634,520.9749995833345,529.4375995766671
1931,516.1184995499997,497.9474999999996,497.4209995399997,468.5183995733333,481.1,477.59620042333444
1932,476.60399955000014,494.77499954999996,481.5390400000023,428.28799957333143,450.6999995833321,441.9345995766664
1933,454.3182004499998,460.4228995499999,479.41752046000005,439.4623995733309,431.0625000000002,414.64230042333156
1934,438.95250045,428.13899955,451.9205600000021,402.85056042666685,399.35625041666685,375.47677000000004
1935,378.5130000000003,379.1474995499999,387.6723604599998,359.184640426666,356.933750000002,354.57383999999837
1936,340.032600450002,341.1179995499999,359.46239954,336.57599999999934,302.1875004166663,311.49290000000025
1937,374.03099954999965,315.2520004499999,372.18600046000006,307.6607995733313,312.6750000000011,318.6938004233345
1938,276.0615,317.1014999999995,289.4274,281.2544000000005,263.987499583332,287.36289957666673
1939,315.5624995499986,293.4629995500002,328.1639999999998,351.23199999999815,313.12499999999744,318.51600042333473
1940,332.01900044999996,344.04750045000014,358.73099999999994,290.72640000000064,321.3749995833368,352.85679999999775
1941,354.6315004500009,370.426499999998,376.3674004599992,340.7488004266638,324.4000004166659,333.8194995766675
1942,411.54750000000007,410.3999999999985,398.00580046000124,377.0495995733329,366.63750041666526,371.4749995766681
1943,410.4135000000001,429.38099999999986,412.3164004600002,365.7856,377.3749995833334,409.72739999999857
1944,479.06100000000015,457.33950045000023,461.25119953999933,452.6975999999968,432.5749995833345,453.98689999999897
1945,498.63600045000027,474.52500000000134,504.8868004600001,489.71519957333334,457.800000416667,471.8050000000003
1946,544.3200004500001,531.36,536.5439999999993,506.2015995733323,514.6124999999989,514.1848995766649
1947,544.32000045,531.36000045,536.5439995400027,545.7663995733328,548.5624995833368,561.975
1948,544.31999955,531.3600004499997,536.5439999999995,561.2416004266685,557.5125000000019,565.6960999999999
1949,544.3199995500001,531.3599995500001,536.5440004599999,618.2784000000001,561.0750004166684,580.5805
1950,544.3199995500004,531.3600004499999,536.5439995399994,612.6079999999997,578.1500000000007,581.6600004233345
1951,544.3200000000007,531.3599995499999,536.54400046,592.8575995733347,554.8375004166663,593.318600423333
1952,544.3200004500001,531.3600004500003,536.5440004599997,602.022400426669,588.487500000002,576.1482004233332
1953,544.3200004500001,531.3599999999996,536.5440004599998,577.2800000000004,539.3999995833328,561.3908000000007
1954,544.3200000000003,531.3600004499999,536.5440000000001,511.11679957333456,502.44999999999936,528.396199576668
1955,520.5329995500002,480.51899955000005,536.54400046,487.41119957333507,499.27500041666553,476.79609957666827
1956,488.33549955000007,474.87600044999994,500.63639999999936,447.88736042666875,428.8375000000013,439.43269957666587
1957,449.85509955000066,455.87609999999967,458.5146595399999,426.7929599999998,423.084999583333,423.5576995766655
1958,401.59799955000005,418.13684955,431.96346045999996,402.2041604266665,391.4650000000008,397.4134799999998
1959,385.8219,376.6027504499999,401.4323404599999,370.1414399999984,343.8137495833297,369.2372595766671
1960,350.9190004500001,335.39400044999843,328.75602,320.5888004266672,327.0624999999996,329.3871995766665
1961,315.03599999999966,279.0989999999975,295.14060045999963,258.3807995733342,330.50000041666914,303.4919004233348
1962,304.18200045000117,315.25199999999995,343.5785995399998,339.3151995733348,311.30000000000047,285.4959999999993
1963,319.8285004500004,329.84550045,316.22699954000063,313.33119957333105,291.61250000000007,271.9196995766682
1964,344.0205000000003,348.6644995500005,349.00199999999995,284.33919957333393,269.9000004166675,325.2470004233336
1965,364.94549955,375.273,357.37860046000003,324.9023995733351,312.47500041666774,352.5646999999984
1966,408.0240004499998,384.8444995500022,378.2303999999984,363.68639957333426,395.7249995833325,381.3047999999987
1967,480.4649995500001,403.4205000000007,481.7855995399997,418.39359999999886,404.56249958333564,410.7561
1968,462.07800044999993,483.17849955000077,482.9861999999998,474.1376000000021,444.1999999999998,445.7953995766662
1969,522.6659999999999,504.95399955000005,529.3266,463.3343995733335,470.12499958333166,490.0421995766682
1970,505.2509995500003,531.35999955,536.5439995400003,539.8912000000001,523.2875004166652,542.2265000000007
1971,544.3200004500001,531.3599995500003,536.543999999999,601.5104000000028,547.0374995833316,557.4918999999996
1972,544.3199999999998,531.36,536.54399954,614.2336004266655,578.2625004166676,574.1288999999982
1973,544.3200004500003,531.3599995499999,536.5440004600002,599.1936004266677,560.0874995833352,583.3999004233334
1974,544.3200004499987,531.3599995500003,536.5440004599996,598.3743995733356,603.7999999999998,599.0462995766676
1975,544.32,531.36,536.54400046,576.5887995733306,595.2000000000002,591.9343
1976,544.3199999999998,531.36,536.544,602.7648004266681,571.2999999999997,591.5152004233332
1977,544.3199999999998,531.36000045,536.5439995399993,582.3103999999976,524.6624995833331,540.6516995766657
1978,544.32,531.3599995500001,520.2737995399999,517.1328004266676,485.17499999999876,541.3248004233328
1979,496.94850000000105,488.75400045,536.5439995400014,482.40639957333167,436.2124999999994,473.2655004233317
1980,468.261,478.04850044999995,460.97520046,459.62239957333185,450.0750000000006,438.7761100000008
1981,442.75949999999983,459.33749954999996,442.20719954,432.4224004266683,429.7800004166685,418.3570500000011
1982,438.4530000000006,417.08114955000025,419.3129995399985,390.51007957333314,399.3950004166687,403.3913695766661
1983,392.21820045000084,402.59700045000017,389.86103954000004,364.70911957333493,347.44500041666697,372.3005000000014
1984,349.50149954999955,334.5542995499997,358.4205004599962,359.39839957333425,317.5375000000003,363.8296000000006
1985,338.9849995499997,316.6155,315.5646004599998,303.9872004266637,264.2250004166647,275.6535000000011
1986,359.28899955000014,289.6964999999982,334.0704,313.04960042666954,292.75000000000045,283.12109957666524
1987,281.9070004500001,319.08599955000005,321.1397995399998,311.1680004266653,289.96249999999844,295.8211
1988,331.57350000000037,331.6005004499998,314.6813995399999,331.08480042666474,341.54999958333184,296.34180000000003
1989,348.9614995500001,360.0315004499997,359.0483995399998,343.30879999999945,326.6250000000013,346.1004000000007
1990,386.9775000000001,418.41899954999997,361.42200045999977,386.99519999999876,331.81249958333325,377.72339957666776
1991,424.34549955,426.31649999999996,427.27560045999996,404.8639995733316,394.61250000000075,420.80179957666655
1992,490.9949995500001,430.27200044999984,485.0838004599996,429.68319957333136,451.97499958333356,453.1613995766667
1993,517.1579995499999,511.2180004499994,524.35860046,467.0079995733354,442.47499999999997,517.3726004233326
1994,544.3200000000005,531.3599999999997,534.50160046,531.3792000000008,503.1375004166664,538.2895000000001
1995,544.3200004500001,531.3600000000008,536.5440004599999,563.7248000000005,539.4000000000001,548.7161995766667
1996,544.3200000000008,531.3599995500012,536.5439995399998,581.0943999999979,548.6499999999995,579.5264004233314
1997,544.32000045,531.3599999999996,536.5440004600005,574.7072000000001,588.1000000000042,575.5004995766706
1998,544.32,531.3599995499999,536.544000459999,588.2624004266678,607.3,577.8499999999992
1999,544.3199995499992,531.3599999999999,536.54399954,618.1503995733301,599.7374995833314,622.5285995766652
2000,544.32000045,531.36000045,536.5440000000001,584.281599573329,554.9125004166659,596.3285
2001,544.31999955,531.36,536.5440000000001,579.2768000000001,537.6499999999986,563.4863
2002,544.32000045,531.36000045,536.5439999999986,523.8655999999995,524.8999995833324,504.54560042333304
2003,544.3200004500002,530.5500000000002,521.6400004599994,467.66079957333363,450.9750000000008,475.9706
2004,473.14800045000004,471.79800044999996,486.56040045999987,468.55680042666586,443.3762495833315,450.3673999999999
2005,459.769500000001,437.88599954999995,478.7772004599999,426.832640426667,406.76249999999914,441.0519504233313
2006,425.54835044999857,425.64555044999986,437.4213600000005,400.0294395733327,402.8074995833316,393.5552200000039
2007,361.3274995499986,384.6960004500011,396.85488,355.58528042666563,354.53875000000005,366.34674000000274
2008,328.0472999999982,363.0730499999998,318.3108,324.45440042666456,316.1587499999988,322.0085004233338
2009,287.1044995500008,286.25400045000026,306.59460046,291.62239957333344,280.4624995833354,315.82359957666745
2010,300.69900000000007,261.1710004500002,287.93700045999987,298.24000042666654,196.4874999999985,274.0787004233354
2011,317.72250044999976,288.19799955,326.20439953999994,311.70559957333404,259.8858329166665,302.10759999999976
2012,361.93500000000006,329.41350045,365.3273995399983,307.1615999999981,394.42583333333147,324.47229957666696
2013,338.29649999999884,374.5440004500021,358.7171999999996,369.28000042666713,362.64833291666463,339.14080042333364
2014,369.10350044999996,400.3155000000006,396.69479999999993,365.2991999999987,389.7474995833334,359.48619957666915
2015,439.6680000000001,442.89450045000024,437.86020046000397,418.4959995733359,373.60500041666785,431.0253004233314
2016,437.33250045000244,446.45849999999956,483.27599953999993,483.9040004266678,450.01250000000095,437.5403999999994
2017,480.57299954999775,520.33049955,536.5439995399998,494.6944000000003,457.6375004166664,471.86850000000146
2018,544.32000045,516.267000000002,536.5439999999973,522.5088000000027,520.6750004166663,540.3723004233333
2019,544.32000045,531.3600000000022,536.5440000000008,533.4272004266647,533.775000416668,561.0733000000007
2020,544.32,531.3600000000024,536.5439999999999,567.270400426667,569.3374995833314,585.2668000000002
2021,544.3199995499999,531.36,536.5440000000001,598.2847995733348,573.2875004166666,548.9574995766648
2022,544.31999955,531.3599999999975,536.5440000000001,619.2511995733339,605.5500004166661,633.0188004233336
2023,544.3200000000003,531.35999955,536.544,628.7872004266668,583.8250004166645,577.9769999999988
2024,544.3200004500019,531.36000045,536.5440004599998,578.0352004266703,539.3875000000006,578.6755004233338
2025,544.3199995499999,531.3600000000001,536.5440000000001,569.7920004266675,529.4999999999985,541.5788000000009
2026,543.0780004500001,531.3600004500001,536.5440000000001,546.8288,513.1749999999997,506.0823004233349
2027,488.052,531.3600004499996,536.5440004599975,519.6671995733332,499.7500004166665,459.4606004233313
2028,466.3574995500004,473.877,501.64379953999986,480.60160042666865,469.2875,446.98919957666783
2029,441.56745045,455.15249999999986,457.9805995400003,449.15200042666635,416.849999583338,436.49899957666656
2030,425.7711004499998,419.59755,426.4061995399977,382.3232004266688,408.0475004166665,402.5150699999986
2031,390.04874999999987,387.3231004500001,393.4297195400001,379.0796804266654,373.47499958333316,361.4280300000004
2032,335.22120045000025,377.46000000000015,325.8042004599998,319.17183957333305,317.97375000000306,307.27649999999903
2033,338.3910000000001,327.226500449999,303.31296,292.2624004266671,309.687499583333,320.3828995766665
2034,309.0690004499998,343.2374995500001,310.1136000000002,307.87840042666727,326.44999999999925,261.30249957666604
2035,300.8070000000001,348.1920000000001,304.5936000000001,338.9952000000006,312.049999583333,294.41140042333257
2036,357.6015004500002,344.19600044999873,314.7504004600001,303.83359957333414,337.7000004166679,305.8922000000007
2037,385.56000000000006,362.38049955000025,368.2805995400003,339.68639999999965,334.15,312.87719957666656
2038,386.4240000000018,382.94100045,388.09740046000013,350.38720042666813,409.45,371.8433004233344
2039,417.89249955,451.96649955000004,446.30580046000125,419.00799999999975,406.0374999999977,400.73580042333566
2040,475.57799999999986,464.6565000000024,486.80880046000004,472.9856000000002,450.86250041666773,476.7198999999992
2041,522.9764999999999,531.0360000000002,523.0199995400003,444.9152000000021,478.9500000000013,469.62059999999906
2042,541.4175000000023,531.36000045,536.544,503.4623999999984,548.1749999999993,513.9436004233329
2043,544.32,531.3599995499999,536.5439999999999,591.5647995733353,567.1125000000026,511.0607000000018
2044,544.3199999999998,531.36,536.5439995399996,590.694400426667,587.5250004166679,569.7347
2045,544.3199995500008,531.3600004500001,536.5439999999983,608.9855995733318,627.5125004166672,629.0436995766678
2046,544.3199995499999,531.36000045,536.5439995400002,600.0256004266674,598.4750004166672,598.1065004233341
2047,544.3200004500003,531.360000450003,536.54399954,584.0128004266664,595.100000416667,609.4984000000001
2048,544.3200004500003,531.3600000000052,536.5439999999999,584.742400426669,565.7749995833337,536.066999999999
2049,544.3199995500006,531.3599995500044,536.5440004600002,544.6784004266731,542.2625000000033,547.9034000000047
2050,530.8874999999999,531.3599995499992,536.54400046,543.3344004266667,493.9999999999986,518.3123995766639
2051,512.0819995500002,504.0360004500001,531.9761995400002,482.58560000000085,507.5624999999999,478.8662
2052,482.50350044999993,505.02149999999955,488.00940045999994,467.724799573339,425.9750004166654,446.820290423336
2053,447.7828500000005,449.4514495500053,477.4482595400004,440.8729599999993,406.2837495833299,411.99942957666536
2054,411.7135499999964,423.0738000000004,450.8542804600003,402.2271995733351,385.6962499999989,385.82600042333297
2055,394.73459954999987,385.0159500000003,380.83584046000016,345.3696000000042,351.3462504166656,340.207599576668
2056,330.25050045,339.6599995500006,378.4235995399995,332.4480004266664,303.787500416667,317.48857000000004
2057,291.46500000000015,282.44700000000086,324.5346000000004,307.14879999999636,290.51250000000005,293.4462004233334
2058,360.2879995500006,340.59149999999977,309.39600046000743,313.1520004266646,270.9750004166689,293.14139957667066
2059,326.61899954999996,281.39399955000016,295.25099953999995,289.1520000000031,289.3875004166697,323.7864999999987
2060,320.90849954999993,335.2049995499998,293.7605999999996,286.87360042666654,321.7625000000014,332.2700995766674
2061,361.8944999999999,377.244,354.0942004600008,346.649599573334,303.45000041666947,323.1006995766688
2062,396.8189999999998,392.03999999999985,388.02840000000054,374.16960042666693,384.7750004166647,359.66399957666516
2063,406.7010004500014,408.48300000000177,430.2840004600001,374.6815999999988,411.8875,416.82669957666883
2064,473.70150045,490.65750000000025,434.28599999999994,466.2399995733372,435.97500000000565,438.70879999999886
2065,543.1049995500019,506.3444995500002,497.5038,527.7952004266706,482.4750004166676,478.34550042333507
2066,544.3200004500003,524.73149955,536.54400046,492.94080042665706,505.0375004166708,515.6707995766659
2067,544.3199995499997,531.359999550001,536.544,542.2079999999979,539.825,558.5460004233345
2068,544.3199995500001,531.3600004500024,536.5440004599999,563.8527995733373,572.249999999997,574.2559000000002
2069,544.319999549998,531.3599995500006,536.5439999999998,605.4400004266633,566.3375004166666,623.7478004233315
2070,544.32,531.3600004499999,536.5440004599999,572.902400000001,600.4124995833319,563.3592995766691
2071,544.3199995499995,531.3599999999998,536.5439995400001,587.8399999999989,599.3625000000009,624.8272995766653
2072,544.31999955,531.3599995499985,536.5439999999973,527.731199573334,576.8625004166668,565.5564004233322
2073,544.3200000000007,531.36,536.5440000000034,554.5600004266707,533.4000004166686,591.1087995766602
2074,544.3199995500007,531.3600004500001,536.544,509.1456004266609,512.7125,543.3060000000003
2075,496.13849999999974,531.36,521.08800046,495.8464004266632,476.96250041667207,490.880400000002
2076,484.93349955,500.83650045000013,495.32340045999865,439.71840042667304,431.8000004166663,430.9922804233327
2077,449.61750045000014,463.4684999999997,470.56895999999944,419.48800042666636,418.8887504166715,417.66490042333004
2078,425.71575044999685,435.61530000000005,423.7193400000003,393.27871957333156,388.2075000000016,388.32790042333073
2079,374.30910000000125,382.19850000000486,381.2056795400032,369.7715200000003,365.61124958333255,372.25858999999974
2080,325.06650045000043,359.62514955000006,338.8314004599998,329.8112004266698,328.5574999999958,310.4642000000044
2081,326.3895004499974,330.54750000000007,324.12060045999584,283.89119999999866,267.8375,284.77209999999627
2082,258.0255004500014,295.4070004500002,337.28579999999994,331.82719957333086,299.2874995833372,303.0727999999997
2083,315.13050045,276.62849999999816,282.0719999999999,277.1711999999997,297.82500000000016,305.1428995766666
2084,336.7844995499998,322.52850044999497,307.62959953999945,319.98719957333066,304.3500000000009,311.8866004233359
2085,332.2214999999998,360.12599954999985,405.07140046,354.8671995733255,336.8374995833349,330.4921004233309
2086,398.7360000000001,386.5455,352.3140000000012,372.82559957332546,365.97500041666655,343.5096000000046
2087,383.53499954999984,413.12699955000045,424.6260004599999,433.0240000000006,393.60000041666746,400.4309999999999
2088,493.03349955000147,513.5129995500016,502.6373999999989,439.91039957333066,443.06250000000006,454.4060004233306
2089,536.69250045,490.4414995500001,519.3078004599996,490.9568004266638,499.3874995833363,452.031100423334
2090,542.2815000000002,531.3599995499945,536.5440000000002,516.6719999999996,509.37499999999824,522.3637
2091,544.3200004500001,531.36000045,536.5439995400002,585.587199573328,575.4874999999979,549.4400999999998
2092,544.3199995500001,531.36,536.5440000000001,580.889599573325,567.7874995833333,599.2113999999999
2093,544.3200004500047,531.3600000000031,536.5439995399995,591.6415995733294,595.8375004166709,602.6530995766661
2094,544.3200004499997,531.36000045,536.54400046,627.6864004266663,625.3999995833295,584.7207004233317
2095,544.3199995500001,531.3600004500005,536.5440004599985,596.9023995733338,586.0249999999978,562.5083999999987
2096,544.3199995500011,531.3599995500002,536.5439999999993,584.7295995733315,535.299999583334,568.083700423333
2097,544.3200004500003,504.79199955000297,536.543999999996,549.4911999999968,555.300000000003,548.1319999999997
2098,544.3200000000005,530.6040000000005,536.5439999999977,548.377599573339,505.5000004166714,502.64060042333296
2099,544.3200004500006,506.4929999999982,524.2206,487.39840000000027,473.5625004166683,458.16519999999997
2100,481.9608000000003,467.59680045000454,489.2100004600007,436.0576000000014,421.47500041666945,438.2401700000018
2101,439.8435,455.45895045000003,459.5952004599998,405.17119957333273,417.0599999999999,419.5571995766674
2102,428.3158504499998,448.3745999999998,420.8627400000001,403.4303995733304,402.66499999999746,393.9997204233316
2103,388.82564999999965,381.5554495500028,392.53410045999993,353.0367999999998,361.4137500000003,381.12826999999885
2104,345.2490004499996,335.70854955000004,347.0838000000006,311.02720042665743,302.40749958333413,322.6168299999997
2105,338.7419995500004,311.56650044999657,297.6246,304.48639957333626,329.3875000000051,284.0990004233332
2106,280.90799954999983,301.92750044999997,310.76219999999995,306.1119995733313,303.51249958333517,299.56759999999997
2107,320.58450045000006,309.87899955000006,354.82559954000226,275.05920000000077,291.287500000001,307.568600423332
2108,339.1740000000002,351.783,317.5242000000022,279.4367999999953,307.5875,306.07000000000215
2109,372.8024995499996,349.2585000000001,366.5279999999996,349.0431995733332,311.01250041666697,343.23020042333593
2110,380.06550000000016,393.86250044999974,388.75980046,417.1904000000013,326.8749999999997,411.64509957666775
2111,418.1354995500003,417.4470000000001,414.9383999999999,412.5951999999925,392.98749958333195,393.5094999999996
2112,507.6134995500004,443.50199954999925,476.99699954000033,457.8816000000023,435.525,432.53660000000076
2113,507.2354999999996,490.73850045000086,536.5440000000001,488.3584004266668,473.5749995833331,514.7055995766696
2114,544.3200004500003,531.3600000000031,536.5440000000009,530.9695999999986,506.17499999999603,511.4924995766597
2115,544.3200004500001,531.3599995500003,536.54400046,547.5712004266649,529.7375004166686,549.2242004233307
2116,544.3200004500002,531.3599995499991,536.5440004600016,540.9280004266627,607.0999999999959,574.3701995766666
2117,544.3200004500001,531.3600004499998,536.544,580.8000004266665,602.6625000000003,626.0210995766669
2118,544.3199995500032,531.3599995500011,536.5440000000001,610.2911995733333,571.6250004166683,606.7297995766628
2119,544.3199999999998,531.3600004500029,536.5439995399986,555.9807995733416,604.450000000002,587.9084000000017
2120,544.32,531.3599995499994,536.5440000000041,562.5088000000011,556.6750000000026,560.1080995766667
2121,544.3199999999999,531.3599999999996,536.5439995399998,583.6416000000052,548.2375004166662,549.1098995766661
2122,544.3200004500002,531.3600004499999,536.5440004600005,480.21759957333705,504.05000041666926,486.93070042333784
2123,519.0884995499996,519.8445004500004,492.2322,507.34079999999506,462.61250000000086,512.0893999999923
2124,481.63949955000015,470.38050045000034,478.54259953999986,423.6160000000017,438.01249999999783,470.0904995766646
2125,460.12994955,444.0703504500001,459.52619953999965,416.33280042666485,436.52750041666593,431.4240795766666
2126,428.7883495499999,423.5598,440.53463999999764,383.1296,407.46749999999935,398.98319957666496
2127,383.38920045000094,397.8504004499998,390.5717395399998,365.06495957332635,357.8225,366.6616999999992
2128,323.9055,341.44199954999846,336.2783995400001,329.92896042666246,310.362500000002,308.4830004233311
2129,324.68850000000026,311.18850044999925,307.39500045999995,272.0768004266664,290.32500000000016,324.5611999999965
2130,305.8694995500001,283.95899955,296.75520000000046,305.15200000000306,286.3999995833291,294.767
2131,346.8285000000001,304.8975,352.76940000000025,300.8127995733364,304.9125,306.463699576666
2132,342.11699954999983,352.36350000000414,340.54259953999974,309.13279999999827,307.79999958333156,302.31080042333747
2133,379.86299955000214,319.5855,370.9716004600002,365.9775999999978,295.98749958333474,313.2327995766687
2134,428.82750044999983,399.8835004499995,375.27719953999974,362.22720042666714,348.2749995833335,372.6688000000007
2135,418.93200044999924,412.10100044999956,462.53459953999953,407.66720042666685,383.19999958333284,395.9098004233332
2136,451.00800045000136,466.3980000000003,479.1497999999988,450.0864004266714,404.56250041666954,442.5442
2137,516.8879995499987,531.3600000000002,536.544,475.85280042666744,518.5874995833337,480.9236004233353
2138,544.3199995500008,531.3599999999999,536.5439995399997,507.6863995733305,512.0249995833367,516.8773004233329
2139,544.3199995500008,531.3599999999996,536.5440000000003,535.3088000000035,512.1374999999994,561.6447995766634
2140,544.3199999999998,531.3600004500003,536.5439999999999,581.2352004266653,592.8250000000012,594.982299576666
2141,544.3200004499996,531.36000045,536.5439995399998,616.4095999999935,589.8874999999989,616.2040004233268
2142,544.3199999999998,531.3600004499998,536.544,597.8367995733329,561.7624995833387,581.1265999999972
2143,544.3200004499995,531.3600004500015,536.544,592.7039999999996,572.9874995833337,564.0704995766661
2144,544.3200000000005,531.3600004500031,536.5439995399998,568.1919999999928,575.4249999999992,568.5154995766665
2145,544.3200004499998,531.3599995500005,536.54399954,580.9920004266652,533.5000000000032,557.6443004233383
2146,510.61049954999936,531.359999999995,536.5439999999993,554.5984000000045,501.93749958333166,520.9540004233296
2147,483.30000045,531.3599999999998,516.4787995399998,500.8,474.4625,496.41760000000204
2148,462.78000045,455.8950000000003,518.921400460002,439.0937604266595,447.0625,448.4624004233337
2149,463.6899000000002,445.85100045,451.93344000000013,414.3731200000002,400.0775004166669,444.1520195766663
2150,414.04905000000036,403.0425004499995,402.2989795400003,399.4880000000038,392.4687499999977,412.84905999999876
2151,390.6751504500005,384.44490044999634,410.13048000000197,363.04639999999984,349.17000041665847,358.13111042333145
2152,325.6875000000024,367.05150044999937,351.63780046,311.3600004266632,317.81249958333706,327.5355395766667
2153,366.34950045000005,344.58750000000003,343.62000000000006,293.93919999999736,297.27500041666536,325.0691999999963
2154,337.1354995500006,296.6760004499997,328.28819953999994,292.9151999999972,277.23750041666966,279.2983995766666
2155,323.0820004499997,328.65750044999993,300.7710004600001,312.99839957332864,279.8375000000032,310.0831995766672
2156,317.03399999999897,341.50950044999996,338.92800046,321.1264000000008,273.53750041666467,290.20769999999993
2157,363.2850000000001,367.59149955000237,366.54179953999954,340.6079995733336,324.86249958332957,325.81850000000037
2158,403.7309995500021,383.5350004499999,426.18540000000024,331.6607995733336,372.0,341.59189957666354
2159,427.41000044999686,415.35449954999945,445.65720045999825,401.2032004266647,391.52499958333175,441.4519999999962
2160,469.6110000000009,459.2835004499986,479.77080046,464.35839999999996,440.11250041667085,431.38090042333516
2161,521.47799955,531.3600000000002,536.5440004599998,496.80639999999954,472.2125004166653,485.1273004233346
2162,521.086499549998,531.36,536.5440000000037,508.63359999999966,519.9625,515.0485000000002
2163,544.3199995499997,531.3600000000008,536.5439995400003,599.8207995733284,567.1999995833359,593.2423995766618
2164,544.3200000000003,531.3599999999998,536.5439999999999,561.5487995733363,566.4375,566.2167995766669
2165,544.32,531.359999550003,536.5439995400004,624.3072000000041,556.8875004166666,600.925899576669
2166,544.3200004500004,531.3599999999996,536.5440004599999,573.9647999999993,572.1874999999987,573.5192995766668
2167,544.3200004500003,531.3599995500001,536.5440004599966,621.1584004266623,605.7125004166597,593.3185995766659
2168,544.3199995500001,531.3599999999996,536.5440000000003,564.6592000000055,550.9374995833339,567.7408004233263
2169,544.3199995500007,531.3600004499974,536.5439995400002,565.0816004266612,559.6250000000042,571.3983999999999
2170,541.8495000000006,531.3600004500003,536.5439995399998,493.26080000000104,487.29999958333343,524.8148004233268
2171,520.9245,515.1329999999999,536.5440004599998,480.140799573334,475.2250000000055,471.30970042333735
2172,485.5072495499958,462.80700045000003,467.6819995400002,432.3584004266702,451.14999999999577,445.693800423334
2173,451.8585004499979,430.60949955000007,465.9211195400009,422.28352000000064,414.6524995833388,433.2096999999996
2174,426.82814955000055,414.0220504500004,455.0618999999998,389.48223957333477,406.39875041666807,367.00459999999697
2175,379.5120000000003,386.6697000000008,396.49884046000034,355.2691199999985,348.39749958333215,365.6799899999993
2176,356.57954955,344.8439995499997,349.98180000000315,300.7616000000018,298.02999999999986,313.43600000000004
2177,304.6949999999995,297.99899954999995,320.07719999999983,308.0959999999976,295.6250004166662,304.3555004233355
2178,358.11450045,302.50800044999926,332.8697999999951,267.54559999999753,308.95000041666316,303.6697004233325
2179,329.1570000000001,332.0054995500001,309.32700000000204,298.112000426665,298.4750000000046,300.18989999999917
2180,371.04750044999815,338.05350000000004,332.9526004599999,315.17439957333306,332.275,316.10300042333415
2181,350.10899955000053,362.54250000000013,329.10239954000025,321.5487995733327,335.3250004166708,325.71689957666484
2182,410.73749955000005,372.1409999999995,407.95559999999864,363.0208004266668,364.78750041666785,361.86110042334064
2183,416.4615004499999,421.6725004500002,437.8187999999998,416.67840042666927,392.2249999999998,387.78179957666515
2184,446.68799955000003,463.3199995500008,496.82759999999985,456.02559957333085,437.50000041666993,437.8832995766678
2185,525.5414995499998,524.05649955,511.82819953999973,465.7407995733371,467.6499999999971,485.87660000000005
2186,544.3199999999987,524.1374999999991,536.5439999999999,521.8943999999988,529.9000000000041,507.69520042332914
2187,544.3199999999993,531.3599995499998,536.5440004600006,572.1087995733329,510.23750041666796,572.8969999999989
2188,544.3200000000002,531.3599999999957,536.5439999999978,592.960000426669,580.475,549.8465004233343
2189,544.3200004500032,531.3599999999997,536.544,561.5872004266644,604.9250000000001,592.9883999999902
2190,544.3199995500005,531.3600000000008,536.5440000000001,628.4544004266747,598.162500416668,565.7214999999961
2191,544.3200000000004,531.36,536.5440000000035,584.93439957333,569.6499999999999,621.8428000000008
2192,544.3199995499999,531.3600000000002,536.5439995399998,595.942399573338,551.1249995833305,559.5238999999978
2193,544.3200004499997,531.3600004500005,536.5440000000079,569.7279999999976,562.712500416672,526.6182000000028
2194,544.3199995499995,531.3600004499998,536.5440004600003,563.0080000000004,518.7750004166694,521.7794999999998
2195,528.9030000000002,520.16850045,493.50179954000043,495.98720042666406,484.46250041666593,478.8788999999987
2196,462.8744999999989,471.16350045000326,515.3195995400002,454.01599957334594,432.61250041666784,446.79869999999806
2197,441.0044995500011,458.05905000000104,445.6019995400002,425.65119957333957,422.96999999999963,437.25846000000064
2198,427.8568504499954,409.60349955000066,430.1860199999997,392.2764799999989,407.8287504166664,402.2407495766621
2199,385.3763995499997,394.87364955000083,400.579499539999,371.10272,338.7675000000001,369.61699042333174
2200,364.662000450003,359.88300044999977,372.42059954000314,312.4224004266605,311.1249999999988,347.35769999999775
2201,315.29250045,366.57899955000005,324.96240000000046,312.06399999999996,300.2500004166661,296.26559957666416
2202,306.16650000000055,284.70149999999927,278.9807995400004,269.95200042666727,282.24999958333314,279.8445000000004
2203,315.48150044999977,310.5674999999998,331.7520000000003,264.6783999999999,275.4875004166672,299.70729957666487
2204,344.73599955,350.97299955000034,350.4096000000001,344.28160000000196,278.7500004166668,353.6060995766642
2205,370.66950000000065,370.12949955000244,332.7041999999997,351.79520000000207,334.8250000000028,347.52280042333695
2206,407.9969995499953,450.9810000000006,389.96040046,412.9535999999971,379.88749958333256,367.30940042333617
2207,425.61449999999957,427.3695004500027,422.1005995400032,389.0944004266655,382.47499958333276,406.8064004233295
2208,512.7300000000027,498.70349999999985,476.6381999999997,452.838400000001,432.81249958333444,485.07649957666877
2209,506.57400045000014,507.8700000000001,518.1071995400007,487.98719957333407,495.38750000000044,484.9875995766657
2210,531.1710004500003,518.7374999999998,536.5439999999995,516.6336000000008,493.73749999999467,512.6990004233334
2211,544.32,531.36000045,536.5439999999999,553.2800004266634,562.0000004166662,553.9104999999962
2212,544.3199995499997,531.3600004500003,536.5440004600007,576.4480004266647,600.1999995833439,564.4260999999997
2213,544.3199999999958,531.3599995500002,536.54400046,593.6128004266607,588.8999999999996,559.5365995766714
2214,544.3199995499998,531.3600004500003,536.5440000000034,587.2128004266666,608.849999583335,600.6338000000017
2215,544.3200004499994,531.36,536.54400046,597.9647995733333,570.9999995833344,632.9171999999991
2216,544.3199999999998,531.3600000000002,536.5439995400004,563.494399573328,586.150000000004,555.1296995766648
2217,544.3200004500002,531.3599995499959,536.54400046,560.6399995733315,499.0749995833332,540.1945000000005
2218,544.320000450001,531.3599995500037,536.5439995399979,508.28800042666853,522.6500000000009,531.7489999999992
2219,544.32,514.0934999999998,516.9893999999999,516.0704004266678,503.50000041666544,494.30939957666686
2220,489.34529955000033,482.6385000000003,488.9478000000023,429.28640042665893,447.449999999999,449.0212004233349
2221,448.8615000000002,458.1899995499968,474.804179540004,425.40800042666825,406.12874958333344,454.52030000000343
2222,430.23420000000004,419.52734955,414.67620045999996,382.0287995733318,410.428750416668,388.1120004233361
2223,368.34344955000006,370.6559999999997,424.13195953999985,361.7420795733301,362.2512504166666,375.5161399999994
2224,342.9944995500035,346.8460504500001,358.8275999999996,316.3008004266736,319.1249999999994,318.54139999999995
2225,294.48900045000016,313.61850000000004,321.0708000000005,312.537600426664,310.7500000000098,295.3511995766672
2226,315.25200044999985,301.6979995499999,320.9604000000059,296.48640000000137,266.5500004166683,291.27449957666414
2227,325.57949955000026,332.45099999999996,327.998400460002,330.9695999999996,337.52500000000157,308.71160042333275
2228,338.97150044999984,292.18049955000015,342.2400004600004,301.7215995733333,302.362500416667,319.2145004233418
2229,369.84599954999976,373.55849999999964,329.72339954000006,329.9072004266714,311.1250004166681,337.1596004233305
2230,413.0055004499996,382.4819995500041,385.9859995399986,346.36799999999624,363.65000000000003,352.03130042333163
2231,415.4355000000001,460.94399999999996,379.1136004600001,420.0447995733367,401.4875004166683,430.5045999999985
2232,515.9700000000006,495.7199995500002,499.353,445.95199999999755,462.8999999999997,408.6479
2233,522.882,477.2654999999999,525.6005995400001,500.1471995733346,491.5500000000019,478.7518995766688
2234,544.3200004499998,531.3600004499978,536.5439995400001,528.678399573332,497.6750000000045,532.5491000000037
2235,544.3200004500009,531.36000045,536.5439995399998,563.4047995733332,539.1374999999973,559.1556004233345
2236,544.3200004500009,531.3599999999993,536.543999999999,593.9072004266719,587.5499999999919,595.3759995766657
2237,544.3199995500048,531.36,536.5439999999993,597.555199999997,611.9624999999975,592.1248000000029
2238,544.3200000000002,531.3600000000006,536.5440000000027,614.1440000000047,577.7499999999999,616.4833995766706
2239,544.3200004500005,531.3599999999994,536.5440004600007,581.7087999999991,610.4124995833309,583.3237
2240,544.3199995500003,531.3599999999999,536.5439999999996,549.5039995733306,545.0000004166659,605.9170004233367
2241,544.31999955,531.3600004500049,536.5439999999999,579.4303995733322,537.9500004166678,578.5103999999985
2242,544.3200004499982,531.35999955,536.5439999999999,502.1695999999952,517.1500004166633,519.6585999999958
2243,525.7979995500006,504.549,510.6828004600026,485.9263995733319,494.9625004166649,480.3394000000034
2244,452.2905004500001,479.84400000000215,494.28840000000076,479.70560042666955,462.0375004166661,462.2164995766664
2245,471.2269504500001,447.32384999999965,472.1752799999999,442.84159957333037,422.112499999998,425.26331042333226
2246,417.33089955,420.7936495500023,428.2816204600003,392.6912000000047,374.82500000000005,403.3786700000004
2247,365.18715045000204,367.63199999999557,399.65489999999994,352.2636804266702,355.26250041666674,353.86010042333226
2248,346.93649954999876,350.9055,342.8333995399982,330.7340795733318,322.5837499999981,325.28510042333323
2249,317.3714999999979,319.61250000000035,302.2613995399998,289.1648004266651,318.48750000000024,321.0560004233367
2250,345.07350000000235,302.9534999999981,287.3988004599984,297.08799999999076,282.8624995833429,294.04309957666885
2251,353.47050044999986,328.5764995500002,307.27080046000003,321.39519957334204,282.98749999999995,288.9122999999982
2252,321.7454995499995,312.49799955000003,303.03419954,340.48,309.25,298.8437004233344
2253,377.16300045000554,363.5010000000001,359.3519995399997,375.193600426668,319.7999995833312,317.10629999999935
2254,385.870500000001,407.3085,408.6455995400008,386.3168004266695,393.0374999999947,392.12520042332926
2255,452.0745000000006,418.9724995499997,462.14819999999963,387.1104000000026,423.5875,382.33349999999916
2256,495.07200000000046,443.82599955000086,462.72779954,447.89760042666705,435.5124999999957,455.61249999999956
2257,464.8859995500032,531.3599999999998,521.5158000000001,487.334399999996,475.92499958333303,512.0894004233371
2258,508.45049999999765,531.3600004499998,536.5440004599996,546.8032004266664,522.8999999999988,510.89560042333324
2259,544.3200004500001,531.3600000000002,536.5440000000001,561.8176000000013,539.7749995833333,575.9068999999989
2260,544.3199995499967,531.3600004499998,536.5439995399992,550.0544,565.0749995833337,567.1058
2261,544.3200004499957,531.36,536.5439999999995,587.1999999999975,574.9125000000029,597.8652004233385
2262,544.32,531.3599995500006,536.544,607.4240000000061,590.8249995833293,630.0215995766656
2263,544.3199995500004,531.36000045,536.544000459999,559.5776004266651,564.0125004166662,568.8203
2264,544.3200000000005,531.3599995500003,536.5439999999996,599.6032004266629,549.5624995833329,587.9592000000036
2265,544.319999549998,531.3599995499998,536.5440000000001,562.291199999999,560.1000004166714,533.0444004233384
2266,544.3200004500015,523.7190000000003,536.5440000000006,540.9152004266659,505.0250004166661,528.3835
2267,517.7790000000002,530.4959999999995,536.5440004599975,462.6943995733332,444.03750041666746,475.7547000000029
2268,461.1330000000001,444.63600000000025,497.43479999999994,407.50079999999593,437.32500041666447,417.0679995766567
2269,446.9039999999998,474.34950000000055,457.04219999999987,445.35551957333627,415.73750041666386,430.21250000000003
2270,430.5406499999983,442.48545045000054,450.8391004599999,402.96960042666353,387.112499999997,385.8259995766653
2271,381.91499954999955,388.2559504499997,400.7920199999999,370.3782404266657,353.93375000000475,366.22863042333347
2272,359.81549955000014,348.79949955000035,358.97526000000016,303.9577600000002,322.7124999999947,345.313
2273,315.1304995500005,308.2724995499986,340.5288004600005,298.04800042666614,293.57499999999646,316.496700000002
2274,307.42199955,296.70300000000594,293.47080045999985,268.05760042666674,265.0000004166683,277.62199957667025
2275,306.62550000000084,370.4805000000003,300.48120000000023,311.10400000000067,309.93749958333586,298.0944
2276,341.40149999999954,336.47400044999756,341.6327999999998,320.8703999999997,288.65000000000174,319.20179999999976
2277,362.79900044999994,356.3730004500001,353.1971999999996,342.7584004266654,332.27500041666474,318.32549999999617
2278,402.6509995500006,398.22299955000005,389.47739953999985,396.9792004266679,402.887500416667,387.29920000000055
2279,413.8289999999999,437.31900000000036,451.8948004599983,393.97120042667086,375.55000000000246,423.46879957666846
2280,474.6059999999998,464.60250000000076,473.49179999999933,402.0096004266643,428.9750004166657,461.1750999999986
2281,493.6139995499977,473.2829995500004,536.5440004599975,462.3999999999979,495.7249995833307,488.3531
2282,517.671000000001,531.3600004499955,536.5440004600002,524.1472004266658,507.375,512.8640995766661
2283,544.32,531.3599995499989,536.5440004600001,570.9184004266708,544.4000004166677,560.6668995766713
2284,544.3199999999996,531.3600004499992,536.5440004599985,588.198399573334,571.7875004166663,537.1211004233281
2285,544.3199999999998,531.359999549996,536.5440000000009,581.9263995733332,544.1500004166687,598.3985995766644
2286,544.3199995500001,531.3600004499993,536.5440004599999,600.6144004266689,600.1374999999974,617.5628995766701
2287,544.3200004500002,531.3599995500001,536.5439995399998,630.2976004266595,565.1125000000096,613.3846000000002
2288,544.3200004499996,531.3599999999998,536.5439995399996,599.1168000000017,548.4374995833325,575.0433000000029
2289,544.3200004500001,531.36,536.544,536.1407995733299,523.3499995833312,521.0683004233325
2290,544.3200000000004,531.3599999999999,536.5439995399994,521.894399999997,544.8749999999997,508.228600423333
2291,515.1870004499999,531.3600004500003,533.7564000000002,493.3631995733382,460.0750004166614,483.527099576661
2292,481.61249955000005,470.4885004499998,479.9363995399998,445.1328004266678,449.13749958333534,437.1149495766685
2293,464.85899955000025,462.0348004500024,481.79939999999993,429.9571195733336,395.1624999999976,436.2640495766678
2294,431.5423500000004,435.23999955000033,426.09293999999994,402.270719573336,392.519999583331,380.1110004233353
2295,387.87929955000084,377.20080000000013,376.9690799999999,364.57727999999594,344.56250041666885,360.76127957666813
2296,332.274150000005,321.1920004499998,363.29603999999995,340.8460800000071,318.7074999999994,313.22009999999676
2297,350.6355004500009,325.17450044999987,319.4699995400001,317.8495999999995,298.08750041667514,300.99000042333097
2298,322.42050000000006,332.2214999999995,303.7242000000044,284.15999999999997,278.9375000000023,272.32609957666676
2299,328.9545004500002,307.08450000000016,325.33499954000047,284.85120042667734,292.924999999999,296.30369957666653
2300,344.95200044999984,340.91549955,331.9314000000002,299.49439957333294,313.94999958333835,308.8386004233288
2301,369.76500000000107,366.51150045,369.61919954000035,337.0624004266694,330.23750000000007,363.42320042333847
2302,425.1824995500001,401.11199999999997,430.6566004599997,361.1007999999975,349.36250041666534,367.49990042333366
2303,424.46699955000025,420.16049955000074,427.38600045999993,402.61119957333307,418.1875000000018,388.92480042333074
2304,469.63799999999935,494.3429995500004,471.03540046000023,445.65759957332807,409.1875004166669,430.0727995766649
2305,520.7355004499999,503.37449955000477,513.0702000000001,485.33759999999967,509.525,501.4721995766668
2306,524.6100000000004,531.3600004500004,536.5440004600028,518.0160000000011,508.27500041666445,526.0212995766694
2307,544.3200000000015,531.3600000000007,536.5440000000052,524.5311999999979,546.7874995833337,568.4012
2308,544.3200004499975,531.36,536.5439995399998,572.6592004266654,548.7499999999966,593.0646000000002
2309,544.3199995499998,531.3599995500001,536.5439995400019,591.2063995733342,581.5249995833375,593.7250000000016
2310,544.3200004499996,531.36,536.5440004599998,569.8943995733364,603.5500000000001,574.294000000004
2311,544.3200004500013,531.3600004499998,536.5439999999999,592.0512,580.4874995833361,601.3450004233331
2312,544.3200004500002,531.3600000000001,536.5439999999999,557.0048004266692,592.5374999999996,560.2477995766666
2313,544.3199999999996,531.3599999999998,536.5439999999991,569.5359999999949,525.9374995833336,519.4173004233287
2314,533.6954995499997,519.3990004499974,536.5439999999996,548.4927995733293,506.074999583335,485.8385000000034
2315,492.7635000000001,501.2414995500001,536.5439999999999,501.4528,490.37499958333234,522.427199576669
2316,464.53769955,452.06100000000026,467.12862000000024,474.8159999999871,441.6875,419.0593604233286
2317,443.81249999999926,454.7636995499994,462.8105999999998,416.3584004266686,420.63875000000195,460.84108957666655
2318,434.1140995499995,422.5445995499984,443.74728045999996,389.57440000000315,408.421249583333,401.2958699999992
2319,380.1195004500004,363.6710995500009,384.6197999999997,348.4134404266575,362.09625041666504,373.0574204233401
2320,342.6326999999987,347.0822995499967,350.43719999999985,325.299199573331,321.74999958333376,327.90129957666704
2321,324.8370004500005,332.5995004500032,314.7779999999998,287.15520000000015,277.90000041666366,314.1218004233328
2322,333.00449955000016,327.7934995499963,318.7524000000002,303.20639999999776,293.4624999999994,263.5630995766702
2323,323.7165000000007,301.94100045,308.91300045999986,296.0639999999912,279.17500000000086,294.30980042333397
2324,332.14050044999755,331.9380000000052,320.44980045999995,316.36480042666534,277.65000041666883,320.64959957666616
2325,370.45350045000004,367.61850000000004,375.5808000000002,365.056,344.24999958333353,309.05449957667173
2326,408.4965000000001,368.4690000000003,373.8281999999999,365.2224000000026,323.6625,365.6964999999982
2327,447.3090000000001,422.13150045000003,453.3299995399999,380.03200042666987,414.6125,410.5147999999979
2328,484.77150045000013,482.88150045,466.1915995399982,434.66240000000005,434.8250004166652,455.3966000000072
2329,503.4689995500005,506.61450045000015,511.23479953999947,501.19680042666005,460.27499958333453,510.75589999999886
2330,536.2739999999997,531.3599995499999,536.54400046,523.3279999999991,519.7875000000029,520.839699576664
2331,544.3199995500004,531.3599995499999,536.5440000000001,541.9647995733267,527.8499995833354,563.3466000000036
2332,544.3199999999999,531.360000449997,536.5440004599996,580.428799573336,584.962499583335,576.5800000000003
2333,544.3200004500003,531.3599995500007,536.5440000000018,602.2783999999951,580.8000000000005,584.3650999999979
2334,544.32,531.3599995500008,536.5439995400009,585.6511995733304,577.8750004166625,598.4239995766671
2335,544.3200004500007,531.3599995499999,536.544,586.009599573329,573.5750004166708,588.962499576667
2336,544.3200004500014,531.359999549994,536.5440004599999,547.2128004266718,555.4749999999957,580.9996004233328
2337,544.3200004500002,531.3599995500003,536.5439995400001,565.0560004266671,551.0500004166713,556.9330999999987
2338,544.3199995499995,531.3599999999994,536.5439999999999,547.9551995733373,499.6124999999949,508.6731004233359
2339,532.7909995499926,531.3599995499995,536.5439995399998,479.28320000000133,459.27500000000003,479.75519999999557
2340,476.6849995499947,463.7601004500014,519.8184000000005,465.1391999999994,417.37500000000006,439.4327004233332
2341,438.6744004499997,464.1772495500006,458.2731599999994,424.1958399999974,415.12874958333566,417.2585004233309
2342,442.58265044999786,415.5785999999999,420.1368604600005,408.74367957332834,379.67125000000186,408.1399004233328
2343,424.9124995500002,361.54349954999896,378.81690046000386,351.76192000000236,362.85624958333295,352.24720000000286
2344,337.59989955,359.45100044999975,331.98659954,321.39904042666734,334.2250000000095,316.17919957666635
2345,299.03850045000024,330.6554995500004,347.85660000000024,319.18080000000015,319.5499999999978,283.4132
2346,302.72399999999794,321.08399955000266,314.15700000000004,276.6847999999937,309.187500416667,300.6343995766691
2347,342.1575004499999,324.51299954999956,315.23340046,273.7024004266708,291.6250004166674,278.5236995766662
2348,320.78699955000013,303.0209999999999,342.64020000000033,320.37119957333005,308.7624999999994,282.3464004233357
2349,360.4770000000002,362.2589999999999,403.7879999999994,345.9200004266646,316.4250004166681,313.7407995766567
2350,396.2924995500001,378.75599999999724,334.12559999999957,370.6367999999991,346.862500000003,391.934700000001
2351,459.3644995500003,432.0000004500002,483.9797995400014,410.4448004266667,390.74999958333206,393.71269957666675
2352,464.8859999999999,460.43099954999997,433.51319999999987,438.604800426667,415.6708333333337,460.3114995766654
2353,514.8224995500002,531.36,536.5439999999999,466.598400000001,487.5541662499993,498.5003999999979
2354,544.3199999999994,531.36000045,536.5440004599981,523.417600000002,550.5749999999994,508.62229999999715
2355,544.3200004500003,531.36,536.5440000000001,552.8576004266587,532.5374999999996,559.7524999999963
2356,544.3199995499998,531.3599995500001,536.544,563.6352004266618,556.0250004166671,554.1899004233358
2357,544.3199995499997,531.3599995500003,536.5440004599998,600.6016004266706,549.462500416664,570.2681000000014
2358,544.3200004500002,531.3599999999996,536.544,607.7056004266652,587.7624995833348,586.9685995766671
2359,544.32,531.3600004500003,536.5439999999996,582.4128004266672,588.9499999999986,609.1681995766658
2360,544.3199995499999,531.36000045,536.5440000000001,611.4688004266659,564.1125000000036,561.7972004233272
2361,544.32,531.3599995499951,536.5439999999999,554.1247995733295,544.8000000000001,549.6433000000015
2362,544.3199995500001,531.3599995499999,536.544,500.2623995733358,525.4575004166707,531.456900423337
2363,516.2939995499999,522.1800004500042,525.9317999999989,483.62239957333,472.342500000002,480.83470000000347
2364,452.85749954999955,470.55600000000004,466.27439953999965,456.1023995733366,431.47500000000235,466.19159957666966
2365,458.8649999999992,441.59444999999994,462.80784000000006,424.6169604266691,400.55083374999987,429.39969999999727
2366,434.22480045000015,417.4415995500002,428.97299953999556,410.53695999999997,408.9579162500035,399.8988695766667
2367,386.82900000000126,392.5125000000003,402.72540000000004,365.6051204266659,351.29499958333355,348.46513957666673
2368,350.32499955000003,321.731999549997,339.4592999999998,341.64992042666665,315.06249958333177,317.36029957666545
2369,341.8065000000006,304.91100045,327.48780046,317.721599999996,302.55,323.40549957666775
2370,330.7229995499994,287.9280004500009,335.85059954000087,287.56479999999823,302.19999958333943,258.457700423336
2371,314.7659995500008,294.0974995500002,332.6076004599959,330.2656004266656,285.3750004166675,288.88689999999775
2372,334.19249955,352.25550000000055,349.692,304.5887995733314,311.7875,301.6503999999976
2373,373.8825004500035,353.47050045000276,367.52160046000046,338.5984000000051,347.03750041666683,317.03010042332977
2374,391.8104995499967,419.7960000000002,382.61879999999996,350.75840000000113,334.9000004166677,364.9852999999932
2375,447.24149955000047,421.8074995500001,430.4633995399999,401.68960042667135,362.2999995833352,412.3055000000009
2376,437.18400045000016,477.15750044999976,499.6979995399999,461.51680042666266,434.3500004166682,430.1108995766612
2377,514.471500449999,510.73199955000024,481.70280000000304,481.0752004266676,487.9625004166667,473.1257999999994
2378,540.2969995500009,531.3600004500003,536.54400046,524.4159995733347,507.33750000000623,520.1157995766656
2379,544.3199995500004,531.36,536.5439995399998,582.2591999999997,531.8124999999983,540.1309995766637
2380,544.3199995500001,531.3600004499999,536.543999999997,593.6512004266662,580.8874995833305,531.7108995766669
2381,544.3200004500004,531.3600004500001,536.5439999999998,606.3616000000005,559.025000416658,566.669766243331
2382,544.3200000000036,531.3600000000002,536.544,568.0511999999998,590.3875004166698,614.4683329100048
2383,544.32000045,531.36000045,536.5439995400022,592.7040000000014,574.6874999999998,606.5460737566749
2384,544.3199995500005,531.36,536.5440004599998,583.4496004266624,614.0624999999998,581.1833266666615
2385,544.3199995500004,531.360000000001,536.5439995399998,546.0864004266684,530.7374995833346,544.7792000000004
2386,544.32,531.3599995499999,536.5439995400002,511.27040000000363,534.2250000000043,519.9125999999995
2387,506.41200000000043,531.3600004499983,536.5439995399998,449.85599957333307,446.31250000000244,510.4892004233332
2388,500.97149954999526,463.90050045000004,451.12200046000004,437.8367999999936,453.93750000000057,424.40859999999213
2389,444.04199955000036,460.7563504500044,475.30236,427.1884795733317,423.65249958333806,458.3286070900023
2390,427.97699999999946,412.15499954999996,420.3204004599982,414.08256042666676,394.96625000000506,401.00884999999937
2391,384.3058504500025,392.9688004500021,402.4273195400004,352.8691204266678,363.13999999999953,365.20416291000095
2392,352.95074955000007,352.92239999999975,357.04740046000006,334.27200042667187,343.324999583331,312.2295004233204
2393,298.29599954999964,270.64799954999995,286.83299999999974,321.84319957333713,287.37499958333467,256.59080042333926
2394,311.2020004500003,303.69599999999974,314.2259999999998,320.1792004266675,299.07500041667,337.096099999998
2395,316.02150000000046,308.51549955000047,324.82439999999997,306.94399957332814,290.73750041668086,333.8194999999985
2396,328.19850000000054,303.93900045000055,321.4985995399995,326.32319957333027,292.21250041666826,294.1319999999994
2397,347.3145004500001,352.1340004499991,385.8066004600006,327.3599995733293,334.2374999999958,339.29319999999984
2398,411.14250044999915,395.98200000000134,405.25080045999994,371.8656004266698,377.5249995833293,367.91900000000084
2399,437.967,411.69599955000047,454.0200004600003,399.9360004266678,391.34999958333435,432.1428999999981
2400,525.3394504500001,453.10500045000094,481.6190795400001,449.58207999999775,516.7962499999998,571.7878666666692
2401,553.9418999999999,522.4364995499998,508.5962399999999,430.4115199999999,548.3129162499993,475.0485799999978
2402,547.9379999999976,492.7175995500003,506.2649599999987,428.7799470933319,537.1866666666676,443.1969799999992
2403,530.0167500000001,494.4807,497.55624000000046,423.26314623999997,538.8537500000014,433.43829999999997
2404,527.6789995500001,492.10380045000045,491.6525999999997,459.0818137599985,494.18874958333856,431.4825
2405,527.0156999999999,507.80699955,500.28771953999996,460.49450623999996,507.0175000000021,476.15263291
2406,529.85160045,512.85825,491.29655999999994,481.74080000000004,547.59583375,519.22002709
