Hour,RegionA,RegionB,RegionC,RegionD,RegionE,RegionF
0,19.383333333333333,95.83333333333334,16.133333333333333,312.0,84.0,116.0
1,38.0,65.43333333333334,203.13333333333333,375.9,106.01666666666667,310.0
2,80.95,224.96666666666667,211.0,661.2833333333333,133.0,504.0
3,118.75,221.81666666666666,211.0,642.1666666666667,298.0,622.0
4,138.16666666666666,215.03333333333333,228.0,651.2333333333332,438.66666666666674,632.0
5,143.1,143.41666666666669,198.0166666666667,642.2666666666667,345.95,578.6666666666667
6,118.71666666666667,145.83333333333334,236.85000000000002,525.75,229.33333333333337,472.7833333333334
7,116.36666666666667,152.65,249.36666666666667,682.0666666666666,263.4833333333333,503.9
8,180.75,155.73333333333335,260.5333333333333,564.5166666666667,294.63333333333344,599.0000000000002
9,157.98333333333335,167.55,215.63333333333333,528.6166666666666,268.4999999999999,234.01666666666677
10,138.66666666666669,148.79999999999998,177.7833333333333,478.5666666666666,567.3666666666667,343.91666666666663
11,147.2,138.48333333333332,175.86666666666662,510.75000000000006,444.0000000000002,323.26666666666665
12,116.99999999999997,197.86666666666667,98.83333333333333,545.0,477.56666666666666,261.8333333333333
13,115.29999999999998,181.58333333333334,147.06666666666663,437.55000000000007,696.9166666666667,448.0
14,76.88333333333335,186.38333333333333,134.0,625.7666666666668,695.5166666666667,448.05000000000007
15,71.85,313.78333333333336,131.18333333333334,634.2166666666667,500.1166666666665,656.2
16,157.38333333333333,392.6666666666666,104.66666666666669,482.99999999999994,291.3666666666665,516.8999999999999
17,153.3666666666666,325.1833333333333,116.16666666666666,473.0166666666667,365.3,641.1333333333334
18,158.31666666666666,411.75,168.26666666666665,491.1000000000001,206.21666666666655,544.7499999999998
19,417.5,484.4833333333334,156.86666666666665,550.6833333333334,101.26666666666668,496.04999999999995
20,407.1166666666667,408.85,130.88333333333335,550.2333333333333,206.0,554.3000000000001
21,453.8833333333333,401.64999999999986,95.91666666666674,572.1,471.6999999999999,755.5166666666669
22,459.78333333333336,268.29999999999995,57.40000000000002,606.8000000000001,358.29999999999995,503.3166666666667
23,555.6333333333333,255.71666666666678,45.56666666666666,490.083333333333,249.9333333333332,446.2499999999999
24,399.36666666666656,107.33333333333331,41.0,535.1000000000001,324.2,577.0833333333333
25,163.35000000000002,207.18333333333328,42.20000000000001,399.9999999999999,438.40000000000003,390.7
26,95.96666666666664,86.01666666666647,128.8,340.4666666666666,309.25000000000017,596.4333333333334
27,62.100000000000016,66.2,176.89999999999992,499.18333333333334,382.0,817.0
28,77.25,81.0,152.93333333333328,898.05,385.43333333333345,960.0833333333335
29,185.1,76.43333333333334,165.68333333333334,765.9166666666665,609.6833333333334,864.9666666666673
30,324.21666666666664,160.63333333333327,162.6833333333334,588.1999999999999,607.3166666666667,558.5500000000002
31,389.65,164.03333333333336,80.6166666666667,523.9333333333336,544.4666666666666,315.0500000000002
32,270.23333333333323,200.4666666666667,313.6,478.6000000000001,546.4666666666665,528.4833333333331
33,232.78333333333316,170.26666666666665,376.0999999999999,411.8666666666668,471.93333333333334,599.1666666666669
34,264.1166666666664,182.54999999999998,324.7666666666669,579.0166666666662,590.6666666666669,733.3833333333337
35,155.18333333333337,131.95000000000016,280.0666666666666,586.5499999999995,638.4833333333333,591.3333333333335
36,222.95,145.0,191.06666666666663,811.9166666666667,485.5666666666667,630.7000000000003
37,280.83333333333337,164.11666666666667,202.21666666666698,809.5333333333333,585.0,513.6666666666662
38,249.36666666666676,186.7,210.43333333333345,796.1333333333334,594.116666666666,152.64999999999955
39,223.41666666666652,191.93333333333328,198.56666666666658,679.0333333333333,397.1333333333334,177.13333333333355
40,150.03333333333322,174.54999999999995,187.2,612.4666666666669,207.93333333333334,563.3500000000001
41,124.08333333333329,181.2333333333333,370.69999999999993,592.3500000000001,220.81666666666672,577.3166666666666
42,156.11666666666667,126.7666666666668,254.49999999999994,433.13333333333327,303.70000000000005,681.3833333333334
43,193.5166666666667,136.06666666666672,311.15,477.63333333333355,352.16666666666663,714.3833333333332
44,245.40000000000006,178.9166666666666,351.33333333333337,509.7666666666668,413.19999999999976,732.2333333333333
45,222.78333333333336,174.36666666666667,373.46666666666664,527.3833333333333,541.5999999999999,670.0166666666665
46,278.35,182.0,389.266666666667,453.6833333333332,583.5666666666666,541.733333333333
47,311.3,206.43333333333334,250.61666666666667,374.09999999999985,574.2833333333328,456.5500000000003
48,346.4333333333334,232.66666666666674,327.9833333333333,403.6666666666668,574.8500000000001,435.83333333333326
49,273.4999999999999,185.30000000000007,326.08333333333326,472.83333333333337,429.2666666666662,464.4166666666669
50,252.9000000000002,175.15000000000003,193.8833333333331,363.70000000000005,478.1333333333335,379.29999999999995
51,243.0666666666666,182.11666666666673,265.9,263.5833333333335,201.3999999999998,504.06666666666655
52,264.01666666666665,178.61666666666667,233.23333333333335,250.6500000000002,279.0,360.09999999999974
53,278.75,172.33333333333323,253.60000000000002,486.20000000000005,583.0,309.1833333333332
54,300.6333333333333,160.56666666666675,251.5333333333333,548.0666666666664,574.0,505.88333333333344
55,159.20000000000002,233.3333333333334,176.41666666666703,590.9666666666667,702.4500000000005,439.91666666666663
56,81.4,226.06666666666663,161.58333333333317,708.7666666666667,755.3666666666669,395.94999999999993
57,89.70000000000007,304.4833333333334,88.39999999999992,862.5666666666665,622.5666666666668,412.2500000000004
58,98.60000000000002,300.1666666666667,113.11666666666645,925.65,517.85,266.2833333333333
59,56.13333333333328,320.8333333333333,82.5,803.9333333333334,409.41666666666697,210.66666666666666
60,54.13333333333334,166.0833333333331,163.11666666666662,927.9000000000001,273.33333333333394,102.40000000000016
61,58.783333333333324,83.84999999999994,163.0,971.5999999999999,282.0,206.29999999999976
62,152.58333333333326,115.43333333333334,134.04999999999998,824.8666666666669,268.4166666666665,176.00000000000017
63,157.65000000000043,126.34999999999997,142.36666666666667,992.1833333333329,288.3333333333334,198.0
64,72.9833333333335,101.08333333333339,132.85000000000025,1094.933333333333,148.2833333333337,293.1666666666668
65,53.93333333333328,84.38333333333334,92.83333333333333,1028.6333333333348,165.0,319.8000000000002
66,156.46666666666687,77.26666666666678,75.95000000000034,1028.4000000000005,225.0,347.31666666666644
67,202.4833333333334,78.93333333333337,101.28333333333335,808.9166666666665,299.80000000000047,466.1666666666665
68,186.46666666666664,34.51666666666668,110.46666666666658,912.8833333333339,318.5,372.6000000000013
69,282.95,142.11666666666656,141.0,873.683333333334,525.3166666666662,371.81666666666644
70,283.46666666666704,163.11666666666662,227.23333333333326,613.6999999999999,582.6499999999999,366.98333333333335
71,227.03333333333336,165.63333333333333,208.03333333333373,517.5833333333339,594.5666666666668,577.150000000001
72,266.61666666666736,178.59999999999997,102.16666666666677,408.99999999999966,592.1,440.2666666666667
73,252.66666666666669,198.06666666666652,75.79999999999997,180.16666666666669,711.3500000000003,419.63333333333327
74,250.8333333333334,204.66666666666663,75.33333333333334,480.1999999999995,690.5999999999998,251.38333333333435
75,193.20000000000016,130.1166666666669,87.38333333333324,683.3333333333335,582.2666666666669,316.86666666666656
76,136.1166666666672,70.36666666666667,91.79999999999994,900.5166666666659,623.1333333333334,193.89999999999992
77,229.24999999999994,76.78333333333333,150.26666666666668,685.3166666666668,534.9333333333335,298.5666666666667
78,246.1500000000002,55.65000000000006,134.35000000000002,608.9833333333322,610.1666666666665,264.95000000000016
79,255.16666666666669,79.58333333333339,266.41666666666663,307.1333333333335,631.4499999999998,251.73333333333335
80,183.08333333333354,138.0166666666667,284.98333333333335,312.75,505.10000000000014,312.75000000000057
81,161.9333333333334,135.1,274.9166666666667,275.4833333333334,437.33333333333314,170.8500000000006
82,242.7333333333334,208.4500000000001,306.9166666666667,347.7333333333326,298.51666666666665,214.75
83,287.2166666666667,342.1,333.4833333333336,226.63333333333367,399.15000000000003,310.0
84,275.5666666666666,369.8166666666669,126.5666666666662,381.9333333333334,452.13333333333367,417.5999999999999
85,252.50000000000006,199.68333333333408,264.51666666666654,397.80000000000024,362.7499999999999,508.8333333333331
86,217.5166666666665,83.85000000000001,253.39999999999992,437.40000000000003,428.21666666666596,457.8
87,183.69999999999996,132.06666666666655,335.8,384.34999999999957,664.6666666666667,407.633333333334
88,104.96666666666611,122.23333333333342,493.10000000000014,609.5833333333335,597.7666666666657,324.8333333333342
89,117.06666666666672,134.13333333333335,464.7999999999999,706.7500000000005,605.9333333333323,235.33333333333343
90,121.30000000000003,124.16666666666669,351.6166666666668,701.7333333333332,534.6500000000001,293.0
91,209.98333333333335,147.58333333333331,257.4166666666671,644.7500000000006,302.90000000000055,395.5666666666667
92,213.4333333333333,122.39999999999986,185.08333333333317,654.7166666666669,670.4833333333332,385.1333333333331
93,238.1,75.9333333333332,75.96666666666701,378.61666666666673,592.1333333333334,375.01666666666665
94,256.35,70.66666666666657,109.9,459.4999999999993,534.3999999999999,434.25000000000017
95,124.44999999999936,163.61666666666667,162.50000000000017,571.7499999999998,700.6499999999997,347.3666666666667
96,101.21666666666661,234.8333333333335,179.01666666666668,702.2833333333333,611.4999999999998,354.55000000000035
97,141.86666666666673,245.39999999999998,219.45000000000005,568.1666666666656,439.46666666666647,646.9999999999994
98,148.1999999999999,230.03333333333325,201.23333333333352,432.64999999999975,303.1500000000003,585.2000000000003
99,148.29999999999995,205.48333333333338,119.71666666666631,355.8666666666663,362.0,544.4999999999999
100,119.98333333333332,244.6333333333336,85.48333333333322,337.0166666666673,358.6666666666667,458.70000000000016
101,120.86666666666653,140.69999999999985,72.66666666666679,419.5,405.4999999999991,309.8500000000007
102,295.71666666666664,171.0,35.00000000000006,443.35,334.84999999999957,362.88333333333253
103,289.9333333333333,131.81666666666638,59.35000000000005,406.8333333333329,347.7499999999997,237.33333333333343
104,283.40000000000015,102.36666666666666,107.86666666666672,481.5,392.1833333333327,357.3000000000003
105,298.5833333333333,110.46666666666655,118.88333333333331,536.0999999999999,330.6999999999999,530.0
106,246.2166666666666,123.5333333333333,174.31666666666666,370.21666666666715,287.25000000000034,358.76666666666756
107,93.50000000000016,162.68333333333305,219.20000000000005,342.2666666666666,334.55000000000007,378.23333333333375
108,77.46666666666682,242.7999999999999,182.91666666666674,354.0,343.84999999999945,428.5333333333334
109,111.23333333333348,274.3833333333333,289.9166666666666,648.1666666666663,257.2666666666659,708.8999999999999
110,126.75000000000021,217.95000000000022,355.0666666666669,807.0833333333326,218.4,641.5500000000006
111,75.83333333333336,192.59999999999965,423.80000000000024,521.2333333333344,161.64999999999984,558.9833333333338
112,79.2833333333333,136.91666666666657,423.2666666666664,688.8333333333337,393.8833333333332,361.0
113,74.43333333333337,80.0333333333335,428.20000000000005,677.9666666666669,406.9999999999999,407.1500000000002
114,83.20000000000005,37.266666666666765,439.2999999999995,801.8000000000004,527.0833333333339,486.1666666666665
115,71.20000000000003,152.61666666666667,321.5333333333333,755.5500000000009,507.7166666666673,611.3499999999996
116,72.85000000000015,219.5166666666668,180.28333333333285,872.0499999999995,581.2666666666668,531.883333333333
117,48.19999999999996,214.8499999999999,52.21666666666687,748.1166666666659,639.6000000000005,466.9166666666671
118,142.43333333333334,242.35000000000008,61.61666666666666,714.8166666666668,573.0833333333321,343.8666666666663
119,269.8166666666667,202.1000000000003,96.19999999999995,849.4000000000003,548.4499999999996,429.0
120,284.79999999999995,111.6333333333333,102.98333333333342,832.2500000000003,611.9333333333335,659.2
121,294.86666666666713,137.41666666666657,213.0666666666666,1060.6666666666665,676.9833333333333,549.483333333334
122,241.78333333333308,114.4166666666668,321.5166666666669,1055.5499999999988,817.9666666666666,605.2333333333341
123,227.96666666666658,54.34999999999992,218.28333333333347,1005.0,873.2999999999993,520.833333333333
124,219.34999999999974,133.9666666666667,203.96666666666601,991.0833333333327,761.4166666666666,525.533333333334
125,161.5833333333332,243.6,71.26666666666686,769.7333333333333,551.0499999999995,506.3333333333322
126,162.33333333333323,373.2500000000002,44.666666666666686,848.1999999999996,446.81666666666496,373.33333333333314
127,136.81666666666675,264.8833333333337,66.1333333333335,964.5666666666664,229.9000000000013,615.9499999999998
128,106.06666666666698,166.86666666666676,87.21666666666695,1166.0000000000005,257.0666666666666,648.0
129,81.94999999999999,119.00000000000114,100.11666666666656,1119.799999999999,280.0,759.6666666666671
130,74.88333333333335,89.3166666666668,95.06666666666672,816.2499999999998,329.7666666666655,560.0833333333314
131,81.5666666666666,71.70000000000033,104.91666666666654,839.9166666666666,348.18333333333334,654.3499999999989
132,85.73333333333323,145.4166666666667,112.43333333333374,726.1000000000023,257.4500000000004,642.2500000000006
133,59.816666666666634,280.66666666666663,69.53333333333353,929.6500000000018,224.50000000000063,724.0333333333338
134,45.60000000000028,263.6666666666652,117.70000000000005,660.9833333333327,244.03333333333342,776.6166666666657
135,41.60000000000002,216.06666666666678,132.0333333333332,659.0000000000015,437.86666666666656,770.3166666666663
136,93.35000000000005,304.8833333333333,121.0,698.5833333333326,319.35,513.9333333333336
137,128.0666666666665,346.9333333333332,122.39999999999995,878.6833333333334,384.30000000000024,295.18333333333374
138,197.08333333333331,374.39999999999964,59.78333333333347,1068.9499999999998,489.4500000000005,167.80000000000035
139,240.83333333333331,314.9500000000006,30.416666666666714,907.6500000000001,632.0000000000005,160.60000000000164
140,329.21666666666647,381.86666666666645,83.10000000000002,417.9166666666682,454.8999999999998,391.91666666666663
141,193.50000000000026,327.2999999999988,98.0,590.8666666666668,375.56666666666547,397.33333333333303
142,135.66666666666694,350.53333333333353,84.33333333333334,616.6666666666654,356.36666666666656,383.66666666666555
143,86.91666666666688,310.73333333333426,122.61666666666667,495.0,425.9333333333333,285.8666666666654
144,109.40000000000003,206.20000000000005,120.06666666666672,599.5333333333322,543.0,522.9999999999993
145,104.50000000000003,229.3833333333336,155.96666666666715,387.0000000000015,719.5166666666668,470.9333333333328
146,118.23333333333352,125.83333333333411,111.50000000000006,402.11666666666724,838.5500000000009,471.2999999999994
147,94.26666666666671,174.91666666666657,122.9999999999998,587.1499999999994,634.4166666666658,704.8000000000014
148,250.23333333333338,284.93333333333317,142.11666666666665,727.7999999999995,308.266666666667,635.899999999999
149,229.0500000000002,321.2166666666667,164.4499999999998,785.7833333333338,303.93333333333374,621.6333333333325
150,364.5166666666663,324.733333333333,189.40000000000023,660.0333333333306,196.01666666666637,533.2000000000011
151,255.16666666666828,465.73333333333335,209.55000000000055,623.5833333333339,305.3000000000012,601.9666666666678
152,281.7499999999998,444.79999999999905,173.1666666666666,751.133333333333,688.9666666666668,511.61666666666747
153,308.23333333333414,427.6333333333332,293.3333333333336,915.8500000000008,609.3000000000013,258.2166666666669
154,306.4666666666669,508.65000000000055,253.1166666666666,833.6499999999997,520.9166666666679,213.64999999999972
155,296.7,396.7166666666665,107.48333333333179,541.2666666666678,520.8833333333324,315.66666666666595
156,197.94999999999962,217.23333333333193,100.23333333333323,364.08333333333326,467.166666666667,607.4500000000002
157,283.51666666666677,133.4166666666666,189.93333333333334,400.75000000000057,287.1500000000006,609.2
158,185.46666666666758,92.50000000000048,163.8999999999998,506.83333333333417,402.1333333333333,765.3833333333337
159,189.2499999999999,69.13333333333335,245.2666666666671,395.73333333333295,390.6833333333351,837.2833333333332
160,192.13333333333333,26.0,304.73333333333346,401.7999999999996,385.5333333333332,626.5666666666672
161,231.9999999999999,30.200000000000045,206.4833333333334,884.966666666667,314.16666666666555,407.49999999999955
162,223.00000000000014,77.06666666666666,96.78333333333333,858.8166666666683,328.0,316.5333333333335
163,257.91666666666714,101.0,45.0500000000001,970.3333333333334,341.81666666666564,438.03333333333336
164,277.36666666666633,226.76666666666657,40.233333333333235,959.8333333333337,341.70000000000056,404.0666666666658
165,292.8500000000002,352.63333333333367,125.0,731.7333333333335,390.35000000000093,400.9333333333322
166,295.53333333333273,385.43333333333317,110.03333333333296,533.5999999999983,666.6999999999994,522.0499999999997
167,208.65000000000012,379.4166666666657,39.966666666666555,422.7000000000002,675.5500000000004,394.63333333333435
168,259.86666666666656,232.26666666666742,27.75000000000003,530.3000000000006,828.2333333333333,559.1999999999998
169,262.08333333333337,87.13333333333341,48.0,424.55000000000155,695.9333333333325,758.5666666666673
170,273.300000000001,234.5000000000005,125.65000000000009,765.3333333333339,659.0000000000002,653.6499999999994
171,224.98333333333355,148.13333333333338,144.7666666666668,804.1333333333312,535.6833333333335,802.4166666666664
172,223.8666666666664,248.05000000000007,166.39999999999972,586.7333333333345,364.0,693.1500000000004
173,193.28333333333322,345.58333333333326,240.66666666666686,454.2833333333344,279.183333333332,743.7999999999985
174,145.36666666666662,327.6333333333351,263.04999999999893,453.68333333333226,299.28333333333296,650.466666666667
175,302.6166666666658,164.46666666666673,194.23333333333332,315.3500000000001,375.86666666666673,652.8333333333344
176,261.88333333333344,180.5666666666666,207.0499999999998,255.1000000000012,507.20000000000005,556.2
177,268.5333333333326,172.8833333333332,218.4999999999998,173.14999999999984,532.3666666666659,426.26666666666665
178,268.4333333333333,119.43333333333413,203.18333333333342,252.49999999999972,511.71666666666675,485.96666666666613
179,257.0999999999989,127.78333333333336,218.33333333333385,196.41666666666683,556.6500000000008,499.7499999999993
180,226.54999999999868,150.40000000000012,157.1666666666656,550.3833333333332,517.0499999999982,369.4333333333319
181,169.7500000000001,117.35000000000034,119.70000000000002,761.9999999999998,440.56666666666626,379.3666666666669
182,152.74999999999974,93.18333333333334,101.2666666666666,1024.0333333333338,366.616666666666,419.8500000000004
183,193.8833333333333,161.3333333333337,170.35000000000002,1161.549999999999,409.58333333333326,491.0
184,297.95000000000005,125.5000000000002,174.73333333333332,1179.4666666666667,638.7333333333331,557.1999999999994
185,268.5666666666668,85.78333333333316,228.9333333333334,1156.2833333333324,608.8666666666659,291.75000000000017
186,211.6166666666654,106.15000000000015,340.93333333333334,886.4833333333345,577.9166666666666,133.18333333333334
187,84.00000000000003,140.26666666666668,327.96666666666687,878.5000000000014,426.79999999999944,234.56666666666644
188,100.48333333333343,126.88333333333364,396.83333333333405,862.3000000000011,325.03333333333336,401.01666666666665
189,91.99999999999972,154.00000000000009,209.63333333333338,1028.2999999999997,234.3666666666657,408.9499999999999
190,187.34999999999974,191.43333333333334,398.33333333333303,763.4666666666672,266.25,437.4166666666671
191,207.8666666666668,188.6333333333335,403.43333333333396,532.0333333333333,705.3333333333334,286.3333333333329
192,235.60000000000002,293.3000000000003,400.4833333333328,798.2000000000005,762.5,243.08333333333255
193,232.53333333333345,268.11666666666645,399.83333333333366,782.5166666666663,866.7999999999989,195.96666666666687
194,179.7500000000002,231.53333333333322,286.33333333333337,626.8166666666644,933.4166666666654,401.45000000000095
195,173.80000000000027,187.30000000000035,181.8333333333317,968.8500000000006,784.3500000000022,202.0
196,109.36666666666696,164.69999999999987,249.0333333333333,928.7999999999997,579.3166666666663,337.15
197,79.26666666666648,255.45000000000016,224.43333333333203,887.1833333333345,669.5666666666668,327.30000000000024
198,38.533333333333616,241.88333333333304,209.69999999999993,653.6666666666679,706.0166666666662,441.8333333333317
199,30.46666666666664,199.25000000000225,318.99999999999994,608.0833333333371,464.1333333333356,232.9499999999994
200,25.000000000000114,119.01666666666677,214.94999999999948,505.45000000000016,341.19999999999993,278.7666666666671
201,36.799999999999955,137.95000000000007,122.78333333333356,781.6500000000003,327.7166666666669,315.333333333333
202,206.30000000000007,187.3,76.54999999999995,982.7666666666646,396.60000000000076,242.84999999999943
203,303.93333333333334,154.81666666666666,85.33333333333314,851.1333333333348,320.28333333333285,116.54999999999896
204,341.46666666666636,188.96666666666584,90.33333333333331,840.7499999999989,348.08333333333337,102.23333333333323
205,252.8666666666667,83.08333333333417,97.26666666666665,840.6833333333315,259.36666666666633,218.33333333333326
206,125.80000000000081,158.93333333333348,80.0833333333334,543.0000000000034,428.76666666666756,331.0
207,63.516666666666794,184.8333333333334,51.51666666666688,442.55000000000075,386.0,360.98333333333426
208,77.63333333333355,194.88333333333355,91.59999999999991,603.2833333333326,466.9666666666667,328.55000000000007
209,177.9666666666665,193.19999999999996,99.76666666666668,600.9000000000004,574.400000000001,253.01666666666793
210,172.59999999999997,246.46666666666673,184.90000000000052,737.0500000000008,596.3833333333337,125.78333333333262
211,134.18333333333342,339.76666666666677,163.33333333333337,671.8666666666657,527.3166666666698,56.0
212,54.299999999999955,234.71666666666746,163.9333333333333,843.883333333331,569.4499999999998,162.5999999999998
213,128.4833333333331,202.03333333333342,79.04999999999956,679.5833333333328,739.6000000000005,188.75
214,121.35000000000014,207.5666666666662,66.34999999999997,685.5833333333326,496.6999999999996,526.0999999999999
215,115.09999999999974,138.73333333333284,187.88333333333347,572.0000000000016,475.7000000000005,707.1000000000004
216,79.35000000000034,81.28333333333333,162.15000000000015,530.7833333333324,491.35000000000014,785.6666666666652
217,158.73333333333318,113.43333333333334,95.0333333333345,520.1000000000005,589.7666666666669,810.4166666666665
218,171.04999999999976,148.64999999999992,47.46666666666684,731.7833333333338,806.7499999999995,625.4666666666672
219,170.9500000000009,130.71666666666653,48.25000000000006,786.0833333333323,948.7666666666664,528.6000000000001
220,129.65000000000015,128.16666666666654,179.0,748.799999999999,1006.1000000000009,451.7166666666674
221,160.04999999999959,114.01666666666696,182.86666666666676,800.4333333333338,905.5166666666671,436.5833333333335
222,105.78333333333364,75.48333333333323,191.35000000000005,826.1833333333333,649.6333333333328,660.9833333333314
223,120.86666666666667,155.1833333333334,202.91666666666694,1128.2166666666644,568.4666666666662,477.5500000000004
224,166.1500000000004,167.0499999999988,165.08333333333468,1176.749999999998,534.1833333333335,454.6833333333324
225,226.29999999999984,173.75,153.78333333333336,1046.1999999999996,350.1999999999999,377.833333333332
226,219.93333333333328,199.3333333333335,164.31666666666678,1199.2666666666664,273.3500000000015,414.83333333333366
227,320.0666666666668,179.54999999999998,126.0166666666668,749.3000000000006,273.26666666666614,799.5166666666673
228,313.1666666666665,119.93333333333334,118.21666666666655,784.3333333333314,373.66666666666504,917.1333333333324
229,274.53333333333376,202.5333333333333,122.1333333333335,699.2333333333327,277.9166666666679,960.9833333333315
230,266.5666666666672,265.9666666666667,87.26666666666662,446.000000000001,266.80000000000064,947.2999999999972
231,214.43333333333345,249.89999999999986,72.38333333333335,462.10000000000025,362.01666666666654,937.8499999999992
232,339.4000000000001,278.13333333333327,163.96666666666655,317.36666666666775,538.0666666666666,965.1500000000023
233,231.28333333333444,270.15,249.5333333333332,424.9166666666664,613.7999999999996,791.1999999999999
234,213.91666666666637,174.29999999999907,255.0,291.98333333333363,539.4666666666669,738.9166666666656
235,130.7499999999999,233.61666666666608,228.21666666666712,632.1666666666652,420.1000000000002,726.7666666666668
236,122.69999999999985,140.69999999999965,224.43333333333345,796.333333333334,476.300000000001,739.4666666666681
237,101.86666666666662,176.53333333333327,315.01666666666586,552.8166666666663,312.2166666666649,521.0
238,208.8333333333332,194.29999999999978,179.5000000000008,592.4999999999999,232.79999999999967,427.80000000000166
239,183.81666666666672,196.91666666666637,176.3833333333333,528.2833333333349,105.96666666666769,544.8333333333333
240,190.38333333333327,180.6166666666669,200.20000000000002,489.40000000000066,174.01666666666674,598.4666666666669
241,171.69999999999993,210.1666666666672,203.46666666666587,430.1000000000001,266.10000000000025,643.4333333333328
242,56.30000000000152,157.16666666666663,128.0000000000001,462.13333333333435,213.73333333333358,743.9999999999998
243,50.10000000000002,111.56666666666789,78.05000000000027,602.9333333333336,461.0,842.2666666666664
244,78.88333333333338,87.06666666666672,118.48333333333338,731.3833333333337,656.9500000000006,552.5333333333326
245,264.76666666666665,165.24999999999991,132.1666666666664,794.2666666666667,698.2333333333332,342.7666666666672
246,267.4333333333333,142.11666666666667,247.73333333333335,974.3333333333335,767.8999999999995,244.16666666666563
247,261.55000000000024,145.8000000000001,251.7,1079.6166666666672,539.3666666666692,107.53333333333225
248,252.03333333333342,147.98333333333363,245.49999999999986,932.5666666666677,429.399999999999,181.5833333333334
249,205.4333333333323,133.4000000000005,322.1666666666671,930.8833333333316,115.99999999999861,393.8500000000007
250,105.56666666666555,80.69999999999996,283.08333333333235,996.4833333333358,354.31666666666626,318.66666666666674
251,85.11666666666665,99.81666666666675,92.98333333333315,906.8666666666661,289.0,473.283333333334
252,145.18333333333314,91.46666666666673,88.51666666666662,1076.5500000000015,281.1999999999998,536.8999999999996
253,221.43333333333322,166.79999999999995,175.51666666666662,943.6000000000018,282.3833333333322,571.2999999999988
254,234.9500000000002,156.85000000000008,172.7166666666665,731.4000000000002,186.4666666666656,425.55000000000206
255,366.70000000000005,378.85000000000105,153.7,624.9500000000007,120.78333333333327,360.56666666666683
256,344.55000000000126,306.9166666666665,169.73333333333318,643.4000000000009,107.89999999999986,278.23333333333386
257,258.1500000000012,263.98333333333255,171.06666666666598,788.5500000000026,160.70000000000016,197.61666666666514
258,232.01666666666608,266.2333333333299,115.14999999999793,883.5666666666664,435.05000000000143,144.0
259,197.71666666666675,180.13333333333208,208.7666666666666,914.1333333333341,417.7000000000005,245.6999999999993
260,388.15000000000134,114.23333333333318,192.5333333333333,955.0666666666668,373.2833333333382,237.93333333333425
261,342.0666666666666,100.29999999999961,184.83333333333655,767.7000000000025,323.48333333333306,260.69999999999794
262,379.1666666666668,116.53333333333325,122.3333333333344,701.2333333333347,314.63333333333543,264.7666666666676
263,352.86666666666673,121.88333333333333,164.49999999999983,530.1000000000023,247.55000000000103,461.533333333334
264,263.06666666666445,169.05000000000035,141.00000000000028,468.98333333333255,226.53333333333404,340.4999999999999
265,216.1333333333335,226.75000000000108,247.43333333333294,702.9000000000012,187.66666666666669,318.88333333333213
266,198.86666666666616,240.2,192.7666666666654,883.1333333333323,639.0,276.3499999999994
267,191.83333333333377,311.0,166.4333333333334,603.6499999999962,753.9999999999982,315.6999999999992
268,172.51666666666705,355.49999999999926,160.86666666666645,589.9166666666633,753.0666666666684,326.3999999999981
269,163.86666666666622,302.5499999999987,83.70000000000249,599.9000000000007,676.9000000000001,402.0666666666648
270,159.1500000000002,305.233333333335,75.93333333333322,901.9833333333366,526.8833333333366,490.0
271,100.00000000000023,295.4999999999998,97.11666666666667,804.3000000000009,620.7666666666714,669.9833333333329
272,91.01666666666677,240.5499999999996,89.46666666666692,617.2833333333348,503.89999999999947,734.7166666666681
273,126.40000000000049,289.70000000000005,72.53333333333319,470.26666666666677,381.41666666667163,650.9499999999958
274,132.03333333333347,278.1499999999998,67.71666666666641,378.5333333333333,358.96666666666556,589.8833333333321
275,167.99999999999955,338.11666666666616,144.8333333333332,549.7500000000055,382.93333333333226,634.2000000000014
276,175.63333333333344,295.81666666666683,190.33333333333343,415.81666666666666,423.9166666666665,503.53333333333507
277,149.5999999999998,334.0500000000004,189.09999999999957,395.3999999999999,432.86666666666827,267.26666666666733
278,93.96666666666573,110.71666666666505,237.88333333333372,705.4333333333329,485.3333333333356,176.43333333333175
279,171.1666666666668,137.25,291.63333333333344,700.6999999999953,396.116666666669,221.1999999999997
280,246.10000000000002,103.43333333333288,249.76666666666637,649.6166666666658,515.1333333333337,230.4333333333339
281,250.81666666666695,42.35000000000031,222.90000000000157,535.7666666666621,606.5000000000006,315.16666666666634
282,329.45000000000016,377.2666666666668,122.5000000000008,516.616666666667,421.23333333333346,306.75000000000017
283,295.0999999999986,282.06666666666854,100.0500000000003,842.9166666666654,277.7166666666684,215.3000000000012
284,251.84999999999968,248.73333333333585,135.58333333333383,892.600000000001,204.53333333333217,78.70000000000016
285,174.86666666666645,308.4833333333333,121.55000000000064,820.1333333333343,182.01666666666654,78.0
286,116.36666666666503,496.0499999999981,104.33333333333269,571.983333333333,90.38333333333168,106.08333333333434
287,70.30000000000007,449.2833333333329,85.6000000000002,544.5000000000041,142.39999999999918,105.80000000000018
288,117.73333333333323,369.13333333333367,83.96666666666658,532.1166666666682,220.4999999999988,339.283333333336
289,123.433333333333,219.5333333333308,87.66666666666629,380.5333333333333,457.0166666666673,481.16666666666674
290,109.81666666666632,258.4666666666667,185.20000000000135,626.2333333333312,560.75,422.3333333333295
291,114.19999999999999,280.21666666666675,66.41666666666617,528.9000000000019,541.8333333333346,276.599999999999
292,116.03333333333325,311.0833333333336,89.89999999999998,445.35000000000093,442.46666666666744,923.3333333333348
293,118.3000000000003,400.6999999999989,78.05000000000001,645.3500000000013,389.53333333333285,809.466666666666
294,83.68333333333345,347.13333333333304,96.68333333333345,769.9333333333313,240.6000000000014,919.5500000000003
295,122.08333333333331,272.30000000000115,72.46666666666636,810.2166666666664,259.0,768.4666666666699
296,182.4000000000009,197.0,51.89999999999998,565.5999999999977,203.4666666666667,622.166666666667
297,206.65000000000026,258.4666666666663,49.633333333333326,527.5833333333348,170.1833333333347,498.7999999999996
298,138.0666666666669,166.78333333333296,79.39999999999998,789.0,80.89999999999998,327.5499999999988
299,112.33333333333303,109.13333333333361,184.9999999999999,930.4500000000002,19.600000000001273,447.0
300,92.48333333333409,110.16666666666703,193.5999999999999,594.9666666666665,317.89999999999986,427.78333333333245
301,148.2333333333337,100.83333333333314,230.06666666666683,663.1333333333328,422.7166666666664,612.3333333333337
302,130.85000000000053,99.31666666666678,200.56666666666706,737.2500000000023,355.1666666666644,501.35000000000065
303,139.0,67.59999999999951,200.9833333333334,751.2499999999984,403.66666666666856,272.64999999999895
304,82.28333333333421,149.55000000000013,366.683333333333,447.9166666666675,150.73333333333233,481.0
305,112.71666666666704,212.03333333333347,280.30000000000103,263.46666666666874,431.3333333333336,599.2000000000019
306,146.78333333333342,218.54999999999956,155.5666666666661,366.0,339.66666666666566,686.5999999999974
307,155.4999999999999,194.383333333334,131.21666666666692,447.33333333333474,311.61666666666395,599.3833333333355
308,223.60000000000014,146.74999999999994,117.90000000000128,659.9166666666647,489.98333333333386,532.1500000000024
309,179.83333333333383,190.89999999999873,37.03333333333302,476.65000000000015,391.9333333333312,307.79999999999654
310,169.0999999999981,141.53333333333342,15.95000000000016,488.5499999999994,208.2666666666678,89.48333333333233
311,102.96666666666613,31.0,92.79999999999995,615.9166666666666,198.26666666666614,100.70000000000061
312,62.33333333333286,46.399999999999864,104.0,521.2833333333342,122.96666666666641,365.15000000000015
313,103.0,151.7333333333338,112.0,702.9333333333325,341.0,365.0
314,209.8666666666672,263.1333333333347,118.89999999999998,744.2000000000012,632.7500000000001,639.6666666666656
315,175.2,198.3499999999999,132.4666666666668,738.649999999999,930.416666666664,672.9833333333328
316,225.03333333333416,261.93333333333334,71.4666666666667,704.6000000000021,945.0000000000009,507.2666666666675
317,155.2999999999996,275.7666666666673,245.4666666666667,760.899999999996,982.6666666666662,244.7833333333353
318,256.2333333333346,284.45000000000124,382.5999999999999,1012.0166666666644,590.0000000000009,339.0
319,182.56666666666672,176.96666666666619,393.7499999999998,1090.4333333333316,401.4333333333329,416.74999999999994
320,269.8666666666668,206.21666666666664,322.2,831.2500000000026,316.466666666667,501.99999999999744
321,255.96666666666653,216.3333333333312,453.8333333333341,550.0166666666667,293.6499999999992,489.68333333333163
322,219.40000000000026,147.08333333333297,348.6666666666657,600.216666666666,213.61666666666787,584.0333333333332
323,171.99999999999966,230.54999999999876,208.50000000000085,539.0999999999972,302.0,507.4833333333345
324,142.79999999999973,171.79999999999995,158.55000000000018,444.9000000000023,477.85000000000286,499.93333333333317
325,191.79999999999905,218.66666666666674,107.81666666666632,592.6999999999978,495.2999999999996,592.1333333333358
326,174.2500000000005,150.11666666666594,50.76666666666665,588.5666666666689,639.733333333335,542.9500000000003
327,256.2833333333334,122.91666666666686,46.41666666666714,856.11666666667,696.0500000000009,543.4000000000024
328,376.0,366.05000000000183,56.766666666666595,728.7000000000007,696.3666666666652,627.0833333333344
329,278.55000000000274,271.7000000000009,53.40000000000009,592.499999999999,711.8833333333288,700.8166666666611
330,162.10000000000286,262.0833333333334,67.0,385.233333333334,835.6499999999987,435.3666666666681
331,111.00000000000023,285.66666666666725,37.466666666667095,558.7333333333318,656.6833333333325,342.78333333333256
332,120.91666666666731,219.80000000000194,38.900000000000375,401.7000000000025,489.1166666666633,404.83333333333337
333,244.16666666666652,175.0666666666669,17.716666666666413,466.0333333333335,314.60000000000207,551.1000000000003
334,288.49999999999966,148.08333333333354,30.53333333333336,455.31666666666734,495.066666666664,446.7000000000021
335,234.9999999999967,147.7333333333334,44.966666666668345,417.96666666666516,432.44999999999686,353.2666666666689
336,201.816666666667,134.1499999999997,67.44999999999965,490.7166666666689,48.56666666666638,313.0
337,339.76666666666677,166.63333333333293,63.66666666666674,477.50000000000017,81.0,328.1166666666633
338,313.8833333333332,155.88333333333293,70.06666666666683,700.0999999999999,143.0,302.4166666666687
339,282.24999999999994,130.09999999999985,71.66666666666652,583.4000000000021,229.36666666666963,248.0
340,165.416666666666,93.10000000000065,112.00000000000011,544.3666666666666,172.0,241.53333333333524
341,86.06666666666672,98.53333333333296,196.41666666666674,618.2499999999991,206.11666666666792,365.0833333333333
342,72.86666666666679,224.78333333333393,213.93333333333317,621.4166666666687,464.0333333333353,557.7000000000003
343,47.150000000000205,173.01666666666682,174.83333333333553,412.4333333333333,376.3000000000011,660.3333333333335
344,41.81666666666638,170.13333333333333,107.34999999999945,663.1999999999998,328.11666666666747,591.5833333333358
345,47.66666666666657,151.03333333333353,100.13333333333378,689.3500000000005,486.26666666666665,616.1333333333341
346,178.3,148.5,95.56666666666644,860.1666666666699,615.9999999999993,605.0
347,217.5166666666663,146.0666666666678,187.49999999999955,1044.0166666666687,754.1833333333311,587.216666666666
348,229.83333333333087,241.38333333333316,190.15000000000003,875.966666666665,805.033333333338,454.0499999999993
349,189.83333333333331,224.2666666666663,198.90000000000038,871.5333333333336,756.1666666666642,460.20000000000334
350,192.8833333333326,327.7499999999999,144.14999999999873,891.8666666666702,763.3166666666671,494.4666666666684
351,155.74999999999898,390.0833333333349,67.86666666666707,804.6499999999995,869.8500000000033,454.8666666666655
352,109.69999999999987,326.31666666666547,105.75000000000097,562.7333333333346,488.9166666666712,340.199999999997
353,96.09999999999997,325.28333333333677,84.00000000000006,488.0499999999989,359.0,602.8166666666693
354,93.41666666666623,203.99999999999875,168.00000000000034,425.74999999999864,357.849999999998,737.6166666666677
355,95.25000000000045,161.03333333333347,153.6666666666673,454.1166666666678,438.5833333333331,655.7500000000025
356,179.3499999999999,169.5999999999999,179.71666666666624,534.6500000000004,335.8000000000002,881.5333333333333
357,172.93333333333317,202.46666666666687,168.23333333333346,684.5333333333294,313.1500000000013,942.8166666666673
358,137.98333333333193,218.3833333333344,140.7499999999999,674.100000000002,349.83333333333263,844.9000000000042
359,57.716666666666356,211.74999999999983,96.69999999999823,568.0833333333396,290.48333333333727,860.0666666666687
360,108.84999999999997,226.4333333333327,57.40000000000026,322.08333333333155,208.06666666666672,960.8833333333334
361,155.6500000000006,203.1333333333331,147.7499999999999,450.0,219.24999999999972,911.000000000001
362,138.16666666666646,192.45000000000016,126.14999999999998,644.1666666666645,366.96666666666624,823.2500000000014
363,124.0999999999998,213.4000000000001,127.0,634.3499999999983,215.7000000000034,786.4000000000063
364,282.1333333333332,141.78333333333137,187.38333333333333,734.5333333333353,192.1666666666659,351.78333333333165
365,336.1000000000002,137.06666666666706,213.0,837.4500000000012,124.83333333333348,429.783333333335
366,392.8666666666692,220.73333333333335,252.2666666666667,826.2666666666688,186.73333333333147,330.56666666666615
367,316.1166666666671,223.86666666666667,256.2666666666661,788.7833333333331,294.3000000000002,300.4499999999995
368,309.1666666666668,373.9500000000004,218.90000000000003,608.8333333333338,422.0,172.68333333333362
369,343.48333333333323,354.8333333333333,199.73333333333494,880.4666666666672,592.0,243.4833333333351
370,270.10000000000025,340.7666666666676,190.43333333333334,1023.5666666666671,585.2666666666687,295.9333333333353
371,243.316666666667,259.88333333333276,123.0666666666666,1243.333333333334,546.2166666666682,333.63333333333316
372,221.88333333333355,97.90000000000339,101.21666666666647,1126.033333333335,433.91666666666896,460.28333333333325
373,270.1000000000001,48.98333333333329,78.53333333333285,1047.3500000000058,341.0500000000025,464.6333333333333
374,237.43333333333334,73.33333333333314,85.36666666666656,561.1666666666692,334.0833333333324,442.7166666666665
375,168.44999999999925,82.11666666666662,66.00000000000045,287.51666666666466,414.0,614.68333333333
376,149.6333333333332,94.69999999999953,69.48333333333318,191.08333333333235,409.683333333334,442.70000000000095
377,188.6333333333336,76.99999999999994,153.83333333333314,161.3000000000003,416.74999999999847,428.94999999999925
378,120.08333333333343,88.20000000000005,197.1333333333331,240.49999999999903,425.3833333333312,366.21666666666675
379,77.40000000000072,87.5666666666666,187.13333333333327,502.3166666666664,443.6000000000007,287.78333333333654
380,107.73333333333352,127.23333333333164,190.9166666666663,931.5833333333329,459.166666666667,349.56666666666683
381,166.08333333333303,146.21666666666664,248.5833333333332,854.8166666666668,429.68333333333385,339.91666666666606
382,93.98333333333278,124.20000000000022,266.5166666666664,1381.1166666666666,271.6833333333344,475.0666666666667
383,91.2833333333333,104.3333333333328,343.65,1411.333333333336,260.4833333333342,775.9999999999991
384,95.13333333333338,86.65000000000015,322.91666666666634,1344.9666666666715,131.14999999999998,701.4666666666678
385,102.66666666666663,53.61666666666679,345.86666666666656,1111.1999999999962,82.6666666666668,666.5999999999993
386,80.91666666666686,24.250000000000227,329.3999999999996,839.0666666666668,313.0,639.3333333333326
387,125.56666666666723,33.31666666666649,233.43333333333408,964.649999999999,480.5833333333325,368.51666666666574
388,171.35000000000076,33.166666666666686,150.0,1191.433333333333,511.33333333333275,272.7833333333347
389,92.29999999999956,77.10000000000025,90.79999999999859,877.533333333334,481.9166666666664,415.5333333333333
390,157.23333333333335,67.6666666666664,81.41666666666703,958.0000000000011,453.5666666666667,408.8666666666663
391,160.76666666666705,76.36666666666656,75.69999999999987,1025.8166666666675,404.94999999999783,512.8000000000002
392,80.13333333333145,62.783333333333815,66.59999999999991,1012.700000000001,376.0166666666676,634.4999999999984
393,110.1833333333334,54.69999999999976,59.983333333333576,1007.0166666666616,558.6166666666659,545.3166666666663
394,112.0,55.61666666666673,42.0333333333333,907.9833333333348,521.0,965.3166666666659
395,106.28333333333302,44.90000000000043,105.21666666666698,672.9000000000028,394.6999999999986,965.2999999999984
396,94.84999999999991,42.750000000000114,34.43333333333328,238.25000000000182,478.7333333333355,839.933333333333
397,85.98333333333329,97.40000000000009,19.050000000000068,180.11666666666667,321.7000000000006,809.5000000000007
398,106.30000000000007,78.63333333333333,54.016666666666595,207.0,453.8499999999991,719.0000000000014
399,109.11666666666702,77.86666666666667,52.39999999999975,319.4833333333347,535.9999999999984,665.8999999999991
400,114.33333333333275,76.16666666666652,61.86666666666645,592.7333333333321,595.0,549.7833333333302
401,99.48333333333335,58.14999999999992,78.63333333333333,517.8500000000035,378.1833333333276,544.8000000000021
402,126.55000000000024,75.05000000000035,168.5333333333333,489.0,326.5,720.1999999999987
403,106.19999999999982,42.81666666666678,184.69999999999982,890.8999999999996,332.33333333333394,713.6166666666668
404,112.40000000000009,48.41666666666663,361.4166666666666,792.5999999999993,256.2833333333329,703.7999999999988
405,137.89999999999998,92.91666666666691,363.18333333333356,798.850000000001,461.7333333333329,574.7666666666669
406,149.81666666666626,106.86666666666667,225.3166666666648,974.1999999999985,419.5833333333348,515.7833333333346
407,215.91666666666742,184.10000000000036,235.60000000000014,664.2499999999981,419.49999999999613,477.1000000000008
408,147.73333333333545,324.2666666666663,329.6833333333335,832.8833333333339,312.8000000000002,328.8666666666642
409,145.26666666666665,258.6166666666658,361.7000000000012,823.0333333333313,465.5499999999998,472.0
410,196.81666666666644,245.35000000000042,330.03333333333484,629.599999999996,415.80000000000103,541.9000000000017
411,258.49999999999983,250.83333333333695,231.31666666666655,604.7166666666703,456.8999999999995,596.5666666666652
412,265.4666666666667,201.2500000000004,205.33333333333331,518.3666666666664,512.4333333333336,402.88333333333503
413,195.01666666666495,165.78333333333313,197.28333333333347,707.6500000000002,544.9999999999994,489.4000000000028
414,162.34999999999945,146.01666666666654,260.90000000000094,1157.4666666666656,627.0833333333303,401.44999999999993
415,148.44999999999845,150.0500000000004,192.53333333333399,952.0,470.76666666666574,380.1999999999985
416,114.28333333333319,164.38333333333372,133.88333333333333,836.4333333333346,493.58333333332985,478.2999999999993
417,140.25000000000006,124.23333333333352,159.18333333333356,847.0833333333331,448.69999999999936,523.3999999999982
418,159.81666666666592,120.56666666666683,137.86666666666622,582.7999999999957,454.08333333333337,540.1166666666661
419,182.73333333333318,182.99999999999983,126.58333333333508,676.8000000000014,216.4833333333337,484.64999999999816
420,162.6500000000002,145.3333333333341,71.28333333333296,647.566666666665,210.93333333333237,446.8166666666657
421,199.56666666666717,54.89999999999998,128.19999999999993,791.9999999999998,360.00000000000006,289.4333333333328
422,210.91666666666697,67.24999999999977,207.44999999999874,1013.1666666666667,300.84999999999985,373.1333333333341
423,249.28333333333273,70.08333333333377,130.3499999999998,1138.383333333333,323.29999999999916,465.08333333333337
424,226.13333333333367,97.53333333333342,276.56666666666695,956.4166666666636,371.583333333329,579.600000000001
425,143.56666666666803,187.9333333333335,227.05000000000018,551.4666666666639,454.199999999998,639.3333333333328
426,113.56666666666683,223.55000000000024,186.3999999999998,688.4666666666672,415.9833333333284,565.5999999999997
427,144.93333333333288,361.08333333333326,184.10000000000025,784.0999999999971,138.56666666666558,438.5333333333297
428,166.36666666666667,231.4166666666694,122.89999999999861,846.0333333333326,74.25000000000006,590.6499999999999
429,167.03333333333302,129.25000000000045,91.0,1120.8166666666677,80.28333333333325,694.633333333333
430,112.9000000000002,117.90000000000032,111.18333333333351,1213.4333333333363,476.1166666666655,535.4499999999954
431,129.75,135.28333333333313,89.03333333333325,1268.9333333333334,460.2999999999996,321.500000000001
432,117.2333333333338,133.78333333333347,63.2000000000005,1093.7500000000016,570.1000000000005,574.9499999999996
433,121.36666666666656,80.81666666666666,301.4333333333334,585.1833333333359,476.1333333333313,681.8666666666677
434,242.7000000000001,45.36666666666696,322.4333333333328,691.5333333333344,479.3999999999959,738.3000000000022
435,520.5666666666662,49.86666666666656,330.9333333333337,488.1500000000001,576.0999999999977,585.0166666666648
436,487.23333333333335,137.7,265.3000000000013,371.24999999999915,362.10000000000343,525.6333333333346
437,566.8166666666667,154.9000000000001,305.9999999999992,486.61666666666883,164.40000000000134,521.766666666667
438,618.866666666667,174.9999999999999,162.6666666666668,348.78333333333063,260.1333333333315,520.6999999999992
439,470.216666666667,99.23333333333198,159.65000000000032,470.4999999999994,311.6000000000001,393.1333333333362
440,380.4166666666681,82.0,133.73333333333312,618.25,425.4333333333323,573.4000000000021
441,259.68333333333237,120.48333333333329,75.66666666666731,770.6999999999948,534.0,519.9500000000006
442,260.8166666666669,74.05000000000052,33.0333333333333,679.9166666666649,554.483333333337,593.1166666666654
443,337.18333333333305,59.41666666666674,45.26666666666665,688.2833333333333,461.0999999999976,389.8499999999977
444,236.19999999999789,59.683333333333564,82.54999999999984,709.166666666667,433.6833333333332,494.16666666666487
445,218.66666666666669,60.4166666666668,77.89999999999975,1072.333333333335,393.6500000000009,579.9333333333346
446,233.616666666666,59.149999999999636,94.33333333333314,947.3833333333371,281.8833333333349,663.5166666666694
447,293.783333333333,64.19999999999959,104.63333333333344,981.0333333333357,398.58333333333195,766.7833333333334
448,269.93333333333425,77.66666666666714,90.00000000000045,642.216666666663,432.69999999999965,629.4166666666677
449,363.2333333333334,207.36666666666804,55.75000000000006,553.6499999999991,414.5500000000003,601.9500000000014
450,371.11666666666684,201.0000000000001,37.700000000000045,402.19999999999885,424.6666666666663,604.3500000000015
451,336.25000000000307,331.49999999999994,44.349999999999795,347.1833333333373,406.2500000000023,561.9333333333337
452,186.60000000000082,346.26666666666677,38.399999999999636,435.4833333333326,442.14999999999975,486.84999999999746
453,315.4000000000001,398.20000000000005,115.20000000000005,311.8666666666622,540.2166666666672,589.8333333333318
454,322.14999999999986,331.21666666666636,152.0,364.0,387.5166666666693,422.8500000000039
455,292.88333333333264,191.54999999999905,185.48333333333335,644.5333333333294,439.44999999999993,337.7999999999983
456,193.6666666666634,216.8000000000003,174.69999999999987,609.883333333333,345.6333333333313,428.0833333333343
457,200.96666666666664,182.3166666666661,166.83333333333326,601.5666666666682,201.9333333333327,468.16666666666566
458,162.3000000000003,188.83333333333331,121.89999999999924,419.08333333333235,149.8000000000003,329.3666666666705
459,157.76666666666694,155.45000000000255,97.91666666666663,569.6833333333323,306.3333333333329,261.3000000000011
460,160.78333333333376,93.06666666666683,54.75,638.416666666669,390.13333333333424,300.2000000000002
461,110.69999999999823,74.01666666666586,55.54999999999984,587.6666666666667,371.13333333333503,324.24999999999966
462,97.26666666666665,49.83333333333371,98.54999999999944,820.8166666666683,317.8666666666677,315.3166666666666
463,139.46666666666658,36.416666666666686,43.38333333333321,594.0833333333319,256.7666666666655,399.3166666666667
464,127.23333333333301,42.249999999999716,21.816666666666833,614.8499999999988,300.61666666666935,433.5500000000037
465,110.49999999999983,35.716666666666356,17.83333333333337,802.0833333333328,184.2999999999999,540.7666666666659
466,102.76666666666648,45.88333333333338,14.649999999999864,957.6333333333345,169.85000000000275,530.7166666666687
467,250.19999999999914,146.23333333333323,13.0,760.9000000000003,80.33333333333292,588.8833333333314
468,147.900000000003,308.9999999999996,50.0,728.75,111.50000000000011,527.7666666666652
469,134.56666666666655,240.166666666666,68.20000000000005,1122.9666666666667,164.7666666666666,436.016666666666
470,148.63333333333344,274.9333333333334,84.64999999999992,1175.9666666666674,157.3333333333332,340.51666666666887
471,130.0333333333332,305.91666666666686,215.63333333333333,1099.9666666666647,401.7666666666634,328.53333333333296
472,122.66666666666674,196.98333333333233,207.1166666666668,958.3500000000035,478.83333333333326,497.0833333333315
473,85.80000000000052,135.91666666666606,124.20000000000095,636.1000000000035,412.3833333333334,590.2000000000023
474,84.96666666666613,231.9833333333338,83.09999999999968,511.3166666666692,683.6333333333336,527.333333333334
475,158.63333333333293,223.46666666666704,84.34999999999991,395.85000000000326,571.5333333333298,618.9999999999995
476,98.03333333333455,218.7500000000004,249.15000000000032,568.8166666666665,443.74999999999847,709.5499999999995
477,62.0,399.6166666666671,232.66666666666634,439.7166666666646,527.6666666666656,734.4166666666652
478,61.38333333333338,275.36666666666804,291.3000000000002,366.61666666666616,452.20000000000283,528.9833333333332
479,79.73333333333312,196.16666666666652,311.3166666666665,442.76666666666483,546.5,317.9333333333316
480,107.48333333333284,249.96666666666647,255.55000000000194,644.9666666666644,490.1499999999994,440.63333333333264
481,102.98333333333363,327.20000000000016,156.75000000000017,701.2833333333317,553.8666666666668,528.2166666666653
482,73.08333333333366,286.44999999999993,118.91666666666748,844.5000000000006,490.6833333333343,457.3333333333333
483,51.5833333333332,266.3500000000006,86.83333333333405,988.1500000000001,421.66666666666686,365.366666666668
484,225.90000000000032,240.9333333333334,348.66666666666697,933.6166666666686,354.4166666666644,658.0166666666662
485,216.899999999999,155.66666666666754,207.10000000000463,606.1166666666668,491.8166666666664,562.9999999999986
486,127.95000000000016,147.4500000000001,295.1333333333333,514.2999999999962,427.0166666666633,835.1500000000018
487,126.49999999999983,148.63333333333327,403.21666666666664,502.0,283.2666666666678,889.049999999997
488,106.21666666666698,238.75000000000006,396.11666666666764,328.9666666666711,192.8666666666661,905.0
489,87.53333333333353,245.09999999999957,323.6999999999991,306.7333333333333,387.5999999999975,730.1499999999977
490,51.80000000000024,213.93333333333362,275.9333333333337,570.1500000000001,592.7666666666667,560.8166666666666
491,47.16666666666646,202.91666666666669,283.5,559.1666666666681,733.3500000000007,638.450000000001
492,46.000000000000114,268.45000000000135,149.76666666666722,742.8166666666697,663.5166666666655,347.73333333333653
493,32.03333333333313,325.24999999999693,147.300000000002,552.3833333333332,767.0166666666669,308.083333333334
494,77.69999999999987,214.20000000000022,105.78333333333347,405.84999999999917,775.3833333333313,417.8333333333317
495,186.76666666666665,276.19999999999965,97.99999999999983,373.76666666666347,602.0999999999992,248.28333333333097
496,211.13333333333344,290.01666666666677,236.03333333333296,353.74999999999955,453.13333333333185,237.5999999999999
497,255.46666666666647,192.7666666666678,216.4999999999999,597.5,372.26666666666773,251.53333333333404
498,209.74999999999972,85.51666666666642,194.3166666666665,486.1166666666625,446.4500000000005,302.0
499,250.48333333333198,84.58333333333331,298.5499999999996,406.89999999999895,379.2166666666656,462.01666666666875
500,175.7666666666662,206.36666666666696,212.31666666666712,503.29999999999984,451.25,260.79999999999893
501,312.0166666666663,203.73333333333375,164.0,271.76666666666586,339.26666666666773,612.3000000000009
502,257.16666666666697,180.0499999999999,177.08333333333326,281.86666666666673,222.09999999999906,517.2999999999993
503,260.9166666666667,70.7666666666666,202.25000000000006,656.3500000000009,232.05000000000018,669.0333333333356
504,272.18333333333305,95.10000000000002,195.3499999999995,578.450000000002,141.53333333333268,640.8999999999996
505,297.5833333333336,195.56666666666683,90.68333333333067,648.3333333333343,341.0,663.0
506,161.94999999999686,222.18333333333305,68.44999999999987,746.0,644.4333333333328,560.7666666666661
507,100.61666666666616,240.84999999999985,70.35000000000002,997.9000000000008,708.0166666666687,517.2166666666653
508,206.74999999999966,302.79999999999893,53.43333333333294,816.1166666666637,732.5333333333315,479.63333333333395
509,248.53333333333336,263.4833333333322,40.5333333333333,855.2666666666635,673.1666666666681,578.3666666666646
510,272.2000000000006,207.71666666666556,87.11666666666594,841.7666666666661,599.9666666666633,532.2500000000019
511,216.33333333333604,100.05000000000138,118.94999999999993,712.3333333333326,428.516666666669,329.56666666666774
512,200.58333333333428,153.95000000000016,97.61666666666747,734.5500000000035,460.80000000000007,611.0
513,138.3666666666702,138.39999999999907,66.61666666666713,663.7666666666655,352.89999999999554,564.6999999999971
514,192.91666666666538,153.64999999999986,87.36666666666633,602.8333333333312,255.600000000004,273.2333333333322
515,152.6333333333339,160.48333333333392,57.0,733.1999999999989,440.6666666666679,230.79999999999723
516,79.4166666666656,106.98333333333335,75.2499999999992,615.3333333333362,378.29999999999495,255.50000000000455
517,207.76666666666665,114.45000000000005,75.2333333333338,352.53333333332876,316.4166666666706,322.0500000000002
518,261.63333333333355,122.8333333333336,70.33333333333326,368.2666666666652,87.9333333333318,371.8333333333411
519,285.79999999999745,192.33333333333394,193.43333333333248,275.0,318.0,325.9999999999991
520,206.61666666666656,165.7666666666696,215.84999999999968,288.3500000000025,415.83333333333303,519.4666666666666
521,249.23333333333244,243.20000000000027,184.55000000000098,268.5833333333335,583.4166666666687,469.1666666666614
522,421.6333333333333,273.81666666666695,166.40000000000032,532.5000000000013,581.0999999999997,490.6333333333316
523,248.78333333333433,244.26666666666677,43.80000000000064,574.400000000001,381.4499999999995,565.0
524,151.7666666666704,196.16666666666765,146.04999999999995,587.6833333333324,340.5499999999997,498.7000000000031
525,108.91666666666595,276.0833333333338,226.1333333333331,581.5666666666597,375.03333333333285,492.24999999999716
526,179.49999999999966,328.79999999999893,281.31666666666445,532.9999999999994,458.10000000000616,348.58333333333314
527,229.81666666666263,319.7833333333366,291.40000000000043,453.8666666666596,421.6500000000034,401.36666666666736
528,274.53333333333376,265.6999999999995,284.08333333333326,431.68333333333203,266.6166666666617,382.4833333333323
529,213.9166666666631,150.7833333333391,271.9000000000009,682.3166666666646,335.983333333333,266.0
530,158.39999999999964,124.0,293.2833333333301,805.9499999999987,306.91666666666686,273.8666666666668
531,156.79999999999973,124.31666666666717,233.766666666663,1086.1166666666682,567.6333333333237,323.1666666666756
532,72.60000000000332,120.63333333333276,174.366666666666,995.1333333333406,428.7500000000007,194.1999999999997
533,141.1000000000006,109.28333333333353,294.9000000000001,775.9666666666677,228.69999999999527,306.8000000000002
534,224.73333333333312,146.76666666666802,274.55000000000655,833.6500000000058,169.51666666666836,475.9500000000005
535,394.45000000000016,145.166666666668,329.9666666666685,538.01666666667,318.300000000002,461.0166666666669
536,403.6500000000028,203.4833333333346,213.55000000000064,438.3166666666639,292.7000000000097,388.8333333333318
537,264.36666666666736,191.59999999999968,266.4333333333335,326.41666666666765,181.33333333333258,482.2333333333371
538,219.9833333333338,151.51666666666608,188.08333333333462,430.7666666666653,292.2000000000007,546.8333333333371
539,207.71666666666647,251.9666666666667,279.9333333333335,679.2833333333302,499.8666666666684,320.35000000000423
540,112.10000000000116,346.5333333333318,247.86666666666872,432.51666666667916,407.7500000000042,446.93333333333317
541,71.83333333333303,312.06666666666786,275.1499999999978,221.26666666667165,441.0500000000004,546.349999999994
542,74.99999999999943,248.88333333332832,273.54999999999995,165.48333333333323,551.1333333333395,423.0
543,73.38333333333344,106.73333333333585,434.7000000000023,545.4166666666667,572.6833333333348,602.1999999999947
544,70.9166666666664,58.21666666666704,340.6000000000022,520.666666666667,766.733333333334,713.933333333334
545,90.69999999999993,45.65000000000066,263.4333333333336,544.833333333332,968.5333333333332,774.5499999999956
546,94.01666666666677,40.2999999999995,286.81666666666536,598.0833333333339,975.4500000000072,693.1999999999983
547,112.96666666666806,39.86666666666679,179.1333333333332,776.3333333333335,973.5833333333335,497.93333333333214
548,141.20000000000073,42.900000000000546,106.13333333333173,841.5000000000016,1008.4499999999986,355.883333333324
549,88.88333333333412,91.79999999999973,168.0833333333336,517.7000000000087,951.6833333333386,272.0666666666609
550,81.38333333333355,96.04999999999939,180.0,646.2999999999973,1008.2666666666686,162.6000000000031
551,167.25000000000057,91.73333333333335,105.56666666666547,604.7166666666691,780.000000000006,245.0
552,154.1999999999997,69.70000000000005,77.3833333333339,512.3999999999896,476.35000000000457,333.9666666666635
553,253.39999999999975,118.88333333333344,62.633333333334235,710.0,296.05000000000075,562.0
554,233.5999999999998,107.11666666666645,23.066666666666833,792.6333333333309,338.21666666667215,572.7833333333388
555,191.86666666666497,152.7833333333332,129.70000000000664,761.9666666666651,299.64999999999816,686.0500000000003
556,174.51666666666642,229.16666666666742,35.0,685.599999999998,525.0,929.4166666666733
557,175.43333333333317,207.05000000000064,116.51666666666608,450.649999999996,493.00000000000466,909.8666666666704
558,218.86666666666656,120.71666666666681,127.0,441.5166666666637,480.35,737.4666666666711
559,244.13333333332764,144.54999999999893,154.63333333333367,367.01666666666085,369.5333333333334,655.116666666663
560,133.95000000000005,136.78333333333194,233.3666666666669,309.6666666666647,305.0333333333315,701.5000000000008
561,105.58333333333348,85.33333333333326,270.6000000000014,266.76666666666677,596.7499999999958,561.1666666666641
562,206.40000000000123,99.98333333333278,205.36666666666633,393.10000000000343,431.43333333333226,366.7999999999953
563,228.33333333333826,144.53333333333296,184.116666666666,630.4166666666663,400.43333333333226,271.1833333333336
564,100.86666666666827,51.63333333333435,231.1666666666673,667.2833333333294,411.0,256.350000000003
565,158.08333333333326,42.8333333333336,197.8833333333339,962.0000000000005,493.8666666666684,442.85000000000343
566,280.38333333333287,59.84999999999934,227.11666666666724,1045.5499999999986,391.00000000000193,393.0
567,278.6666666666657,44.16666666666663,201.2166666666668,1155.9500000000023,295.0666666666723,346.59999999999843
568,340.4500000000065,87.0,164.30000000000257,832.1833333333385,315.61666666666406,271.73333333332914
569,244.64999999999998,122.31666666666649,68.83333333333314,668.7333333333336,194.6499999999926,184.93333333333157
570,245.9666666666717,144.63333333333276,149.4666666666668,814.9166666666715,59.000000000000796,125.00000000000023
571,199.88333333333264,110.61666666666724,297.9999999999999,653.816666666677,313.53333333333455,241.36666666666724
572,292.4000000000002,93.13333333333401,192.33333333333087,556.6333333333282,501.999999999994,261.4999999999999
573,315.71666666666624,105.49999999999966,172.79999999999973,590.9833333333329,742.0,380.7333333333345
574,377.7999999999987,101.00000000000023,153.23333333333392,609.8999999999983,708.1999999999991,402.7166666666659
575,403.2499999999976,264.89999999999964,109.38333333333435,757.0333333333324,657.800000000001,436.2499999999983
576,374.8666666666634,310.8000000000011,65.0,654.0,595.4333333333313,448.9666666666668
577,353.2666666666652,289.7000000000006,62.28333333333376,660.6333333333282,387.9000000000042,519.9166666666673
578,296.51666666666745,268.6499999999995,75.66666666666674,412.149999999995,258.30000000000155,404.3666666666677
579,228.86666666666952,269.5833333333336,65.53333333333421,288.4666666666651,238.2999999999979,654.1500000000004
580,167.06666666666672,266.36666666666713,172.36666666666656,195.0,324.9000000000002,371.2833333333376
581,175.91666666666674,138.59999999999684,179.9666666666658,192.46666666666488,268.59999999999764,490.15000000000384
582,268.16666666666686,214.00000000000034,175.45000000000016,272.1666666666687,201.53333333334024,453.233333333333
583,205.00000000000114,222.36666666666724,186.43333333333248,372.0,218.76666666666574,325.3333333333295
584,185.16666666666754,203.06666666666524,202.01666666666654,352.816666666659,210.93333333333567,300.83333333333326
585,147.36666666666758,174.74999999999466,211.66666666666606,379.7333333333323,231.16666666666674,212.5
586,138.18333333333374,72.86666666666645,121.18333333332998,400.03333333333273,380.0,434.71666666666704
587,82.36666666666838,50.549999999999955,168.3833333333331,322.0,380.90000000000373,428.5999999999974
588,117.65000000000111,47.01666666666665,199.06666666666274,808.5833333333296,246.79999999999586,542.7166666666674
589,94.28333333333342,48.83333333333326,199.3333333333327,955.9333333333334,182.7000000000005,484.0166666666644
590,87.8333333333328,180.8666666666669,218.14999999999975,930.2833333333327,115.0,494.9333333333302
591,78.44999999999959,154.5999999999999,305.1666666666664,900.2999999999981,132.0,315.99999999999727
592,82.08333333333337,120.36666666666724,304.10000000000014,738.1166666666722,381.16666666666424,336.7999999999985
593,98.98333333333323,231.56666666666638,195.0000000000001,569.3499999999968,462.9166666666698,382.23333333333267
594,96.11666666666702,218.7166666666668,302.0999999999999,487.41666666666913,591.0666666666637,416.34999999999957
595,191.69999999999982,195.51666666666733,352.0,522.6666666666724,652.0833333333288,379.79999999999234
596,206.40000000000214,158.6833333333385,520.3833333333355,588.483333333335,603.1166666666658,383.5499999999986
597,215.5833333333328,152.61666666666633,421.21666666666977,487.6999999999987,453.25000000000136,536.8333333333374
598,197.21666666666601,281.4166666666714,437.5666666666649,668.3999999999951,291.8166666666617,346.6000000000025
599,177.3833333333331,178.41666666666697,314.33333333333417,922.8666666666695,235.0,373.46666666666715
600,257.60000000000196,163.9000000000002,294.1833333333394,844.9333333333377,217.73333333333312,625.7166666666667
601,187.8666666666677,173.5999999999998,204.18333333333317,869.5000000000036,361.4166666666706,676.5166666666676
602,162.45000000000255,214.33333333333348,171.56666666666194,660.3499999999947,329.90000000000214,403.20000000000573
603,180.41666666666663,186.28333333333683,203.78333333333399,905.5333333333356,581.8500000000001,350.1999999999939
604,171.09999999999968,190.3333333333344,103.36666666666463,862.6166666666729,568.5000000000015,415.7333333333336
605,182.51666666666597,253.45000000000027,61.90000000000066,677.3833333333366,706.8500000000022,537.283333333341
606,155.88333333333685,244.53333333333535,56.16666666666674,876.0,629.5666666666671,599.3333333333359
607,151.38333333333435,236.83333333333235,65.15000000000032,845.1166666666709,507.2333333333372,375.65000000000566
608,158.6166666666669,240.16666666666708,58.40000000000009,1028.4666666666585,470.75,294.9500000000014
609,245.21666666666658,199.54999999999916,81.31666666666672,832.5833333333361,514.4499999999954,240.23333333333483
610,235.08333333333303,320.0666666666692,74.3500000000015,847.6166666666635,356.41666666666913,510.2999999999972
611,250.38333333333674,208.08333333333394,149.7499999999999,708.9000000000024,397.0,779.8333333333354
612,179.3833333333331,261.5499999999997,243.30000000000007,726.1499999999963,614.6833333333325,831.4000000000001
613,125.25000000000057,277.89999999999714,242.39999999999986,480.1999999999912,715.1666666666683,867.4500000000087
614,81.81666666666626,160.66666666666606,173.04999999999643,559.2500000000028,816.0,745.0333333333435
615,51.0166666666662,133.26666666666654,108.60000000000241,558.2666666666653,771.9666666666627,675.8833333333332
616,57.78333333333319,133.19999999999754,82.23333333333335,686.1000000000048,572.7999999999984,556.1666666666626
617,73.89999999999998,105.2166666666667,152.3333333333336,438.466666666671,478.650000000001,461.39999999999793
618,60.633333333333894,192.33333333333348,146.46666666666601,688.9166666666674,324.1999999999998,400.0999999999973
619,161.36666666666667,133.2999999999953,143.18333333333374,604.0000000000005,339.1833333333342,351.7166666666667
620,158.8333333333345,94.88333333333378,194.20000000000027,676.5,327.31666666666354,287.4166666666662
621,286.88333333333276,264.46666666666715,188.53333333333376,582.1000000000032,268.56666666666797,207.166666666668
622,245.71666666666772,243.3166666666657,291.5333333333333,600.0333333333322,370.84999999999604,367.33333333333246
623,165.33333333333314,238.09999999999968,221.90000000000282,463.41666666666583,576.633333333333,388.71666666666135
624,256.15000000000487,144.81666666667047,199.61666666666667,608.0,673.4166666666589,381.7999999999995
625,77.98333333333312,200.81666666666604,165.56666666666615,607.1833333333327,797.316666666673,404.65000000000055
626,54.99999999999977,189.4500000000039,238.40000000000043,570.6333333333297,678.5000000000014,481.1666666666654
627,225.73333333333335,122.78333333333455,135.0666666666641,424.9833333333339,777.649999999992,704.8666666666697
628,287.21666666666783,101.69999999999914,146.0,347.3666666666668,740.3833333333314,633.9499999999881
629,199.90000000000305,53.29999999999973,176.91666666666663,436.000000000006,644.9000000000035,552.7999999999997
630,133.58333333333144,65.88333333333355,155.6166666666718,581.9333333333276,285.59999999999377,380.1999999999963
631,114.73333333333426,229.3833333333332,191.64999999999975,464.6000000000006,249.25000000000023,442.3666666666668
632,114.49999999999989,339.7166666666625,214.6833333333335,424.1999999999989,391.59999999999604,353.28333333333
633,185.93333333333305,267.06666666666706,233.11666666666747,424.23333333333414,431.683333333331,646.8333333333376
634,236.13333333333355,229.81666666666615,180.6999999999996,791.1333333333296,538.716666666667,509.8500000000025
635,431.16666666666583,206.81666666666626,142.26666666666733,566.450000000001,623.6000000000017,811.0
636,384.15,286.9333333333327,98.0666666666657,698.1833333333358,488.26666666666654,629.7833333333448
637,224.4499999999997,175.13333333333355,154.1666666666664,993.0166666666602,347.58333333332666,276.08333333333894
638,205.8333333333311,218.98333333333346,172.68333333333305,757.1333333333307,289.0833333333353,331.1000000000008
639,72.19999999999652,232.40000000000032,263.3000000000003,901.3500000000067,273.0833333333344,349.16666666666674
640,73.56666666666604,227.65000000000134,372.816666666669,715.33333333334,241.38333333333594,423.649999999996
641,83.73333333333312,250.19999999999914,340.4833333333329,516.5833333333279,311.9000000000003,306.8666666666668
642,194.19999999999982,249.8000000000011,255.45000000000232,462.5000000000018,329.2666666666695,350.0833333333327
643,196.93333333333317,126.68333333333646,215.58333333333167,296.09999999999843,213.18333333333567,288.9666666666666
644,233.7333333333329,133.91666666666742,145.48333333333323,248.24999999999932,176.15000000000043,347.83333333332916
645,207.20000000000255,81.29999999999995,200.70000000000152,573.3333333333333,228.0166666666637,252.11666666666918
646,156.2166666666667,87.08333333333314,158.46666666666715,497.10000000000286,323.6999999999996,332.03333333333455
647,145.36666666666667,143.53333333333467,247.94999999999936,535.6000000000045,340.0166666666712,251.05000000000098
648,170.5833333333344,101.24999999999989,132.66666666666686,469.6833333333367,485.41666666666924,135.7499999999958
649,101.58333333333348,98.50000000000011,146.90000000000032,390.6666666666614,474.6999999999987,335.6166666666659
650,74.6333333333331,93.9500000000013,150.00000000000023,448.86666666666054,416.75000000000034,309.30000000000064
651,84.95000000000016,87.29999999999995,204.9833333333322,706.6999999999975,497.99999999999955,319.0
652,307.10000000000036,44.916666666669016,132.04999999999632,803.7333333333307,467.2666666666653,573.7999999999998
653,294.06666666666456,134.56666666666683,129.93333333333385,629.7166666666701,362.40000000000316,546.9666666666695
654,205.7500000000009,257.7333333333331,112.25000000000045,683.3000000000068,389.9333333333325,531.7999999999975
655,296.7666666666672,251.73333333333244,52.69999999999982,802.3333333333372,675.0333333333316,506.2500000000024
656,272.2666666666678,239.5,222.1500000000001,800.7166666666621,531.2333333333297,469.6500000000001
657,203.40000000000236,194.1833333333309,176.2833333333325,822.683333333331,434.3499999999975,404.6999999999923
658,249.16666666666708,122.99999999999898,173.06666666666683,733.5333333333338,388.0,110.68333333333669
659,265.2500000000026,100.10000000000082,147.79999999999814,936.6666666666677,476.61666666666326,33.05000000000018
660,153.1500000000043,97.61666666666554,373.7166666666677,745.9666666666561,387.5333333333367,286.95000000000414
661,165.516666666667,91.16666666666663,384.0,692.5999999999975,325.8333333333371,274.20000000000573
662,154.5333333333332,115.81666666666547,444.19999999999743,687.1333333333378,319.2833333333334,232.58333333333326
663,189.99999999999977,182.3833333333332,367.2833333333341,740.7499999999972,347.2333333333328,367.21666666666295
664,159.1499999999969,143.6166666666661,347.2999999999994,820.183333333337,230.31666666666843,438.0
665,118.78333333333501,134.2500000000001,342.8666666666695,765.5666666666674,69.83333333333826,702.7333333333299
666,112.08333333333223,155.29999999999927,198.20000000000584,678.5833333333333,116.60000000000025,772.400000000002
667,105.69999999999982,175.3666666666685,47.3833333333331,727.766666666672,126.43333333333408,692.616666666666
668,152.0,137.8000000000012,22.39999999999975,665.2833333333277,121.91666666666595,503.849999999995
669,141.11666666666667,109.91666666666674,41.2833333333333,562.2166666666653,310.6666666666606,508.666666666664
670,83.29999999999995,123.60000000000014,32.10000000000002,422.049999999996,454.55000000000246,322.96666666666954
671,168.08333333333246,206.50000000000125,37.0,387.3000000000027,628.3000000000027,363.8166666666697
672,144.66666666666697,203.90000000000214,57.36666666666633,518.0499999999902,540.3999999999972,467.63333333333514
673,134.69999999999857,281.99999999999784,79.11666666666599,392.13333333333264,467.60000000000605,393.13333333333276
674,129.19999999999993,283.9500000000045,61.31666666666695,594.3166666666671,599.3166666666657,555.1166666666668
675,191.3000000000028,250.9000000000001,93.24999999999989,759.8666666666636,587.4999999999992,419.46666666666306
676,176.83333333333042,248.15000000000032,136.0,654.083333333343,613.0166666666697,408.36666666666974
677,152.21666666666624,261.0666666666682,149.63333333333298,579.1166666666618,322.0000000000009,155.55000000000302
678,161.7500000000008,235.01666666666358,236.6333333333339,680.7000000000041,312.24999999999875,137.75
679,164.33333333333326,266.1666666666662,199.46666666666704,482.2000000000023,518.7999999999998,412.3333333333277
680,250.43333333333544,262.10000000000014,200.2499999999999,588.0,332.75,433.6833333333311
681,235.79999999999905,441.0666666666614,125.9000000000052,708.0666666666666,572.4499999999995,428.0
682,199.79999999999984,338.3833333333316,33.016666666666765,720.4666666666676,460.5166666666702,572.4499999999923
683,189.11666666666702,173.08333333333178,22.4833333333346,798.0333333333331,504.6666666666674,716.7499999999974
684,314.45000000000084,45.250000000000796,9.0,830.8333333333361,645.0,610.8000000000053
685,298.78333333333296,52.13333333333344,97.09999999999991,996.7333333333315,513.5333333333338,451.7666666666714
686,252.0333333333349,66.89999999999986,110.0,1183.0833333333192,582.5,380.4333333333311
687,140.15000000000282,132.16666666666697,111.11666666666645,813.6499999999996,605.6166666666617,337.15000000000066
688,134.44999999999948,122.64999999999986,103.71666666666658,833.0833333333348,381.80000000000325,293.5999999999931
689,96.48333333333221,150.41666666666663,51.86666666666565,720.5333333333309,205.54999999999495,332.0499999999993
690,132.69999999999902,192.30000000000007,49.0,572.7999999999978,69.2333333333305,435.0
691,125.00000000000045,159.41666666666538,67.0,560.7666666666698,243.54999999999984,402.68333333333067
692,130.78333333333444,156.33333333333383,60.23333333333312,433.25000000000193,217.08333333333314,479.46666666666806
693,215.866666666662,119.94999999999993,67.71666666666624,432.2500000000002,491.0,509.833333333341
694,145.09999999999627,120.36666666666702,53.46666666666624,604.0333333333261,584.5333333333349,653.8833333333383
695,74.03333333333251,113.96666666666545,141.99999999999977,484.59999999999604,584.6666666666665,791.4499999999999
696,65.00000000000068,58.71666666666408,137.44999999999993,508.7666666666672,568.0999999999997,795.583333333337
697,96.70000000000016,64.86666666666679,135.26666666666642,581.4333333333323,511.71666666666795,957.8000000000022
698,216.20000000000118,68.21666666666658,359.93333333333214,738.7499999999993,458.78333333333717,944.7333333333354
699,210.3999999999994,158.66666666666606,280.6333333333355,829.6166666666684,214.48333333332857,864.6833333333287
700,223.89999999999986,211.78333333333399,185.46666666666488,667.099999999995,159.0,633.0
701,226.3499999999998,195.46666666666727,205.79999999999905,753.5333333333377,243.09999999999945,696.4166666666671
702,250.18333333333283,174.26666666666665,80.46666666666567,562.6166666666658,247.35000000000264,395.149999999996
703,250.11666666666827,98.86666666666395,89.25000000000011,383.31666666666456,343.9166666666639,221.5999999999981
704,193.6499999999994,64.76666666666608,120.66666666666742,475.8666666666668,158.20000000000414,176.39999999999827
705,187.1500000000002,79.79999999999995,73.85000000000002,980.3999999999918,121.5,231.46666666666624
706,273.91666666666686,90.36666666666747,143.33333333333348,988.3000000000071,141.3000000000003,231.53333333333308
707,145.23333333333892,188.34999999999934,158.5999999999999,933.0,304.0166666666671,323.13333333333344
708,359.4666666666667,191.86666666666713,137.2833333333324,1064.3500000000072,560.2500000000009,435.8000000000011
709,271.6499999999985,187.0,83.50000000000102,843.4833333333305,620.7666666666623,347.9666666666644
710,291.51666666666665,185.80000000000064,83.69999999999959,711.0,727.466666666666,319.29999999999995
711,373.3166666666665,203.28333333333296,75.9000000000002,566.5833333333293,678.916666666666,256.6166666666634
712,354.26666666666677,105.99999999999932,152.93333333333305,494.8833333333423,591.6833333333332,379.466666666666
713,313.0500000000027,179.63333333333355,228.2666666666671,717.5000000000009,656.2499999999973,429.5833333333386
714,94.74999999999932,184.39999999999986,268.31666666666604,702.2999999999932,544.9999999999898,373.7666666666664
715,88.41666666666674,193.61666666666667,337.6166666666654,538.3000000000014,446.35000000000366,236.31666666666786
716,123.95000000000073,203.9666666666667,311.96666666666636,505.1166666666717,784.8000000000005,257.33333333332916
717,101.7666666666662,181.80000000000052,305.75000000000114,492.0333333333331,815.2333333333387,308.33333333333326
718,277.0499999999996,117.33333333333883,239.66666666666606,453.18333333333203,651.7666666666643,301.1333333333332
719,370.71666666666204,112.0499999999995,261.366666666661,492.900000000006,686.7333333333327,271.1166666666669
720,410.81666666666683,123.36666666666633,132.18333333333112,692.0833333333358,619.616666666675,495.6666666666662
721,407.86666666666747,209.03333333333262,58.96666666666556,598.733333333331,944.8666666666714,580.3833333333303
722,293.61666666666486,181.8333333333362,39.016666666666424,504.7999999999987,771.0999999999988,506.60000000000457
723,227.35000000000127,199.7666666666654,33.09999999999991,401.616666666671,857.6000000000093,451.35000000000275
724,267.5333333333343,82.8000000000012,59.09999999999968,431.61666666666883,711.3499999999884,377.71666666666874
725,266.93333333333237,94.8166666666666,67.70000000000005,447.06666666667195,518.0500000000034,428.66666666666015
726,225.61666666666792,209.98333333333346,88.25,305.0333333333318,413.48333333333414,438.1999999999962
727,231.46666666666715,192.75000000000023,106.71666666666647,495.2833333333343,581.6333333333309,364.8999999999983
728,223.8166666666674,216.2166666666668,88.95000000000005,755.5666666666684,710.0,524.3500000000045
729,168.5333333333391,228.11666666666758,218.9833333333337,628.2666666666707,784.8833333333305,569.4666666666681
730,152.68333333333317,187.53333333333296,292.3000000000004,558.7500000000018,436.16666666666254,645.3999999999957
731,199.59999999999832,173.0,297.76666666666677,482.099999999999,520.3333333333362,565.1166666666621
732,268.83333333333644,206.89999999999714,274.14999999999486,622.4833333333352,459.5,412.6499999999994
733,208.2500000000024,143.96666666666385,178.46666666666533,556.7000000000022,651.7666666666669,404.216666666666
734,160.15000000000066,121.6000000000007,125.20000000000596,393.8500000000023,531.1166666666581,305.03333333333535
735,125.70000000000073,134.8333333333336,50.36666666666656,360.2666666666646,535.7666666666607,166.99999999999648
736,99.95000000000277,182.76666666666642,143.0,538.766666666667,539.6333333333295,147.0
737,191.66666666666742,166.6999999999989,287.0,751.3000000000043,445.48333333333255,449.93333333333067
738,368.4333333333328,149.46666666666647,292.44999999999936,818.8833333333345,570.6833333333419,513.133333333333
739,473.71666666666647,190.19999999999948,249.88333333333094,902.3666666666622,430.1666666666612,582.2999999999997
740,508.46666666666727,161.31666666666638,236.63333333333367,713.1000000000005,385.7333333333322,613.450000000003
741,604.3999999999995,206.21666666666624,226.0833333333327,708.01666666667,413.88333333333514,790.1500000000034
742,374.58333333334076,159.88333333333173,340.3833333333291,692.599999999999,464.0500000000044,685.7999999999992
743,230.86666666667043,82.81666666666649,205.93333333333214,542.7166666666719,580.5333333333335,562.8999999999959
744,166.91666666666674,63.13333333333276,223.88333333333617,530.8499999999965,726.5000000000076,638.1500000000078
745,129.2000000000004,83.93333333333351,199.66666666666697,624.0166666666676,482.8333333333385,539.3000000000009
746,95.86666666666645,114.0,173.59999999999775,681.0999999999996,414.2500000000016,424.4666666666676
747,62.83333333333235,128.86666666666656,165.86666666666713,686.0833333333295,346.10000000000105,446.48333333332846
748,56.44999999999982,124.85000000000025,86.58333333333587,849.399999999994,371.2666666666669,393.3166666666689
749,61.36666666666713,152.69999999999993,32.68333333333305,927.5833333333339,419.1499999999983,544.2499999999959
750,86.64999999999998,127.36666666666656,43.0,739.7999999999993,441.6833333333368,512.2999999999959
751,79.85000000000105,116.74999999999989,48.566666666667174,709.4666666666625,524.7666666666668,597.4666666666708
752,208.03333333333342,112.79999999999984,49.18333333333294,556.0000000000025,717.9166666666678,590.2333333333295
753,290.0166666666671,202.9833333333329,128.43333333333328,489.34999999999343,848.599999999999,508.69999999999845
754,243.6833333333318,214.7166666666693,118.96666666666647,482.3333333333368,730.499999999998,556.166666666667
755,218.83333333333235,271.46666666666704,108.0666666666674,677.1666666666637,520.866666666665,591.9166666666675
756,220.56666666666115,289.133333333334,129.0,713.9166666666624,343.96666666666283,659.9833333333338
757,209.56666666666717,207.83333333333667,145.7500000000001,740.5166666666593,235.68333333333237,426.01666666666813
758,182.7166666666667,102.36666666666599,116.11666666666997,826.1500000000007,159.2500000000009,202.8000000000011
759,168.53333333333535,91.09999999999991,86.39999999999986,885.9833333333404,72.08333333333428,112.0
760,249.76666666666756,92.99999999999886,91.94999999999959,885.6666666666661,263.18333333333464,247.88333333333276
761,234.16666666666686,83.0,80.63333333333242,773.4666666666718,181.3333333333327,504.3499999999988
762,240.89999999999964,112.99999999999955,165.01666666666688,675.4000000000075,185.14999999999895,589.4666666666662
763,396.93333333333226,111.79999999999973,205.24999999999886,699.1833333333213,296.0,599.999999999997
764,374.91666666666686,103.5666666666674,305.8000000000002,551.6666666666674,241.30000000000143,792.4666666666704
765,420.10000000000014,200.85000000000002,318.98333333333426,575.7500000000008,330.150000000001,957.4166666666737
766,204.9833333333297,199.71666666666601,315.8166666666664,658.3999999999983,413.19999999999754,704.5333333333376
767,166.6666666666663,172.16666666666276,293.16666666666765,653.0,477.9000000000001,838.6666666666656
768,166.6833333333334,216.48333333333505,189.33333333333087,550.0666666666737,476.9500000000053,639.4666666666685
769,113.56666666666717,303.2499999999999,139.7166666666658,403.10000000000014,475.19999999999766,813.0166666666711
770,67.8499999999998,368.3333333333318,94.98333333333449,399.68333333333374,405.2833333333381,906.1166666666702
771,233.0666666666666,321.9333333333325,81.9499999999997,342.2500000000002,472.24999999999966,563.4833333333252
772,202.83333333333348,295.7333333333311,37.7833333333333,384.0333333333356,370.98333333332937,340.3333333333326
773,295.1666666666647,279.4333333333343,75.0,553.7499999999989,245.3500000000032,134.33333333332837
774,249.3833333333323,330.049999999998,91.19999999999993,431.53333333333376,424.0500000000027,232.599999999999
775,153.88333333333253,293.46666666666624,78.2166666666667,630.6499999999982,395.0500000000027,259.0
776,85.48333333333346,366.11666666666713,65.98333333333358,715.4166666666656,239.68333333333976,259.0
777,84.16666666666674,278.38333333333185,190.2333333333329,587.5833333333288,296.2499999999975,212.53333333333114
778,157.6500000000009,245.0999999999999,172.91666666666606,401.7166666666702,340.5166666666705,487.0
779,74.1666666666664,215.03333333333285,324.29999999999995,252.76666666665528,347.1333333333323,490.19999999999925
780,146.0500000000004,255.85000000000036,246.9999999999967,196.63333333333333,312.46666666666977,697.3333333333319
781,136.45000000000198,235.40000000000077,209.81666666666695,291.25,374.4666666666667,481.10000000001
782,172.18333333332725,221.23333333333414,197.0999999999991,398.4000000000001,330.66666666666356,495.2166666666657
783,98.31666666666672,225.8333333333336,183.1833333333368,726.3666666666667,343.61666666666827,435.866666666656
784,92.34999999999934,264.733333333333,167.59999999999968,726.0,370.5000000000051,435.0166666666663
785,74.79999999999973,262.46666666666636,150.56666666667059,666.5833333333352,365.81666666666536,495.0
786,64.03333333333308,164.25000000000352,77.8333333333303,472.93333333333305,589.7500000000015,631.0999999999991
787,177.79999999999984,144.26666666666574,173.9999999999991,632.5500000000053,674.2499999999915,591.7666666666673
788,223.23333333333403,138.7666666666671,159.6000000000006,733.4999999999964,641.7999999999995,474.2000000000039
789,307.0999999999999,232.34999999999968,150.85000000000002,834.7499999999978,561.9833333333232,526.1166666666678
790,309.70000000000005,262.7333333333345,155.21666666666658,781.8666666666785,340.1333333333299,574.6666666666672
791,355.40000000000043,155.96666666666465,139.4666666666668,650.4666666666762,483.71666666666977,639.766666666666
792,204.28333333333285,144.2333333333337,98.43333333333112,570.3500000000046,540.4333333333342,668.4333333333306
793,134.16666666667186,154.26666666666074,105.63333333333367,545.7333333333384,450.9500000000071,606.2999999999884
794,125.40000000000009,121.99999999999977,106.59999999999991,659.0000000000005,410.5666666666631,472.133333333334
795,153.6000000000006,92.56666666666433,173.73333333333267,768.6666666666642,277.5000000000042,219.33333333333553
796,170.5333333333317,67.6666666666664,187.0,673.8166666666685,280.233333333327,327.8999999999975
797,136.41666666666686,109.11666666666599,79.46666666667159,560.9333333333325,316.81666666666763,277.46666666667033
798,135.95000000000482,103.70000000000005,50.79999999999973,943.0,304.1166666666635,158.75
799,107.98333333333335,111.8333333333344,47.883333333333326,927.7833333333352,313.86666666666656,344.00000000000136
800,119.44999999999936,88.10000000000014,73.83333333333246,854.6333333333391,340.04999999999745,328.20000000000334
801,117.46666666666613,89.0,67.34999999999854,1017.4499999999989,385.0,229.7666666666662
802,135.266666666667,112.96666666666692,45.000000000000114,1003.7666666666522,385.0,204.5000000000009
803,143.2666666666671,99.66666666666652,44.10000000000002,725.9833333333382,274.1166666666612,252.0000000000034
804,145.08333333333383,102.2000000000005,150.0,554.2166666666614,271.0,344.0
805,270.4666666666658,60.933333333333394,167.11666666666656,448.83333333333644,340.1333333333356,345.3166666666641
806,275.783333333334,51.066666666666606,378.5999999999997,370.63333333333253,272.43333333332976,360.06666666666933
807,248.28333333333217,187.56666666666672,378.8166666666672,306.86666666666247,122.26666666666779,401.6666666666638
808,253.23333333333198,202.94999999999993,300.85000000000673,243.55000000000052,231.31666666667036,411.13333333333026
809,108.650000000001,176.9499999999996,230.81666666666797,236.91666666666652,343.9333333333325,322.3333333333254
810,86.96666666666658,156.2833333333332,191.0500000000003,414.28333333333364,416.5,337.8666666666645
811,96.76666666666608,86.44999999999823,264.2666666666612,584.0,396.16666666666254,293.4666666666676
812,86.66666666666617,58.999999999999886,146.23333333333392,619.1666666666619,625.2500000000001,307.6833333333443
813,85.81666666666638,155.11666666666645,148.41666666666708,607.1666666666687,583.5333333333311,501.90000000000464
814,74.9333333333334,170.00000000000045,147.50000000000068,567.0833333333336,423.69999999999584,579.5000000000039
815,79.08333333333428,180.0666666666665,173.0,606.2999999999942,305.4666666666594,598.5999999999962
816,164.36666666666645,264.08333333333564,195.50000000000034,362.73333333333346,313.3333333333301,535.6999999999944
817,133.93333333333624,170.26666666666642,110.39999999999736,509.91666666666606,259.8000000000013,351.0
818,113.26666666666802,260.01666666666347,90.03333333333319,587.8666666666684,200.74999999999875,415.29999999999757
819,165.46666666666624,361.5500000000002,166.81666666666672,956.4166666666666,452.7333333333336,343.78333333333626
820,179.74999999999955,364.16666666666765,89.93333333333362,893.199999999999,711.8000000000056,215.36666666666497
821,165.28333333333399,332.6833333333326,75.48333333333437,590.7333333333235,685.2499999999961,182.9999999999967
822,121.38333333333321,377.5833333333343,138.59999999999968,553.0500000000046,552.683333333342,211.26666666667165
823,124.06666666666683,371.95000000000016,189.04999999999723,358.2166666666657,479.19999999999936,273.866666666666
824,263.30000000000007,266.70000000000255,116.96666666666772,297.29999999999507,610.7333333333323,397.2666666666639
825,80.09999999999468,193.03333333333194,120.98333333333346,303.5166666666645,603.1166666666666,331.0666666666675
826,87.06666666666649,180.69999999999936,77.39999999999998,283.13333333333026,551.6333333333297,459.5999999999925
827,216.0,170.6000000000039,55.81666666666706,177.11666666667065,555.7333333333344,384.0
828,263.0333333333332,117.68333333333237,59.666666666667425,359.4000000000001,283.08333333333803,415.0
829,240.43333333333078,172.64999999999975,207.0333333333333,617.1833333333307,221.39999999999964,277.1999999999982
830,279.7499999999992,192.64999999999964,156.96666666666613,510.6333333333381,700.6499999999969,194.1333333333339
831,301.64999999999975,217.13333333333333,322.0,444.4833333333331,865.8999999999994,231.7999999999996
832,217.6333333333347,216.18333333333464,331.51666666666915,708.2333333333333,816.4500000000088,238.65000000000498
833,114.61666666666724,160.26666666666495,190.30000000000894,643.6666666666728,624.6666666666582,341.1166666666662
834,135.0,110.69999999999925,114.0999999999998,737.7166666666645,514.3500000000005,454.1333333333332
835,183.8999999999993,109.25000000000011,105.26666666666699,603.8999999999978,391.50000000000364,433.4833333333263
836,151.63333333333173,75.73333333333301,60.36666666666645,866.6833333333356,403.0,285.0
837,194.61666666666747,48.56666666666706,67.34999999999991,622.033333333333,421.64999999999736,456.59999999999854
838,195.61666666666656,56.44999999999982,143.66666666666708,611.5499999999988,280.4166666666696,595.5833333333356
839,203.18333333333328,80.03333333333376,141.4666666666667,775.966666666664,378.0999999999941,575.9333333333326
840,204.18333333333192,65.65000000000009,177.10000000000355,523.983333333329,440.5999999999999,527.849999999999
841,319.7499999999984,32.899999999999295,82.33333333333064,406.499999999996,506.6333333333305,582.5333333333323
842,457.6166666666703,34.14999999999975,46.966666666666924,478.1333333333332,440.63333333332935,390.933333333335
843,392.95000000000016,62.066666666666606,74.39999999999986,557.4833333333323,428.68333333333385,738.4333333333332
844,507.23333333333323,110.38333333333378,74.39999999999952,681.4666666666586,433.11666666666576,753.4166666666696
845,471.54999999999393,119.45000000000005,66.20000000000095,570.199999999995,342.40000000000487,814.7333333333331
846,348.33333333333564,109.63333333333378,94.6666666666705,470.2000000000007,183.65000000000452,904.2833333333334
847,300.9666666666691,80.40000000000009,166.0499999999995,630.6333333333338,251.83333333333053,640.8833333333267
848,236.34999999999934,82.54999999999927,136.18333333333123,429.3000000000038,294.49999999999886,683.0
849,179.383333333334,54.35000000000002,157.71666666666692,574.4166666666657,256.4000000000051,791.6166666666591
850,200.2166666666668,56.48333333333335,165.35000000000036,674.7333333333316,186.55000000000007,860.3833333333363
851,203.39999999999998,70.0,163.9666666666667,592.4666666666643,262.0,819.1833333333359
852,210.8000000000004,82.46666666666715,183.6666666666672,693.6333333333342,437.0,439.7833333333343
853,290.0,94.10000000000036,160.816666666664,787.0833333333287,500.33333333333303,287.8833333333374
854,205.90000000000134,139.0999999999981,78.03333333333455,639.1166666666596,564.5333333333333,240.94999999999618
855,81.2999999999995,98.70000000000027,78.59999999999991,546.2166666666625,515.8999999999978,372.0833333333326
856,86.4333333333334,206.75000000000045,85.76666666666631,670.3999999999971,310.53333333333444,684.0
857,154.40000000000032,297.9999999999998,63.533333333333644,489.8833333333383,221.60000000000036,679.8999999999992
858,178.70000000000005,318.71666666666476,69.65000000000032,346.000000000001,376.41666666666754,651.2999999999995
859,191.99999999999977,311.85000000000014,112.0,348.7166666666669,599.8833333333266,703.0333333333364
860,193.38333333333378,305.4666666666707,78.0,459.5999999999988,558.7166666666674,664.7833333333315
861,110.66666666666697,226.03333333333626,92.73333333333312,666.3666666666643,707.0333333333342,940.6999999999972
862,86.73333333333278,125.41666666666663,89.26666666666688,1062.9666666666665,564.0000000000068,889.183333333339
863,106.53333333333376,185.6333333333339,87.9833333333329,1205.0000000000034,399.9999999999985,876.3999999999968
864,123.74999999999943,163.133333333334,58.316666666667174,845.0500000000092,419.59999999999945,687.3333333333335
865,111.84999999999889,167.81666666666672,56.09999999999991,778.5833333333403,432.60000000000184,553.0333333333353
866,94.59999999999968,186.4999999999992,48.99999999999966,622.8000000000001,383.21666666666454,493.3333333333321
867,248.03333333333455,170.41666666666492,59.08333333333337,661.2833333333353,346.4500000000005,349.7833333333331
868,182.28333333333183,104.06666666666558,38.29999999999984,656.9333333333394,496.71666666666647,350.6999999999996
869,115.94999999999891,89.86666666666679,79.96666666666624,810.4333333333323,603.2833333333298,375.7333333333339
870,121.65000000000111,99.4833333333338,66.81666666666638,1273.6500000000108,605.0,412.2999999999995
871,110.66666666666595,99.05000000000041,79.05000000000086,1244.7500000000055,594.0500000000006,471.8499999999964
872,123.66666666666674,133.04999999999734,92.49999999999932,1065.8333333333408,480.8000000000029,417.7999999999997
873,140.61666666666758,85.28333333333364,122.56666666666638,916.483333333333,511.6166666666626,609.3666666666605
874,163.30000000000143,135.0,123.34999999999945,761.016666666667,392.64999999999293,505.6833333333393
875,145.75000000000114,113.20000000000232,161.8000000000004,506.66666666666003,276.6666666666698,559.666666666675
876,132.4333333333334,88.55000000000132,157.68333333333237,566.6666666666688,216.73333333333676,411.68333333333624
877,221.68333333333123,79.99999999999898,85.23333333333369,527.7666666666732,261.0333333333326,692.1499999999967
878,205.01666666666756,97.10000000000002,46.949999999999704,358.34999999999934,301.7666666666677,560.4333333333332
879,198.04999999999984,169.60000000000048,34.0,516.3333333333385,593.5500000000021,533.1666666666608
880,198.0666666666665,149.8999999999985,16.416666666666174,581.1166666666659,570.2000000000028,550.5666666666638
881,167.61666666666167,117.7333333333338,32.766666666666765,453.7000000000014,479.44999999999357,487.23333333332766
882,167.1500000000002,212.08333333333132,131.61666666666667,528.1666666666686,501.99999999999943,424.06666666667354
883,176.4666666666667,107.23333333333255,189.94999999999925,849.8499999999966,400.99999999999955,350.283333333334
884,195.0,74.73333333333278,163.8333333333336,810.3833333333357,262.649999999997,565.8000000000045
885,200.41666666666697,172.30000000000143,126.91666666666231,538.3333333333296,162.86666666667043,619.1666666666633
886,219.39999999999998,182.39999999999998,85.63333333333367,377.0166666666621,199.76666666666847,669.0499999999978
887,217.13333333333594,229.0,198.76666666666665,503.75000000000307,228.50000000000034,667.3499999999985
888,137.33333333333417,252.51666666666722,124.91666666666606,399.76666666666745,254.88333333332912,468.7666666666686
889,119.84999999999968,259.7333333333313,106.28333333333217,623.9833333333246,393.0,372.5500000000003
890,187.9833333333347,240.4166666666672,76.68333333333385,487.66666666666947,633.566666666666,297.2999999999977
891,190.58333333333292,201.23333333333335,251.0,630.4333333333327,448.18333333333817,266.2666666666687
892,233.21666666666624,212.76666666666574,239.56666666666501,673.733333333335,537.1166666666701,378.0500000000012
893,218.80000000000086,200.88333333333276,108.03333333333694,832.1500000000071,608.0166666666664,244.81666666666638
894,178.3333333333377,218.15000000000043,84.08333333333326,944.6999999999981,676.8666666666642,291.0
895,66.7666666666671,125.60000000000218,97.0,972.8500000000057,759.683333333331,249.3333333333336
896,162.20000000000005,176.81666666666672,134.41666666666617,1137.7166666666776,785.2166666666609,225.33333333333394
897,166.39999999999986,272.1333333333338,79.45000000000232,1082.566666666667,707.0,239.01666666666472
898,122.98333333333233,155.21666666666442,62.0,1008.7999999999956,687.483333333335,166.59999999999786
899,68.38333333333298,196.35000000000207,82.0,883.3333333333337,642.4833333333373,181.3000000000029
900,36.99999999999909,167.34999999999957,112.3666666666669,974.6666666666663,383.5000000000001,251.0000000000001
901,57.916666666666515,205.64999999999952,73.06666666666501,737.183333333336,246.0,350.60000000000105
902,129.04999999999598,202.25000000000114,58.899999999999864,790.7166666666703,359.90000000000407,382.21666666665806
903,116.16666666666663,177.88333333333333,88.94999999999982,752.2833333333335,198.73333333333414,387.0
904,119.06666666666672,105.04999999999859,117.43333333333123,734.2833333333325,164.25000000000034,451.5666666666699
905,126.81666666666831,81.80000000000007,85.28333333333296,844.9333333333292,92.98333333333676,429.9000000000059
906,228.33333333333394,99.03333333333376,96.38333333333242,407.0333333333266,185.0,435.18333333333214
907,218.5499999999994,80.5499999999987,156.1999999999997,297.93333333333214,225.0,586.4999999999978
908,178.6666666666648,52.549999999999045,124.1666666666672,256.4666666666667,241.36666666666576,613.683333333332
909,102.40000000000009,68.45000000000005,92.69999999999948,290.43333333333237,687.0,913.1166666666567
910,137.18333333333362,153.0000000000009,117.0,403.650000000005,775.9333333333378,801.8500000000022
911,123.90000000000089,155.5000000000001,123.58333333333564,884.2666666666689,769.1166666666679,923.6166666666653
912,122.9333333333318,292.5500000000003,99.68333333333419,881.6333333333346,508.7666666666653,956.033333333334
913,102.6333333333339,177.5833333333319,232.68333333333487,1067.6666666666674,501.0499999999847,949.433333333331
914,123.34999999999968,151.89999999999816,225.2333333333338,1134.4333333333334,445.5999999999999,959.7833333333267
915,135.0166666666663,169.01666666666642,200.71666666666613,1071.566666666671,439.9333333333334,816.1666666666737
916,206.38333333333787,243.41666666666572,123.60000000000264,891.1333333333321,551.2333333333331,757.2333333333371
917,184.0333333333332,225.7333333333312,60.20000000000027,741.7666666666739,581.0,800.5666666666579
918,173.16666666666754,189.53333333333308,51.01666666666654,579.2499999999973,451.8999999999953,834.0999999999888
919,310.98333333333346,192.63333333333344,55.0,563.3666666666627,234.5666666666665,654.2999999999954
920,370.1166666666694,205.4166666666664,30.733333333334713,528.5166666666713,296.0833333333337,549.9666666666692
921,266.6999999999979,275.3166666666707,33.96666666666647,477.86666666666497,324.9999999999993,479.80000000000166
922,257.783333333334,153.31666666667047,45.0,415.15000000000316,383.6333333333316,416.1166666666677
923,260.8666666666653,70.96666666666681,138.33333333333587,351.76666666666426,641.7666666666687,486.4666666666685
924,197.48333333333267,62.383333333332985,125.0666666666666,396.13333333333617,504.58333333334053,392.19999999999936
925,207.53333333333353,69.64999999999861,123.0,408.0,498.78333333333705,323.99999999999795
926,186.68333333333305,59.30000000000007,108.43333333333362,479.0666666666698,333.64999999999736,235.16666666666708
927,91.81666666666797,62.0,106.50000000000068,561.5333333333284,425.0,301.5833333333326
928,236.89999999999986,69.4833333333329,170.56666666666706,491.98333333333824,510.4833333333353,434.833333333331
929,268.51666666666665,101.64999999999975,167.84999999999934,508.85000000000116,350.83333333333223,293.5
930,262.53333333333364,99.03333333333364,159.06666666666683,528.4666666666651,423.70000000000084,369.74999999999955
931,180.70000000000084,125.18333333333328,106.11666666667054,671.6000000000088,419.0,304.599999999999
932,164.1166666666669,210.10000000000014,133.18333333333442,587.5166666666696,396.3333333333384,519.0000000000014
933,172.98333333333278,254.73333333333244,93.70000000000107,654.3833333333332,236.7499999999975,534.7666666666689
934,127.89999999999714,282.2499999999998,60.066666666667174,728.3333333333386,227.4000000000011,323.4999999999993
935,105.46666666666704,152.38333333332616,25.700000000000614,685.4000000000009,188.86666666666713,591.1166666666692
936,121.68333333333317,74.83333333333326,31.750000000000114,786.750000000004,262.90000000000464,648.7166666666652
937,80.6833333333334,138.40000000000043,42.083333333333485,615.1333333333336,233.6000000000006,562.0666666666644
938,78.88333333333469,136.116666666666,83.05000000000064,685.5333333333341,373.0,454.38333333333037
939,79.03333333333353,101.36666666666645,100.93333333333305,683.0666666666663,401.40000000000055,444.1166666666684
940,67.88333333333367,64.13333333333367,91.83333333333314,1052.1500000000028,460.9999999999999,501.74999999999966
941,75.36666666666736,88.26666666666733,95.9333333333334,951.699999999994,439.6666666666681,587.7166666666624
942,277.0499999999997,33.35000000000218,113.35000000000014,985.0999999999998,347.29999999999404,470.3833333333333
943,275.14999999999975,110.0,99.08333333333348,1203.4833333333352,321.99999999999955,634.8666666666618
944,249.95000000000073,127.30000000000007,235.7499999999992,1350.5833333333394,312.8666666666668,807.8333333333371
945,233.00000000000023,146.26666666666654,198.16666666666652,1149.533333333333,353.19999999999936,522.8999999999968
946,226.38333333333696,163.14999999999998,181.9999999999983,1008.7999999999944,405.5000000000033,495.33333333333496
947,168.0000000000016,155.00000000000023,150.4000000000001,1017.216666666667,451.06666666666933,576.6666666666624
948,123.36666666666576,279.9999999999975,135.70000000000005,818.2333333333255,378.5166666666687,459.0
949,107.21666666666636,208.35000000000173,169.4000000000001,626.900000000003,376.98333333333255,632.7166666666678
950,121.95000000000027,259.0999999999999,112.96666666666329,645.7333333333346,362.39999999999986,582.5
951,89.40000000000214,260.59999999999957,89.43333333333294,603.1166666666695,640.066666666663,567.0499999999989
952,75.03333333333308,431.6500000000001,123.56666666666672,502.5333333333365,928.6500000000002,512.4666666666659
953,137.66666666666652,398.74999999999636,130.5166666666662,524.6666666666628,970.8166666666675,500.75
954,127.86666666666702,284.25000000000034,133.51666666666665,422.91666666666583,802.8999999999962,519.9499999999981
955,180.8000000000011,243.2833333333342,154.7999999999995,299.7833333333358,635.3999999999978,401.0999999999999
956,229.1333333333332,80.53333333333342,124.13333333333458,224.8499999999982,469.30000000000734,401.5333333333291
957,256.3166666666658,170.84999999999854,127.89999999999975,356.1500000000003,241.2000000000013,346.0999999999933
958,173.98333333333392,273.10000000000014,143.8000000000011,373.49999999999636,167.5833333333362,359.0
959,139.14999999999918,297.0,137.00000000000023,270.85000000000616,195.49999999999977,553.0833333333329
960,169.26666666666563,300.66666666666833,138.4999999999999,202.10000000000582,240.08333333333564,779.6333333333334
961,114.18333333333442,356.5999999999997,140.58333333333348,164.79999999999995,378.7166666666649,725.9166666666634
962,80.40000000000043,305.11666666666395,151.23333333333494,301.0,542.1833333333375,554.8666666666634
963,100.84999999999889,208.06666666666354,73.43333333333203,393.35000000000775,691.2666666666678,406.96666666666295
964,98.39999999999986,200.9333333333335,50.25000000000023,286.7333333333336,644.4499999999971,503.26666666666597
965,105.96666666666613,174.01666666666677,93.0,457.8833333333364,829.2333333333337,402.26666666666495
966,185.93333333333464,168.90000000000282,108.01666666666688,523.8166666666649,766.5499999999997,296.70000000000016
967,318.30000000000064,82.61666666666679,139.5833333333337,647.0333333333317,660.2500000000077,387.78333333333603
968,268.4833333333364,170.83333333333348,124.55000000000086,703.4833333333371,617.1666666666686,432.76666666667165
969,256.4999999999998,236.70000000000005,177.04999999999984,761.2833333333404,849.9333333333335,329.31666666666763
970,268.3666666666659,164.46666666667295,164.91666666666458,759.9666666666654,743.6833333333319,323.9499999999988
971,243.34999999999707,94.0,89.44999999999982,746.5333333333296,571.5833333333425,373.4999999999965
972,184.5833333333311,162.5,94.64999999999998,536.5333333333356,604.3333333333343,450.66666666666015
973,202.3500000000015,168.63333333333344,82.54999999999893,592.1833333333345,648.1166666666736,299.63333333333367
974,123.15000000000043,117.56666666666433,34.80000000000018,381.5333333333358,509.5666666666689,236.98333333333096
975,144.45000000000027,133.6833333333327,65.34999999999991,227.78333333333057,442.2500000000015,174.9333333333334
976,117.05000000000109,157.20000000000005,65.94999999999993,65.03333333333046,432.4500000000037,287.19999999999936
977,156.883333333334,175.7833333333349,82.08333333333314,168.96666666666647,523.6666666666604,343.4499999999997
978,155.96666666666624,142.91666666666686,107.59999999999934,325.81666666666626,368.25,265.33333333333326
979,130.44999999999936,164.56666666666592,62.933333333333394,561.7500000000008,248.80000000000314,223.0
980,146.4166666666672,181.81666666666604,43.18333333333317,1005.700000000001,216.76666666666574,444.39999999999964
981,137.0,221.4833333333346,53.566666666666606,1036.916666666662,97.6999999999988,334.34999999999934
982,254.03333333333399,244.31666666666536,95.64999999999998,741.2000000000062,70.0,290.41666666666674
983,207.93333333333362,198.16666666666595,202.0666666666666,752.133333333336,169.0,298.0
984,193.16666666666674,158.0833333333327,224.89999999999964,539.9000000000109,159.19999999999936,373.93333333334
985,222.0999999999973,119.0,333.33333333333394,641.0,280.1333333333323,351.9833333333364
986,323.6166666666669,137.0,263.133333333333,418.45000000000516,241.0,389.0999999999982
987,248.0166666666703,185.08333333333087,246.13333333333355,336.01666666666813,312.88333333333776,372.40000000000146
988,162.1000000000015,134.10000000000036,245.0000000000001,284.69999999999857,232.0833333333337,433.81666666666786
989,111.20000000000005,122.96666666666715,225.40000000000032,519.5833333333331,163.81666666666604,384.0833333333368
990,77.74999999999886,233.86666666666906,436.6000000000049,584.0,352.0666666666659,358.7166666666624
991,112.65000000000032,244.03333333333308,468.0833333333295,833.1833333333363,614.3333333333335,256.0
992,213.48333333333414,238.85000000000105,461.7166666666611,790.6333333333337,907.0666666666631,595.3333333333268
993,127.49999999999943,200.63333333333242,421.2333333333321,974.4666666666685,769.2499999999944,482.5666666666725
994,122.03333333333399,135.3166666666674,327.4666666666624,774.5166666666629,716.5666666666676,333.1500000000011
995,99.61666666666724,62.51666666666631,275.6666666666732,539.9666666666719,518.6166666666685,270.0
996,158.01666666666665,46.26666666666597,144.4000000000001,629.4500000000033,413.0000000000002,306.58333333333746
997,151.26666666666915,88.9666666666667,169.56666666666695,525.6833333333336,369.6166666666602,292.01666666666654
998,136.19999999999823,111.24999999999989,215.5333333333307,593.250000000008,331.0999999999989,401.64999999999986
999,196.0999999999999,166.88333333333378,163.2499999999991,468.85000000000036,567.5333333333322,336.25000000000455
1000,280.68333333333237,292.6833333333368,136.63333333333367,439.30000000000064,587.2333333333329,413.1500000000002
1001,272.9333333333328,248.49999999999977,189.00000000000034,435.86666666666747,590.9166666666607,514.1000000000008
1002,378.61666666666645,250.7500000000024,177.96666666666647,635.7666666666663,636.0500000000009,716.2166666666714
1003,436.666666666663,252.88333333333333,53.14999999999793,463.4000000000059,614.1666666666655,574.1666666666741
1004,301.69999999999584,247.56666666666672,37.45000000000027,594.7499999999985,430.6333333333405,518.6499999999979
1005,228.80000000000052,151.616666666671,70.0,602.3166666666714,472.89999999999804,440.0166666666644
1006,304.16666666666697,120.18333333333283,75.54999999999995,493.3666666666679,579.0833333333317,481.21666666666886
1007,341.66666666666674,136.3166666666666,56.36666666666599,470.4999999999985,520.1333333333326,488.5499999999971
1008,334.16666666666845,146.4499999999997,50.14999999999918,349.5666666666681,659.083333333332,476.7000000000039
1009,288.26666666666665,139.24999999999977,50.29999999999973,507.61666666666474,350.50000000000375,627.1666666666649
1010,333.78333333333524,108.39999999999895,61.24999999999898,665.8166666666688,336.05000000000086,596.9333333333303
1011,312.0333333333331,98.5,60.766666666667334,792.8500000000003,447.7166666666583,503.5999999999991
1012,312.8666666666668,72.81666666666672,83.0,656.7333333333249,498.6333333333365,633.2500000000016
1013,287.11666666666827,88.51666666666677,81.38333333333264,544.5833333333376,490.0,554.0166666666671
1014,216.533333333335,89.40000000000032,32.05000000000177,847.0333333333317,448.2333333333331,416.1166666666745
1015,153.56666666666626,104.24999999999966,24.0833333333336,872.8666666666791,338.98333333333744,139.48333333333755
1016,232.13333333333378,93.33333333333326,100.60000000000105,952.6333333333331,292.0666666666666,252.76666666666756
1017,197.0499999999995,163.09999999999968,78.60000000000036,1026.31666666666,372.05000000000234,278.0
1018,181.45000000000005,174.5500000000012,140.6166666666661,1019.2833333333298,359.10000000000343,327.0500000000005
1019,199.9166666666664,235.0,96.05000000000098,857.8833333333314,353.48333333332937,568.8166666666659
1020,342.8999999999985,234.50000000000023,74.04999999999995,802.6166666666663,287.28333333333035,516.9000000000013
1021,262.6499999999953,142.59999999999923,79.21666666666749,779.2166666666668,332.016666666671,434.3333333333336
1022,448.0833333333296,89.29999999999882,71.39999999999964,817.4500000000089,263.0666666666648,426.0000000000099
1023,345.91666666666447,148.4833333333338,93.45000000000016,636.1500000000008,236.6166666666678,507.0666666666723
1024,182.4833333333338,193.6500000000019,213.05000000000496,728.80000000001,493.0,492.6499999999983
1025,188.73333333333358,258.9833333333279,234.03333333333444,900.7666666666596,345.43333333332566,573.5333333333385
1026,140.25000000000432,149.81666666666888,188.91666666666788,956.7166666666587,617.4999999999927,802.5999999999904
1027,149.9333333333343,235.18333333333248,75.38333333333549,792.6833333333348,547.783333333336,604.2500000000007
1028,169.1666666666672,231.63333333333276,70.5833333333328,800.0500000000195,479.10000000000264,574.8666666666777
1029,172.61666666666656,161.41666666666538,62.449999999999136,780.966666666646,562.3333333333248,527.9999999999991
1030,143.80000000000155,172.35000000000286,50.899999999999864,701.8499999999976,457.81666666665456,494.1666666666665
1031,93.19999999999845,143.96666666665647,59.86666666666679,695.6166666666652,266.73333333333267,376.10000000000196
1032,168.1999999999989,46.383333333332985,41.10000000000059,1104.9499999999955,365.71666666667124,275.3499999999974
1033,254.15000000000055,53.999999999999545,46.83333333333326,1168.1333333333325,319.0,339.0
1034,365.2333333333313,216.33333333333326,61.700000000000955,1113.349999999998,303.1999999999996,293.5500000000093
1035,315.39999999999577,379.7833333333333,60.8333333333328,956.6666666666615,302.5166666666896,382.33333333333235
1036,237.4666666666676,435.96666666665305,142.35000000000264,955.2333333333561,337.800000000002,447.4500000000007
1037,171.2333333333313,289.599999999999,138.6166666666677,723.9666666666683,380.10000000000014,507.2166666666667
1038,169.9833333333347,223.24999999999977,127.0,404.44999999998754,376.7000000000228,318.4499999999957
1039,144.13333333333367,231.45000000000186,137.88333333333298,471.63333333333503,133.44999999999914,209.60000000000423
1040,184.89999999999304,271.4666666666669,119.50000000000318,428.8999999999867,254.39999999999964,299.0
1041,128.59999999999945,254.36666666666088,145.96666666666715,425.33333333333235,360.26666666666733,417.9833333333313
1042,84.6666666666697,165.73333333333358,153.84999999999968,556.4666666666667,398.1666666666754,327.04999999999063
1043,194.7166666666683,185.84999999999968,145.8166666666657,442.9666666666765,275.0666666666534,344.74999999999727
1044,228.58333333333144,197.00000000000045,86.44999999999936,345.9499999999989,337.0,653.4833333333363
1045,246.91666666666583,182.1666666666572,95.1666666666656,234.81666666666843,598.1333333333318,681.2333333333252
1046,277.85000000000105,268.04999999999063,81.33333333333258,228.8666666666668,674.3999999999901,520.9166666666708
1047,269.78333333333285,183.35000000000105,97.5499999999995,455.0333333333358,869.3666666666734,499.699999999998
1048,329.09999999999627,141.66666666666765,64.7000000000055,502.61666666665883,657.7833333333319,455.2333333333411
1049,246.39999999999895,121.24999999999955,149.51666666666688,610.0,574.0999999999897,397.0
1050,167.64999999999668,181.83333333333167,169.3333333333337,789.0499999999988,553.1500000000058,499.88333333333344
1051,117.2666666666671,90.16666666666401,195.01666666666688,637.0500000000061,616.9999999999959,323.88333333333594
1052,76.5833333333328,149.63333333333344,195.28333333333535,588.8166666666518,611.6999999999916,225.6166666666561
1053,61.93333333333226,217.3666666666686,177.26666666666574,1063.866666666662,468.78333333334285,267.7333333333304
1054,108.80000000000018,162.44999999999754,73.66666666665833,907.8166666666853,609.133333333335,424.9666666666785
1055,102.16666666666492,159.91666666666697,212.1499999999976,760.6499999999928,539.8666666666759,339.33333333333303
1056,88.26666666666597,159.10000000000127,148.06666666665933,766.8499999999888,744.5500000000065,322.1500000000053
1057,196.349999999999,130.43333333333362,220.0,688.0666666666684,732.1666666666915,337.3333333333321
1058,142.7999999999961,80.76666666666756,302.56666666666456,601.8333333333399,546.6166666666629,338.4666666666635
1059,110.76666666667165,128.0,210.88333333334276,430.53333333333285,482.2000000000105,531.0666666666607
1060,101.16666666666583,150.71666666666556,240.8333333333328,338.0499999999922,509.59999999999286,334.71666666667625
1061,110.26666666666597,140.58333333333326,182.79999999999404,327.48333333333176,507.4500000000071,295.1000000000013
1062,100.69999999999936,162.50000000000045,136.33333333333485,259.13333333333594,266.66666666666174,259.8333333333328
1063,103.85000000000014,159.04999999999723,266.5500000000004,404.80000000000746,505.1999999999973,199.9999999999991
1064,93.20000000000164,146.00000000000068,181.28333333333376,423.0,568.4333333333316,306.0
1065,128.4000000000001,143.81666666666638,298.46666666666783,422.56666666667206,463.9666666666685,411.2166666666767
1066,115.48333333333403,139.1833333333352,321.88333333332366,434.6500000000003,447.4833333333265,394.19999999999845
1067,114.91666666666606,140.2833333333324,221.23333333333358,460.58333333333303,537.6666666666583,377.8999999999967
1068,152.20000000000118,134.93333333333248,172.34999999999536,567.4333333333407,503.24999999998863,353.88333333333617
1069,229.24999999999682,274.46666666666897,127.63333333333208,542.0666666666573,382.599999999999,420.4000000000008
1070,169.56666666666843,255.68333333333362,77.00000000000045,393.016666666671,465.7833333333242,348.0666666666657
1071,80.36666666666429,236.98333333333494,202.5833333333337,374.36666666666997,468.75,486.1999999999898
1072,107.88333333333321,216.9666666666667,190.13333333333367,701.9833333333293,737.2833333333319,501.4666666666719
1073,90.53333333333285,227.53333333333444,176.2333333333338,615.2499999999959,694.250000000008,523.0
1074,91.69999999999982,293.46666666666783,156.28333333333217,503.4833333333254,620.9333333333166,457.1833333333234
1075,166.4166666666656,230.06666666666706,237.80000000000018,527.6833333333434,459.56666666667024,339.8999999999937
1076,133.93333333332885,256.8833333333316,232.65000000000032,677.099999999981,321.14999999999804,476.7166666666726
1077,96.3333333333328,252.10000000000446,224.41666666666492,770.0500000000022,359.4833333333156,454.23333333333176
1078,72.76666666666597,270.7999999999997,221.25000000000023,729.8333333333401,327.81666666666456,471.4166666666665
1079,30.933333333332712,284.0833333333378,296.80000000000064,843.7166666666606,402.3166666666589,480.76666666667234
1080,45.0,266.6166666666579,178.25000000000136,643.3000000000036,311.7499999999959,429.9166666666649
1081,41.46666666666761,130.4333333333418,276.5333333333324,578.3166666666712,347.9833333333338,331.6000000000038
1082,35.66666666666697,70.68333333333112,290.13333333333344,514.5166666666632,225.8166666666625,347.166666666664
1083,48.83333333333303,109.04999999999859,148.08333333332303,466.49999999999727,341.399999999996,524.666666666667
1084,70.00000000000023,109.86666666666656,132.8166666666716,459.89999999999804,337.40000000000146,557.2833333333222
1085,79.88333333333344,115.86666666666679,185.0,485.35000000000286,273.0999999999999,520.7333333333202
1086,108.34999999999968,101.65000000000146,193.03333333333103,472.8666666666593,400.26666666666847,594.1333333333355
1087,112.0,153.59999999999968,167.86666666666656,515.650000000003,357.016666666678,533.0333333333451
1088,165.5499999999979,143.16666666666652,181.6166666666661,597.5999999999972,375.2999999999861,605.3666666666675
1089,187.91666666666606,115.95000000000005,216.23333333333312,693.0,405.68333333332544,867.6833333333302
1090,154.0333333333333,135.66666666666038,238.66666666666697,702.9666666666501,546.0833333333335,701.0833333333239
1091,116.14999999999782,102.49999999999864,188.0333333333308,592.8999999999808,531.6500000000071,615.5999999999888
1092,235.69999999999982,97.10000000000264,221.66666666666742,406.2499999999993,448.6999999999939,538.0166666666644
1093,230.71666666666738,45.93333333332703,213.5,474.79999999999586,540.400000000016,717.9666666666681
1094,205.0999999999949,45.34999999999968,265.9000000000001,539.1999999999932,463.7999999999963,714.9000000000046
1095,376.36666666667156,54.566666666666606,324.9000000000076,411.3833333333332,332.2666666666664,634.6833333333234
1096,231.74999999999477,60.08333333333394,288.01666666666597,476.1999999999807,160.26666666666983,773.2666666666705
1097,242.06666666666547,101.01666666666688,290.5000000000023,356.23333333333335,93.83333333333121,597.3333333333367
1098,329.95000000000095,72.46666666666624,320.39999999999986,304.11666666665883,81.199999999998,539.0666666666618
1099,295.68333333333294,88.40000000000055,324.18333333332976,355.54999999999336,222.66666666666538,589.9333333333357
1100,336.0666666666666,63.949999999997544,223.46666666666874,329.0000000000009,494.8166666666648,489.3833333333455
1101,340.4499999999998,48.4166666666672,177.90000000000737,387.3500000000013,561.0,563.3333333333294
1102,344.51666666666665,70.98333333333267,100.700000000003,400.01666666666165,680.4000000000003,564.2999999999927
1103,358.916666666672,189.2166666666642,79.70000000000118,688.5000000000036,814.649999999999,516.766666666663
1104,438.09999999998695,294.0666666666657,203.7500000000025,631.9666666666617,745.1666666666715,362.91666666667334
1105,419.95000000000005,289.56666666666797,181.3666666666661,530.6833333333248,572.7999999999918,396.8666666666668
1106,434.55000000000814,280.86666666666656,176.99999999999977,397.59999999999013,308.65000000003215,707.6000000000106
1107,536.9833333333336,306.1500000000003,157.38333333333844,522.3833333333359,166.9166666666638,738.1000000000013
1108,478.28333333334444,238.23333333334745,86.1166666666652,508.5666666666566,361.60000000000036,921.5333333333367
1109,460.9833333333429,44.40000000000168,54.40000000000009,561.7999999999906,304.3333333333403,681.1500000000051
1110,403.43333333333135,72.91666666666674,54.81666666666683,626.9166666666656,418.33333333333303,546.1833333333277
1111,541.8833333333334,269.7333333333347,43.966666666666924,711.9333333333307,456.9833333333311,459.06666666665365
1112,448.4833333333413,259.6500000000051,149.28333333333467,900.9833333333411,612.0,502.1000000000033
1113,440.89999999999304,154.93333333332703,143.5,889.0500000000131,624.4166666666727,584.8833333333321
1114,377.99999999999955,102.64999999999941,138.61666666666656,640.9500000000044,528.650000000026,690.1500000000049
1115,387.1833333333245,95.0,114.80000000000018,594.0833333333364,382.8166666666666,518.0
1116,251.2166666666592,115.70000000000186,87.19999999999618,758.7166666666753,436.9000000000019,524.4833333333368
1117,144.61666666666747,94.11666666666815,60.83333333333303,591.3166666666652,551.0833333333378,684.900000000011
1118,232.21666666666601,175.7499999999984,57.14999999999873,749.8500000000079,526.166666666652,448.5166666666737
1119,284.016666666673,246.79999999999882,164.55000000000018,1222.400000000006,561.0,485.9500000000089
1120,202.4333333333327,225.76666666666733,158.63333333333344,1206.5833333333367,519.2833333333331,575.0333333333376
1121,203.73333333333494,241.80000000000018,108.81666666666615,1127.7666666666755,622.3833333333421,708.9666666666594
1122,149.43333333333317,182.2666666666571,151.19999999999936,770.4833333333274,461.99999999999227,716.6666666666679
1123,143.01666666666665,124.2999999999995,267.4833333333336,686.1166666666534,177.7333333333297,657.5666666666637
1124,196.33333333333326,239.43333333333203,273.43333333333567,384.0166666666512,312.4333333333352,542.2333333333333
1125,120.33333333333712,208.38333333333208,255.88333333333276,305.86666666666906,530.8666666666686,337.93333333335113
1126,105.91666666666697,255.90000000000032,246.5,346.8833333333382,505.1166666666677,305.86666666667134
1127,111.91666666666674,242.98333333333403,181.6999999999955,646.9499999999955,464.54999999999905,185.19999999999482
1128,146.38333333333344,236.19999999999936,117.91666666666447,761.7833333333301,521.4999999999998,143.0
1129,145.63333333333276,155.23333333332016,88.41666666666924,730.4833333333409,444.4333333333302,152.0
1130,93.9666666666667,145.88333333333298,124.11666666666656,712.4499999999944,262.18333333332134,265.8333333333319
1131,100.51666666666574,176.00000000000068,139.7333333333338,569.8500000000006,373.8166666666664,310.5666666666682
1132,89.79999999999927,116.83333333333121,120.21666666666488,749.4000000000037,321.35000000000355,344.0
1133,96.900000000001,81.3333333333344,73.46666666666783,605.1000000000038,113.38333333333117,323.59999999999536
1134,76.2833333333333,177.73333333333335,136.1499999999994,477.86666666668475,141.68333333333976,416.799999999997
1135,77.21666666666715,182.91666666666924,194.1833333333343,360.40000000000236,209.0,314.5833333333346
1136,67.78333333333262,76.09999999999854,291.65000000000487,312.1666666666795,269.83333333333394,349.0
1137,76.41666666666538,42.883333333334804,226.59999999999945,531.6333333333339,464.116666666667,427.9333333333434
1138,106.69999999999686,55.16666666666606,219.1333333333339,468.450000000003,589.1666666666665,266.5500000000086
1139,231.33333333334372,91.2833333333324,178.4499999999955,588.6666666666586,701.8499999999947,399.1999999999987
1140,178.38333333333435,95.2333333333338,117.04999999999814,716.1333333333328,743.166666666652,367.60000000000764
1141,143.98333333333426,97.63333333333367,236.70000000000482,630.7833333333494,595.366666666657,395.04999999999427
1142,149.76666666667074,98.84999999999991,288.0499999999979,473.0000000000157,566.8500000000004,306.0999999999947
1143,116.01666666666529,75.7333333333329,253.00000000000045,472.41666666667584,515.3499999999958,200.2666666666587
1144,120.91666666666538,33.433333333334076,178.33333333334258,393.73333333332835,558.1999999999937,533.0999999999949
1145,110.9333333333334,30.683333333333394,174.5666666666666,374.4499999999987,592.5833333333367,580.2999999999979
1146,83.10000000000036,27.4500000000005,187.4166666666663,336.93333333332384,484.5499999999913,901.3999999999908
1147,87.75,107.64999999999759,228.6333333333307,395.9499999999996,350.71666666666033,771.9833333333463
1148,94.46666666666556,19.73333333333312,249.24999999999636,413.533333333334,262.73333333333585,652.7000000000055
1149,66.93333333333248,181.26666666666551,240.13333333333117,356.35000000000014,287.6666666666665,617.849999999996
1150,68.29999999999995,236.0,248.15000000000168,647.3333333333403,292.9166666666654,554.3500000000004
1151,149.59999999999877,229.2666666666671,158.46666666667898,599.2333333333297,210.3999999999803,510.63333333331707
1152,138.24999999999045,189.93333333333862,87.55000000000541,570.7000000000094,178.81666666666843,304.6500000000035
1153,149.49999999999955,282.80000000000086,72.66666666666697,535.7166666666617,245.03333333333535,457.2666666666655
1154,203.799999999997,310.08333333333417,193.03333333333308,481.16666666666083,469.0,481.3000000000111
1155,155.86666666666656,280.11666666666474,156.83333333333326,572.9499999999975,420.2499999999991,540.4666666666626
1156,162.73333333333153,156.55000000000314,128.80000000000018,578.5166666666619,255.63333333332366,586.349999999986
1157,136.6499999999969,147.1833333333309,126.55000000000086,454.4833333333254,368.0666666666682,524.900000000009
1158,98.73333333333449,113.05000000000223,159.20000000000118,451.5000000000009,287.133333333343,503.2333333333363
1159,151.4333333333327,139.0,176.2166666666667,622.4000000000058,483.8666666666584,504.9000000000012
1160,161.48333333333107,162.44999999999982,104.5666666666632,487.1500000000017,529.7833333333353,434.43333333334454
1161,161.53333333333353,150.04999999999723,64.3333333333319,312.78333333331625,494.433333333325,565.2833333333281
1162,202.43333333333544,140.18333333333294,275.63333333333253,439.28333333333694,408.56666666667434,574.0333333333363
1163,162.89999999999986,86.76666666666051,265.1666666666654,390.2500000000048,270.9833333333297,447.9166666666781
1164,141.53333333333285,48.249999999997954,168.76666666667688,538.1833333333277,347.0,513.1166666666677
1165,84.86666666666042,48.13333333333321,133.26666666667643,453.3333333333517,560.0,295.43333333333385
1166,71.03333333333353,90.33333333333258,24.16666666666697,476.03333333333353,520.7500000000009,171.5333333333324
1167,114.09999999999991,238.6166666666661,34.5166666666662,458.55000000000405,441.5833333333135,47.79999999999677
1168,137.0666666666641,223.68333333333385,147.08333333333394,332.6000000000008,385.4999999999777,309.0999999999999
1169,146.0166666666662,229.0666666666666,155.08333333333894,268.25000000000114,376.13333333333185,314.18333333333453
1170,170.51666666666756,219.13333333333458,158.21666666666852,315.9000000000178,339.5000000000043,358.8000000000011
1171,148.13333333333685,109.81666666666729,119.99999999999909,283.86666666666906,237.09999999998945,465.98333333332084
1172,139.4833333333329,42.700000000000045,58.93333333333271,208.18333333333544,201.10000000000014,407.9666666666683
1173,232.9833333333363,162.41666666666674,46.499999999997954,291.06666666667115,268.3999999999994,455.6499999999994
1174,195.0,165.50000000000182,49.0,592.5666666666666,331.26666666667484,363.63333333333094
1175,250.93333333333294,209.16666666666697,70.53333333333217,527.2166666666665,345.7333333333263,485.0
1176,236.66666666666788,202.95000000000005,77.90000000000055,524.6000000000072,520.250000000005,608.099999999987
1177,207.89999999999918,183.25000000000023,84.40000000000236,772.2666666666637,564.7500000000002,269.24999999999886
1178,144.41666666667106,161.34999999999832,65.34999999999991,832.5833333333442,441.3166666666698,567.1666666666747
1179,228.91666666666674,187.19999999999982,49.48333333333403,910.5999999999992,464.59999999999513,671.4166666666804
1180,268.21666666666465,90.5666666666607,34.299999999999955,870.6166666666754,417.96666666667375,402.3500000000063
1181,248.66666666667084,68.20000000000005,51.066666666666606,452.9499999999937,360.75000000000045,736.1333333333396
1182,212.39999999999918,87.14999999999623,57.666666666667425,532.6833333333232,172.0333333333367,769.3999999999919
1183,135.5166666666621,110.84999999999309,67.38333333333253,686.7666666666762,109.0,961.7999999999975
1184,149.51666666666938,72.51666666666665,168.4666666666667,496.24999999999795,164.96666666666783,932.7833333333322
1185,160.9666666666651,204.43333333333862,226.0,583.3999999999967,387.0666666666648,901.8666666666775
1186,280.800000000002,138.4666666666726,233.59999999999945,632.5000000000064,580.6666666666699,814.199999999998
1187,328.1999999999998,108.01666666666802,304.58333333333417,708.8333333333235,792.916666666664,578.983333333349
1188,325.59999999999854,81.09999999999877,286.98333333333335,500.6500000000083,768.1333333333325,604.3333333333339
1189,166.13333333332457,194.91666666666674,176.26666666666506,410.7500000000023,634.1333333333246,640.8000000000036
1190,167.1166666666643,250.59999999999854,115.00000000000409,317.50000000000523,753.3333333333378,763.2833333333338
1191,231.93333333334022,265.88333333333526,127.13333333333321,398.44999999999845,574.7833333333294,715.9999999999907
1192,171.7499999999984,258.5333333333333,105.0666666666657,705.3666666666675,602.4500000000014,543.650000000003
1193,160.0,232.5666666666691,89.5833333333303,927.9000000000176,699.3333333333351,561.9833333333293
1194,198.75,183.6666666666565,52.66666666666788,726.699999999998,650.4666666666599,539.0000000000127
1195,249.11666666666747,228.40000000000055,32.19999999999936,994.0166666666603,396.4833333333195,553.0333333333324
1196,153.4166666666647,145.83333333333553,49.06666666666706,1231.71666666664,249.683333333345,226.51666666665506
1197,114.31666666666752,132.91666666666742,61.966666666665105,1116.316666666678,177.6666666666688,260.70000000000005
1198,128.03333333333444,212.28333333333285,72.89999999999941,965.000000000005,238.09999999999604,321.9333333333316
1199,106.69999999999891,205.16666666666697,54.733333333333576,618.283333333339,406.5999999999981,455.0
1200,101.39999999999873,421.7333333333304,192.0,461.4499999999939,380.45000000000095,396.66666666666447
1201,158.3333333333353,389.0666666666666,233.58333333333485,390.7500000000091,475.0,634.8000000000013
1202,133.7833333333317,316.116666666662,145.7500000000016,212.03333333333444,573.0666666666627,525.0166666666589
1203,71.68333333333385,279.8499999999992,137.9499999999996,626.0666666666641,826.8833333333396,311.68333333332293
1204,202.89999999999964,305.33333333333326,81.70000000000573,979.1999999999998,783.0999999999951,237.59999999999968
1205,209.7166666666667,280.29999999999086,47.91666666666674,904.349999999997,656.2666666666753,259.0333333333374
1206,148.5333333333333,262.166666666679,76.5,1024.7666666666823,630.6833333333345,480.40000000001555
1207,246.8000000000011,212.0166666666653,64.23333333333449,754.2999999999975,541.1833333333357,291.26666666666415
1208,245.36666666666633,337.9666666666669,143.25,685.7000000000126,334.1000000000017,580.7166666666765
1209,231.4833333333288,260.4000000000085,63.16666666666379,488.41666666665674,350.10000000000264,587.3999999999887
1210,255.76666666666665,357.4499999999996,121.5333333333333,645.9166666666481,324.5499999999995,345.6833333333291
1211,215.6000000000065,272.36666666666565,102.65000000000077,928.999999999992,381.233333333322,602.0833333333353
1212,168.53333333333399,239.2499999999991,186.05000000000132,868.5000000000182,362.5833333333296,695.4000000000062
1213,164.96666666666806,192.4333333333309,85.66666666666833,715.0999999999879,327.7833333333349,783.0
1214,114.68333333333044,87.0333333333258,76.41666666666674,651.4000000000106,266.0666666666775,787.7500000000011
1215,212.7666666666596,67.41666666666629,94.21666666666647,785.9833333333288,359.716666666676,524.1000000000045
1216,261.49999999999955,128.5833333333337,69.23333333333107,753.8499999999929,345.6333333333291,516.3333333333344
1217,318.26666666666506,67.73333333333176,78.0,908.3666666666563,353.98333333333494,319.81666666666365
1218,302.0833333333346,77.19999999999982,69.91666666666674,802.7500000000005,445.3666666666725,365.76666666667506
1219,278.1333333333405,134.43333333333317,57.45000000000027,786.9166666666649,549.9666666666731,211.80000000000155
1220,141.85000000000036,127.0,84.28333333333512,808.2666666666685,929.9333333333377,206.7499999999984
1221,301.4333333333318,126.90000000000214,86.900000000001,842.1500000000187,691.3499999999951,252.9499999999989
1222,258.31666666666933,146.16666666666652,78.14999999999873,870.3166666666664,775.7666666666466,495.4666666666669
1223,205.49999999999977,105.70000000000437,43.6500000000035,966.3333333333244,904.9166666666649,695.5999999999976
1224,256.9499999999982,203.39999999999986,67.80000000000064,990.6666666666688,1006.4166666666506,512.3166666666818
1225,140.59999999999764,337.70000000000914,110.43333333333248,873.2833333333422,776.5999999999983,519.9166666666615
1226,159.74999999999977,212.71666666666647,114.80000000000086,722.7999999999681,578.6000000000108,440.5500000000011
1227,144.5333333333267,292.0,101.5833333333319,627.9666666666747,691.9000000000096,232.41666666665992
1228,220.88333333333253,282.51666666667415,110.19999999999936,680.8166666666814,660.5666666666575,244.33333333333348
1229,250.46666666666806,165.29999999999632,99.5833333333344,708.3166666666634,640.0000000000055,271.55000000000496
1230,272.0166666666664,112.98333333333062,86.43333333333362,624.6166666666693,639.9666666666681,223.5833333333237
1231,288.2000000000007,173.1833333333352,157.0,629.8833333333284,633.8499999999781,495.16666666666833
1232,256.4166666666715,260.83333333333326,141.1500000000019,771.4833333333195,512.4000000000058,739.3166666666696
1233,161.00000000000364,309.5333333333417,227.66666666666697,846.983333333334,702.6333333333387,688.4666666666631
1234,101.84999999999991,202.70000000000027,242.3666666666661,921.6833333333468,740.8499999999981,799.0166666666573
1235,74.1666666666681,205.9499999999996,442.93333333333726,862.6166666666679,581.5666666666691,941.2999999999975
1236,138.13333333333276,202.36666666666656,300.56666666666615,656.3666666666768,561.783333333331,665.0833333333699
1237,140.23333333333312,226.0999999999999,196.58333333334008,510.23333333331584,315.8666666666743,516.0000000000009
1238,168.3499999999999,127.86666666665246,49.150000000000546,464.48333333333244,192.69999999999686,594.316666666658
1239,280.48333333333403,73.06666666666615,49.900000000000546,794.0000000000127,276.48333333332766,737.3666666666645
1240,253.29999999999973,61.400000000000546,42.6666666666672,929.1833333333318,281.99999999999477,922.6166666666629
1241,229.04999999999745,47.983333333333576,121.7166666666667,954.2666666666662,254.23333333333517,821.0833333333319
1242,127.7999999999954,164.43333333333703,122.33333333333348,917.5333333333326,370.78333333333126,691.966666666669
1243,67.96666666666738,246.53333333333148,129.9000000000001,869.7499999999948,234.68333333332066,448.2499999999684
1244,65.31666666666638,144.5666666666657,244.4333333333334,986.1333333333371,293.6666666666656,516.6499999999996
1245,60.4333333333343,114.00000000000091,268.2999999999997,1071.3999999999917,443.14999999999714,688.5666666666777
1246,60.316666666666606,106.79999999999905,240.46666666665988,854.1999999999882,515.0666666666557,600.5
1247,59.66666666666697,65.74999999999727,136.18333333333658,811.3500000000072,439.3833333333432,703.9500000000003
1248,50.83333333333303,132.64999999999782,102.6000000000056,790.4333333333241,370.38333333333344,694.8166666666618
1249,55.54999999999973,58.34999999999991,74.66666666666674,464.16666666668266,465.86666666666724,620.0333333333353
1250,54.5,338.0499999999986,90.10000000000196,436.3500000000147,415.0000000000109,695.6333333333403
1251,120.26666666666006,300.4500000000137,70.78333333333512,484.98333333333267,423.399999999996,479.9833333333354
1252,189.83333333333417,208.7666666666721,238.39999999999918,633.9499999999898,605.0833333333205,488.0666666666684
1253,271.56666666667365,224.9833333333329,221.0,606.2833333333226,652.9333333333316,413.7333333333372
1254,251.58333333333326,257.4500000000005,196.1333333333339,501.91666666666856,685.7833333333485,413.2499999999959
1255,302.0,242.21666666666624,196.29999999999973,400.7666666666537,582.74999999999,490.48333333333767
1256,344.533333333334,314.9166666666572,249.28333333333103,233.5500000000061,626.7166666666626,455.0
1257,409.6000000000065,263.70000000000323,197.73333333331948,243.43333333333567,535.3499999999801,377.2833333333349
1258,289.6166666666652,151.21666666666715,270.5999999999981,431.3166666666664,312.85000000000423,238.21666666667215
1259,184.16666666666242,155.7000000000021,219.99999999999045,429.0999999999972,505.51666666667575,257.25000000001273
1260,141.38333333334026,146.21666666666442,134.65000000000555,465.65000000000055,468.3500000000006,181.93333333333453
1261,135.08333333332985,102.16666666666538,220.6166666666661,587.0833333333387,350.84999999999104,302.0
1262,236.58333333333007,96.59999999999991,211.13333333333276,502.4833333333286,370.01666666666597,328.4666666666626
1263,214.40000000000077,193.56666666666933,210.63333333333276,583.9666666666769,389.3166666666814,382.299999999997
1264,323.0,97.93333333334567,199.21666666666601,387.2833333333349,408.9000000000012,319.266666666676
1265,383.5000000000002,27.033333333333303,144.0166666666653,597.0000000000018,501.8999999999985,331.2999999999836
1266,348.8166666666673,93.0,143.01666666666483,804.1666666666522,511.28333333333217,220.36666666667043
1267,215.9499999999898,114.88333333333435,99.51666666667279,936.4833333333252,514.1166666666622,291.800000000007
1268,110.89999999999941,125.9666666666676,81.29999999999495,860.5666666666793,371.0333333333383,459.28333333333535
1269,50.16666666667129,128.0,77.35000000000014,788.766666666671,310.5666666666691,413.46666666666715
1270,42.15000000000009,218.0000000000034,72.36666666666656,819.7000000000178,220.99999999999818,718.6166666666661
1271,152.88333333333276,258.96666666666397,62.71666666666806,814.5333333333251,437.8166666666648,527.8833333333439
1272,147.7833333333333,349.133333333328,70.7166666666667,673.4000000000055,335.2666666666639,317.033333333326
1273,145.1000000000015,258.80000000000064,59.80000000000018,851.1333333333343,441.0666666666684,440.05000000000064
1274,158.0,274.36666666666656,56.21666666666806,930.8000000000006,360.49999999999864,572.9500000000057
1275,84.14999999999645,260.63333333333117,50.39999999999918,918.6666666666626,268.73333333333426,529.4500000000028
1276,116.63333333333367,269.38333333333185,65.73333333333358,829.7166666666753,216.16666666666652,507.7333333333379
1277,188.25000000000205,221.49999999999068,97.74999999999977,889.4833333333368,192.93333333333635,453.80000000001155
1278,179.70000000000027,228.03333333333512,144.0,1205.7166666666633,274.93333333332976,309.40000000001123
1279,220.40000000000464,237.24999999999955,133.01666666666847,1156.7666666666594,396.0333333333424,242.53333333332853
1280,278.8333333333303,231.7999999999986,71.68333333333476,960.8833333333282,481.9000000000003,109.38333333333162
1281,278.88333333333935,238.8000000000079,57.01666666666597,965.949999999996,537.0666666666716,289.8833333333307
1282,322.71666666667284,171.03333333332762,77.2166666666651,877.6833333333454,340.7666666666737,486.066666666665
1283,234.20000000000573,168.88333333333344,54.86666666666565,816.750000000012,364.86666666666906,429.6499999999983
1284,253.3499999999999,139.59999999999172,127.0,535.7833333333215,712.0,408.41666666666765
1285,129.38333333332525,175.85000000000036,127.0,471.4833333333311,747.0999999999954,441.00000000000796
1286,66.73333333333335,90.50000000000296,144.0,601.9333333333436,679.6000000000006,418.0833333333328
1287,69.14999999999941,106.44999999999982,143.7666666666671,625.0500000000002,910.2166666666569,456.01666666666983
1288,59.33333333333394,130.83333333333576,174.66666666667174,917.200000000011,653.3666666666813,366.7833333333333
1289,125.33333333333348,108.53333333333376,135.20000000000164,741.7666666666794,392.43333333332544,216.9500000000014
1290,227.300000000002,224.5666666666666,152.06666666666615,563.8333333333462,228.1999999999989,273.3666666666661
1291,155.99999999999932,226.03333333333308,174.58333333333348,527.0666666666702,247.1333333333323,466.86666666666656
1292,150.23333333333267,159.80000000001132,137.96666666666533,340.6166666666454,269.0,372.8666666666604
1293,104.46666666666692,58.350000000000136,289.3500000000049,360.0,260.166666666669,430.666666666669
1294,111.9333333333334,75.83333333333371,238.26666666667097,501.10000000000036,111.23333333332744,285.433333333335
1295,82.88333333333026,195.1833333333334,195.549999999997,869.833333333333,160.0,157.8333333333344
1296,139.0,170.49999999999295,138.80000000000337,663.5000000000009,358.5999999999906,119.0
1297,135.4833333333263,166.64999999999895,179.6500000000001,496.53333333333717,190.88333333334276,246.11666666666633
1298,205.59999999999627,333.4000000000035,129.05000000000496,685.2000000000019,184.11666666666702,440.3166666666659
1299,165.8166666666657,361.4499999999996,116.60000000000059,783.6666666666592,393.0,320.33333333333667
1300,126.69999999999823,337.2333333333336,116.86666666666656,641.5999999999872,818.9833333333365,336.099999999999
1301,46.05000000000064,150.28333333332967,119.14999999999986,567.7666666666735,652.9833333333402,487.2833333333249
1302,176.05000000000086,127.66666666666583,91.73333333333085,593.0666666666637,588.5833333333303,545.0666666666684
1303,307.86666666666656,113.1666666666697,84.33333333333167,651.3166666666641,877.68333333333,359.2666666666537
1304,206.16666666668038,99.89999999999918,81.80000000000064,784.0666666666646,725.3333333333399,580.1666666666672
1305,289.89999999999964,104.89999999999782,85.29999999999995,661.2166666666501,755.4666666666685,496.80000000000973
1306,137.18333333335204,143.55000000000064,61.50000000000114,459.9999999999975,628.4500000000087,450.3666666666852
1307,119.7666666666662,204.3500000000015,127.1333333333223,570.6833333333302,579.0666666666666,280.9833333333536
1308,116.08333333333371,213.53333333333444,68.03333333333399,434.8499999999999,574.9666666666428,381.3500000000013
1309,144.9999999999991,235.06666666666865,98.6333333333323,387.1333333333357,607.2000000000044,415.9666666666608
1310,199.73333333333176,192.91666666666788,96.33333333333553,117.63333333332866,860.6166666666766,405.91666666666265
1311,273.58333333333303,174.68333333333362,59.116666666666106,393.9999999999968,834.4000000000046,597.0833333333342
1312,234.14999999999782,160.18333333333294,83.66666666666515,614.2999999999997,762.5000000000089,771.8333333333301
1313,220.90000000000055,111.94999999999595,81.0,827.7666666666639,664.9666666666615,546.4833333333136
1314,173.24999999999613,91.61666666666974,70.96666666666488,1019.6666666666663,717.4666666666524,654.0166666666464
1315,108.9833333333329,112.71666666666601,216.53333333333399,1042.5500000000006,497.20000000000664,547.349999999991
1316,72.74999999999955,136.40000000000146,211.24999999999045,1045.2833333333335,395.6666666666745,358.71666666666624
1317,120.2000000000005,137.9166666666663,126.73333333333244,822.6999999999709,573.9500000000032,583.1333333333337
1318,170.83333333333417,125.69999999999845,146.41666666666902,659.2000000000032,501.00000000000114,584.6666666666681
1319,170.23333333333449,157.68333333333112,148.3999999999994,668.7833333333347,765.2999999999997,521.6999999999971
1320,184.9333333333334,146.7333333333313,123.66666666666674,548.7166666666712,715.1166666666597,400.3000000000022
1321,183.75000000000023,126.59999999999877,169.33333333332735,589.1000000000029,736.6166666666527,514.0999999999876
1322,195.86666666666633,125.50000000000091,183.0,523.8166666666782,673.8666666666586,513.1333333333178
1323,138.79999999999245,162.9666666666642,219.8833333333332,552.5166666666541,491.6166666666527,429.08333333333235
1324,166.98333333333358,188.96666666665874,300.20000000000005,788.9166666666592,264.83333333333303,317.13333333332776
1325,172.79999999999905,144.28333333333217,303.1166666666536,638.1499999999944,140.0333333333192,351.98333333333017
1326,213.08333333333417,133.3499999999981,208.23333333333312,594.0999999999958,70.9333333333334,450.34999999999513
1327,230.0166666666678,158.53333333333785,135.75000000000068,524.0166666666642,251.0,537.2666666666657
1328,168.1333333333355,189.0,126.88333333333094,596.5166666666646,239.5166666666637,520.9499999999998
1329,355.4999999999993,197.33333333333303,93.35000000000014,657.0833333333155,245.43333333333112,538.0499999999881
1330,294.0833333333235,189.33333333333394,70.74999999999886,472.1000000000033,226.60000000000082,364.93333333335613
1331,234.84999999999764,170.83333333333348,154.0,592.4333333333275,459.0500000000011,184.23333333332675
1332,290.76666666666665,275.36666666666315,327.7333333333363,468.0,422.33333333332416,337.0
1333,266.6666666666681,413.0499999999904,303.35000000000105,368.2666666666662,467.20000000000255,366.7333333333247
1334,209.63333333332503,430.6666666666672,457.1000000000022,309.9333333333266,583.8999999999933,371.2500000000016
1335,85.700000000003,372.66666666667425,350.3166666666591,383.29999999999063,500.18333333332635,349.8666666666661
1336,51.65000000000168,309.3499999999972,283.7166666666765,288.33333333334303,443.7333333333345,237.80000000000064
1337,80.71666666666806,188.1833333333334,380.7166666666667,236.73333333333358,395.6333333333366,200.20000000000073
1338,44.350000000000364,175.78333333333285,307.8999999999985,453.61666666666406,290.38333333332866,323.5666666666648
1339,53.89999999999918,225.60000000000036,347.71666666666624,493.5666666666675,314.4166666666772,316.2333333333411
1340,183.99999999999955,272.3666666666686,262.86666666667816,754.5666666666752,447.84999999999786,275.20000000000164
1341,213.21666666666647,243.34999999999923,208.3000000000004,710.3333333333326,435.99999999999045,459.03333333333694
1342,232.3833333333339,221.1333333333339,155.55000000000086,766.7500000000025,348.7333333333372,547.1999999999925
1343,141.29999999999018,162.21666666666624,112.26666666666665,631.1166666666745,287.0166666666678,514.8666666666636
1344,84.78333333333217,255.14999999999895,113.89999999999964,608.8333333333285,495.6166666666711,572.566666666668
1345,90.0,353.8000000000011,71.33333333332848,550.9499999999994,508.68333333332066,654.533333333331
1346,62.61666666666406,400.9500000000012,32.75000000000023,565.7499999999916,576.5499999999913,766.7833333333388
1347,63.2999999999995,289.1666666666738,35.75000000000023,573.6500000000103,570.599999999999,693.1833333333311
1348,67.65000000000009,261.4166666666663,46.36666666666679,539.8333333333314,515.0999999999976,679.6666666666654
1349,62.749999999997954,293.783333333334,40.08333333333235,443.21666666665897,767.5499999999961,543.6833333333536
1350,59.63333333333412,209.3999999999951,142.16666666666788,638.3500000000004,556.3166666666584,669.1499999999828
1351,84.16666666666629,141.450000000008,62.89999999999873,664.1999999999935,346.2666666666564,615.216666666656
1352,144.61666666666724,88.26666666666665,62.05000000000041,619.1666666666722,484.0,308.7833333333281
1353,182.6833333333334,153.65000000000077,67.83333333333258,596.816666666668,574.1833333333359,423.10000000000923
1354,175.34999999999923,149.41666666666947,95.99999999999909,770.0333333333401,562.3500000000131,351.2000000000178
1355,159.69999999999914,126.04999999999995,104.19999999999823,624.5000000000123,603.7833333333294,473.0
1356,156.30000000000177,119.25000000000023,136.78333333333626,706.8166666666584,616.7333333333161,433.9500000000037
1357,157.35000000000468,182.58333333333303,68.56666666665978,663.7000000000057,871.0,477.1666666666581
1358,101.68333333333271,437.43333333333226,52.599999999998545,632.9666666666667,767.4333333333241,390.21666666666806
1359,88.68333333333567,473.96666666666465,39.066666666666606,914.1500000000071,563.949999999988,361.0
1360,80.16666666666765,443.5666666666709,67.0,1129.1166666666602,437.2666666666564,357.333333333326
1361,93.84999999999945,422.05000000000064,88.0,1067.400000000005,324.28333333333467,313.3666666666677
1362,79.7666666666671,405.0666666666748,230.8666666666668,716.2499999999923,352.83333333333144,291.59999999999127
1363,103.56666666666479,240.59999999999923,242.43333333333317,552.6500000000151,510.6333333333323,329.76666666666733
1364,175.59999999999764,162.900000000001,214.96666666666624,360.23333333333176,735.0,399.1666666666679
1365,177.7500000000009,168.2500000000025,159.3499999999999,395.6000000000058,505.88333333334094,579.2999999999943
1366,136.74999999999682,203.01666666666756,160.1333333333332,421.2833333333383,287.41666666666765,909.0833333333455
1367,203.0,189.04999999999995,156.83333333333167,481.05000000000155,120.25000000000614,888.9333333333316
1368,181.18333333333226,169.25000000001273,98.49999999999181,433.0,234.0,833.0666666666752
1369,211.5666666666673,356.9999999999991,52.74999999999977,417.31666666666706,376.26666666666483,543.8000000000147
1370,70.45000000000755,422.73333333332357,42.233333333332894,548.0,665.7999999999984,488.03333333332785
1371,49.666666666666515,531.0000000000011,65.73333333333312,905.1166666666809,785.0,550.4333333333366
1372,127.58333333333212,458.64999999999577,91.40000000000055,812.3333333333394,817.1500000000019,377.6166666666745
1373,114.09999999999923,358.18333333332384,84.46666666666533,985.7999999999984,715.6833333333363,276.666666666664
1374,65.64999999999009,194.1333333333164,72.01666666666688,898.3999999999969,840.7666666666653,349.2500000000084
1375,150.08333333333326,160.73333333333312,170.3333333333344,824.499999999993,710.2999999999888,550.3999999999958
1376,162.16666666666652,146.33333333333144,183.63333333333412,849.6333333333173,639.6333333333373,390.5999999999997
1377,283.6666666666672,265.9833333333354,120.41666666667015,736.2833333333256,509.73333333334267,485.11666666666065
1378,290.4500000000003,407.88333333333276,242.61666666666792,523.0833333333392,624.0833333333351,418.99999999999227
1379,269.6000000000108,469.66666666666356,217.11666666666952,445.3166666666559,636.7666666666623,432.4000000000051
1380,117.51666666665733,313.8999999999962,220.29999999999814,470.6500000000083,410.70000000001437,447.1833333333434
1381,224.93333333333385,225.6833333333327,220.70000000000073,435.99999999999545,381.70000000000255,386.86666666666497
1382,204.28333333333444,211.0333333333317,149.4833333333347,531.1666666666736,238.71666666666442,421.5166666666678
1383,291.4166666666672,161.1333333333314,198.06666666666797,507.61666666667384,356.84999999999286,537.250000000002
1384,284.88333333333253,308.4999999999998,214.0666666666682,641.3333333333403,485.23333333333153,511.2333333333504
1385,248.71666666668034,255.0833333333419,185.7333333333329,729.8166666666611,405.09999999999377,313.33333333333303
1386,202.46666666666897,164.01666666666006,131.28333333333512,762.3333333333223,302.800000000002,487.9166666666681
1387,191.68333333332407,114.36666666666451,130.0,824.8499999999865,345.7500000000034,489.60000000000105
1388,131.54999999999927,119.93333333333476,186.75000000000387,691.5666666666796,312.3833333333339,530.8000000000061
1389,273.4166666666663,141.06666666666706,127.5833333333328,634.4666666666735,265.5166666666671,448.8333333333412
1390,305.83333333333303,159.44999999999982,217.5,716.3000000000088,83.73333333332903,416.7666666666553
1391,273.49999999998704,160.96666666666738,204.43333333332453,541.5999999999924,86.96666666666147,400.2166666666633
1392,153.29999999999814,134.05000000000405,113.89999999999873,374.5666666666684,242.9333333333243,522.2999999999993
1393,190.26666666666551,141.2166666666667,143.0,397.8500000000006,382.9999999999927,520.3333333333321
1394,187.51666666666733,116.28333333333399,180.54999999999973,459.1000000000108,371.2999999999952,562.0166666666685
1395,154.68333333333317,101.16666666666833,141.6166666666711,530.5499999999925,550.5999999999976,385.2500000000032
1396,120.24999999999977,79.14999999999964,46.45000000000073,333.9499999999996,747.2000000000048,358.6000000000163
1397,225.16666666666788,51.78333333333467,60.88333333333435,642.9666666666667,692.2999999999965,133.6333333333239
1398,248.8000000000004,42.499999999997726,55.51666666666779,771.3666666666654,734.7999999999909,95.1833333333318
1399,209.74999999999795,45.0,51.33333333333303,1017.8666666666752,622.3500000000101,313.1999999999998
1400,123.64999999999145,53.58333333333394,59.883333333333894,806.2333333333472,545.5333333333383,460.71666666666124
1401,194.26666666666688,74.53333333333376,67.25000000000023,647.4666666666699,460.08333333334485,450.60000000000696
1402,181.71666666666715,47.733333333332894,154.50000000000182,653.2000000000021,420.68333333333294,386.16666666667857
1403,267.68333333333294,30.76666666666597,144.40000000000532,719.4166666666731,275.1333333333373,282.55000000000837
1404,260.6333333333282,82.71666666666783,83.64999999999827,548.9000000000049,184.6833333333409,337.28333333333535
1405,255.18333333333294,31.86666666666406,100.0,653.3333333333312,79.00000000000091,430.6000000000022
1406,192.71666666666715,124.63333333333298,85.1666666666697,700.2500000000093,191.21666666666374,599.6666666666681
1407,112.53333333332239,131.48333333333358,140.2833333333333,640.4166666666722,139.89999999999986,658.6500000000167
1408,113.16666666666652,151.75,155.05000000000086,410.76666666665574,124.23333333333335,471.65000000000305
1409,99.14999999999895,263.5999999999999,180.69999999999914,403.6499999999926,81.599999999994,594.6999999999887
1410,118.18333333333317,312.11666666667134,144.39999999999782,378.68333333333703,175.48333333333017,580.0
1411,132.0,250.38333333333844,131.2666666666662,447.5500000000052,190.71666666666715,567.999999999993
1412,167.35000000000014,198.13333333333344,118.31666666666933,626.2999999999988,400.0500000000111,250.01666666664596
1413,167.60000000000014,181.78333333333285,95.20000000000005,614.7666666666669,354.2333333333422,351.19999999999663
1414,220.88333333333458,259.25,98.36666666666656,665.8999999999946,287.68333333333885,495.45000000000505
1415,142.7166666666667,245.14999999999577,145.41666666666742,420.9999999999959,85.68333333333726,449.0
1416,310.61666666666747,184.04999999999654,97.38333333332912,292.8666666666659,157.38333333333344,445.5499999999997
1417,254.2499999999991,158.93333333332725,32.600000000000364,445.43333333334203,159.75,537.5833333333346
1418,288.9166666666597,264.366666666667,201.4000000000001,326.0499999999927,276.59999999999945,557.449999999995
1419,308.90000000000146,238.983333333337,180.71666666666647,370.0500000000002,343.0,510.3833333333266
1420,376.93333333333203,164.88333333332844,195.56666666666797,493.2500000000018,319.9833333333336,439.69999999999436
1421,292.91666666667334,76.73333333333903,166.16666666666674,617.7333333333308,302.0,460.2833333333324
1422,192.46666666665146,253.48333333333358,154.46666666666783,380.26666666666983,250.149999999991,315.80000000000837
1423,279.066666666665,232.8499999999981,69.53333333332898,600.8999999999971,267.0000000000018,343.5333333333317
1424,254.76666666666893,252.2833333333333,94.69999999999777,649.6833333333325,290.1999999999964,267.5000000000068
1425,218.63333333333185,284.3166666666689,114.96666666667306,664.1833333333404,464.39999999999964,204.16666666668016
1426,246.53333333333694,181.0333333333333,73.91666666666629,614.2666666666748,490.76666666667074,345.3333333333344
1427,136.5166666666678,187.1999999999955,62.766666666664605,617.4499999999969,437.7333333333322,557.5833333333328
1428,95.11666666666565,288.6999999999998,34.250000000000455,719.3833333333346,368.70000000000437,685.9666666666587
1429,119.73333333333449,175.81666666666615,43.35000000000559,508.51666666665756,354.50000000000045,503.06666666666933
1430,141.9166666666672,54.800000000001546,14.80000000000041,533.4999999999982,395.2999999999938,405.76666666666347
1431,148.4833333333322,87.8333333333328,11.0,614.2833333333353,430.84999999999354,455.0
1432,84.93333333332703,96.88333333333344,28.466666666666242,534.6666666666599,590.2333333333356,431.66666666667834
1433,78.96666666666715,83.11666666666702,43.999999999998636,906.2833333333426,609.0,422.25000000001523
1434,130.46666666666692,58.06666666666888,51.666666666666515,810.1333333333296,573.7666666666587,336.78333333333285
1435,144.30000000000018,53.033333333333076,42.0,853.2333333333343,242.33333333335327,317.53333333333376
1436,146.0,34.61666666666565,110.83333333333348,841.5999999999976,297.0,501.46666666666533
1437,164.08333333333348,98.25000000000023,124.8666666666677,471.18333333334976,407.9833333333336,527.1666666666692
1438,207.91666666666652,106.0666666666657,215.1999999999996,373.08333333333667,349.75,282.2000000000112
1439,226.01666666666847,79.01666666666392,244.11666666666656,182.2666666666521,598.8666666666672,266.0
1440,151.33333333333462,47.86666666666429,349.13333333333685,217.48333333334062,648.0500000000027,273.76666666667074
1441,233.65000000000032,101.0,355.3166666666698,307.49999999999864,741.0833333333346,195.71666666667488
1442,299.4000000000012,103.86666666666565,292.6333333333323,479.26666666666733,586.1166666666588,277.2333333333345
1443,238.11666666665633,81.60000000000127,329.7333333333322,750.7166666666653,632.6666666666565,265.61666666666656
1444,145.01666666666665,128.10000000000173,323.0166666666669,888.3999999999942,550.6333333333191,421.6666666666615
1445,260.3500000000006,188.50000000000978,314.4000000000001,887.5833333333255,511.1999999999932,540.1166666666811
1446,294.8666666666652,130.46666666666806,228.86666666666815,992.3000000000068,363.4666666666542,363.8333333333351
1447,250.79999999999268,84.23333333333176,149.73333333333426,843.5333333333242,238.35000000000423,158.80000000000723
1448,232.2666666666653,73.03333333333399,125.10000000000537,778.0166666666858,155.53333333332807,91.0
1449,145.18333333331907,115.39999999999964,211.91666666666492,817.9833333333338,383.0,171.0
1450,187.48333333333312,119.5166666666687,348.25000000000136,640.8333333333526,368.55000000000155,260.53333333333376
1451,171.36666666666588,134.81666666666774,311.7333333333445,555.9999999999968,455.9500000000064,234.66666666667425
1452,297.2499999999984,161.99999999999932,136.0,746.6833333333238,277.4666666666667,183.80000000000246
1453,315.70000000000164,170.88333333333276,117.06666666667502,610.3499999999913,341.866666666667,203.85000000000264
1454,260.449999999998,161.06666666666683,44.00000000000091,584.0666666666764,519.100000000002,278.2166666666735
1455,215.5833333333269,283.4166666666629,33.999999999997726,517.9833333333336,465.20000000000164,156.49999999999682
1456,204.15000000000032,231.23333333333153,50.0,684.2166666666733,414.8000000000002,220.80000000000064
1457,142.51666666666483,217.66666666666833,165.76666666666597,806.2333333333422,563.6666666666683,163.83333333333803
1458,201.06666666666615,358.18333333334067,215.26666666666688,715.9499999999919,524.2833333333278,212.0
1459,217.7499999999991,306.9833333333295,227.0,557.866666666654,419.0000000000034,151.5333333333292
1460,285.2833333333349,267.86666666668,222.11666666666724,462.38333333333253,345.9666666666692,202.44999999999118
1461,269.39999999999964,201.49999999999955,267.08333333332575,286.0333333333401,452.3499999999999,198.0
1462,318.79999999999995,180.36666666666724,174.7166666666683,139.45000000000323,441.8833333333241,516.6833333333266
1463,402.30000000001246,116.06666666666752,165.06666666667434,240.70000000000073,325.63333333333185,430.8999999999951
1464,251.83333333334417,243.98333333333449,102.76666666666688,446.04999999999905,330.71666666666647,264.08333333333553
1465,186.59999999999923,173.49999999999818,67.49999999999818,345.9500000000073,420.71666666667375,376.3333333333346
1466,219.23333333333335,282.28333333333285,139.26666666666415,464.6666666666624,476.633333333323,283.46666666666715
1467,290.96666666666624,255.45000000000232,104.15000000000282,849.766666666656,421.58333333334076,318.70000000000095
1468,402.3499999999983,333.3000000000004,74.45000000000027,1078.8000000000116,644.6500000000019,267.28333333332967
1469,245.86666666664928,214.48333333332994,59.80000000000064,978.7000000000046,652.3666666666727,353.3333333333353
1470,227.8666666666661,189.75000000000296,25.833333333331666,825.7499999999893,765.5666666666682,346.1666666666747
1471,242.50000000000068,196.33333333333348,59.0,605.3833333333434,641.7999999999909,373.1999999999912
1472,155.50000000000136,101.78333333333421,67.76666666666597,671.2666666666648,764.9000000000103,453.9999999999982
1473,171.81666666666501,121.0,73.23333333333267,502.5499999999911,804.5499999999806,427.5999999999949
1474,209.1666666666663,131.1333333333332,72.41666666666583,604.3999999999969,612.9000000000101,627.9333333333327
1475,193.64999999999964,101.56666666666933,75.58333333333348,780.0166666666587,545.2166666666794,488.5666666666725
1476,194.41666666666833,117.78333333333376,203.0333333333308,775.0833333333367,436.66666666666765,394.41666666667993
1477,251.74999999999977,217.43333333333317,206.20000000000005,833.1333333333343,476.59999999999945,190.04999999999086
1478,246.349999999999,218.15000000000032,174.55000000000268,675.8999999999955,490.516666666676,213.56666666666638
1479,252.45000000000505,203.84999999999718,178.43333333334135,693.5166666666585,574.5166666666692,167.0999999999981
1480,168.28333333333285,342.1833333333336,91.00000000000045,539.8833333333293,448.1833333333527,200.13333333333003
1481,263.44999999999936,318.1500000000003,173.18333333333385,618.6833333333323,202.93333333332657,378.86666666666633
1482,207.31666666666524,181.3500000000024,205.1500000000019,607.349999999989,140.0666666666691,668.0
1483,262.06666666666547,132.50000000000773,168.6333333333348,797.1000000000029,132.09999999999604,607.4999999999968
1484,192.4166666666781,93.86666666666679,160.5,871.7833333333288,177.0499999999995,581.1666666666754
1485,168.86666666666974,78.33333333333417,183.05000000000177,934.8000000000006,202.91666666666902,279.4666666666808
1486,181.88333333333344,65.70000000000073,336.483333333332,788.1333333333434,251.0,267.8000000000036
1487,153.43333333333044,97.36666666666633,326.9833333333361,708.0833333333387,360.3166666666666,383.0
1488,149.13333333333298,103.90000000000009,237.94999999999595,821.7333333333152,257.5999999999997,486.8500000000115
1489,110.40000000000055,117.56666666666706,192.89999999999986,1030.0499999999927,352.0,473.1166666666679
1490,183.48333333333358,210.01666666666847,150.7666666666703,869.7333333333465,493.21666666665715,420.5666666666591
1491,173.46666666666715,206.0666666666666,82.76666666666665,598.7166666666553,430.70000000000186,317.9666666666601
1492,182.9666666666658,142.54999999999677,235.0166666666687,1089.4000000000092,222.20000000000437,336.73333333333176
1493,170.79999999999745,115.73333333333358,248.6166666666661,1013.1166666666631,314.00000000000045,470.13333333333185
1494,149.29999999999836,115.25000000000045,171.39999999999213,844.6333333333164,314.33333333333167,414.8333333333369
1495,170.74999999999977,120.4166666666656,120.50000000000205,759.7333333333195,228.56666666667593,528.7333333333384
1496,187.13333333333048,89.23333333333198,131.76666666667415,679.2166666666644,574.0999999999965,471.5666666666589
1497,144.53333333333262,195.49999999998977,73.36666666666815,877.3166666666764,711.1666666666874,385.3333333333262
1498,107.96666666666647,176.4666666666658,45.56666666666774,995.8499999999979,611.2666666666591,509.0
1499,122.86666666666724,111.96666666665715,232.60000000000036,801.5499999999993,406.7333333333361,315.6999999999962
1500,106.16666666666742,87.6000000000015,227.0,739.283333333339,540.0,188.73333333332516
1501,93.9666666666667,60.91666666666697,271.4333333333418,491.0666666666805,436.6499999999926,217.78333333333921
1502,93.76666666666688,67.93333333333089,117.03333333332557,345.39999999999964,494.1666666666654,443.23333333333176
1503,87.24999999999773,102.0,175.79999999999995,552.8499999999913,504.1833333333268,292.199999999988
1504,47.91666666666697,189.86666666666633,163.4833333333313,597.166666666672,444.58333333332985,366.1999999999973
1505,130.483333333337,281.15000000000055,76.76666666665506,566.8333333333321,446.21666666666806,413.33333333333394
1506,77.44999999999868,255.59999999999968,124.0,630.9333333333323,235.3000000000145,492.0
1507,233.94999999999982,242.40000000000146,121.7666666666671,832.9333333333459,143.1666666666615,491.0499999999997
1508,224.16666666666924,241.31666666667525,129.29999999999995,933.9166666666551,221.89999999999554,575.7999999999977
1509,214.25000000000023,231.46666666666283,143.14999999999964,1024.2333333333304,278.1999999999996,330.8000000000213
1510,187.23333333333244,208.0,92.59999999999854,1161.6166666666752,199.66666666666993,325.23333333333335
1511,169.8666666666668,271.9666666666694,72.81666666666752,1303.6499999999985,524.350000000014,434.9000000000051
1512,157.30000000000564,265.900000000001,54.81666666666774,1023.4333333333452,646.6999999999962,615.4333333333307
1513,153.8333333333344,251.0999999999999,49.30000000000064,781.5499999999979,395.21666666666715,636.4666666666658
1514,157.7999999999995,186.73333333333494,73.0,876.7333333333302,351.11666666665997,513.8333333333417
1515,161.0666666666666,186.3666666666636,65.29999999999905,747.2166666666751,426.0833333333319,562.1333333333243
1516,179.15000000000055,146.60000000000173,58.73333333333312,622.5166666666848,305.68333333332953,608.833333333348
1517,196.18333333333658,153.0,169.23333333333449,471.2499999999982,394.7166666666594,497.96666666667625
1518,173.88333333333458,210.4166666666688,239.58333333332416,436.6333333333271,271.8999999999901,307.06666666666274
1519,205.51666666666824,169.1333333333339,197.9333333333318,407.44999999999595,446.0166666666605,587.4333333333341
1520,98.64999999999986,153.33333333333417,329.7833333333342,407.10000000000423,290.61666666666565,511.8166666666625
1521,96.86666666666633,85.33333333333258,299.6333333333255,391.0999999999924,186.58333333333462,535.4333333333332
1522,115.50000000000114,78.60000000000036,88.6499999999985,560.9500000000066,455.2666666666653,645.4166666666565
1523,109.6166666666677,61.0,94.3333333333344,507.8333333333353,482.41666666666606,609.6666666666727
1524,101.01666666666347,71.21666666666601,138.26666666666347,473.2000000000048,408.08333333333917,695.8000000000063
1525,68.74999999999932,90.59999999999923,144.73333333333176,520.7333333333318,102.1166666666686,488.3833333333391
1526,60.08333333332894,203.60000000000036,177.0,653.333333333343,64.0,454.1500000000108
1527,173.44999999999936,146.50000000000182,268.06666666666615,628.1000000000013,148.8666666666777,255.36666666666542
1528,66.36666666667293,111.45000000000027,270.1333333333339,957.0500000000002,302.916666666677,535.7166666666692
1529,50.0,113.86666666666633,267.63333333333776,914.0166666666853,296.1000000000017,419.49999999999955
1530,72.95000000000005,137.0833333333328,216.4999999999959,913.6833333333293,366.38333333333344,419.0
1531,173.11666666666656,99.39999999999759,178.90000000000282,899.0666666666602,464.20000000000846,450.3166666666764
1532,195.28333333333217,127.58333333333394,158.51666666666665,902.5333333333381,814.6666666666622,283.53333333333126
1533,182.09999999999968,106.51666666666483,139.59999999999854,798.1499999999842,746.3999999999958,282.1500000000001
1534,180.0666666666716,109.70000000000027,193.44999999999982,447.56666666666024,700.0166666666601,267.1000000000008
1535,113.84999999999968,100.48333333333335,146.9166666666672,447.21666666666624,535.933333333343,126.64999999999918
1536,79.74999999999727,82.18333333333271,133.53333333333376,554.4666666666553,531.1333333333321,349.3333333333321
1537,169.8833333333339,87.79999999999973,274.1333333333298,603.3333333333226,695.5666666666662,374.0499999999938
1538,172.9666666666651,146.43333333333385,165.13333333332912,489.4833333333356,372.1833333333152,465.8666666666545
1539,189.20000000000118,133.53333333333308,205.28333333333308,611.7999999999993,291.9999999999991,343.4666666666749
1540,186.38333333333208,211.5833333333319,210.19999999999982,762.5333333333383,321.26666666665824,367.1666666666681
1541,316.8333333333328,280.3666666666618,178.96666666665874,893.3333333333314,505.5999999999908,500.43333333333544
1542,256.83333333333826,400.8499999999922,68.79999999999995,757.7833333333344,472.83333333333417,373.300000000007
1543,260.7333333333329,340.9333333333334,116.53333333333535,748.4666666666521,322.18333333334135,457.2333333333331
1544,258.26666666666756,383.3499999999999,85.08333333332712,944.2166666666749,358.21666666666533,420.9333333333277
1545,167.29999999999836,384.36666666666565,47.16666666666606,625.749999999988,330.83333333333167,452.40000000000964
1546,168.54999999999973,342.9833333333345,48.166666666666515,995.6999999999946,541.6500000000076,669.5666666666664
1547,154.26666666666506,129.31666666666638,73.46666666666624,1033.5333333333213,425.1000000000049,650.0666666666709
1548,149.1666666666688,85.76666666666824,102.36666666666702,937.4999999999998,311.6166666666545,477.53333333333967
1549,144.26666666666688,86.83333333333144,113.6833333333334,981.766666666671,149.29999999999427,483.86666666666724
1550,124.71666666666965,71.09999999999945,124.88333333333117,848.8166666666611,189.33333333333576,565.1666666666692
1551,179.9666666666658,51.23333333333335,134.54999999999905,711.6666666666779,226.33333333333167,615.2333333333345
1552,179.26666666666597,54.11666666666679,131.0,496.93333333332566,378.36666666666497,466.01666666666847
1553,165.86666666666952,44.58333333333189,124.56666666666524,418.30000000000086,453.99999999999454,379.68333333332635
1554,108.18333333333067,87.73333333333312,96.83333333333508,322.4499999999971,364.40000000000305,495.29999999999905
1555,74.90000000000236,168.15000000000032,92.99999999999864,504.0499999999986,528.7000000000037,530.9333333333375
1556,78.01666666666688,276.81666666666956,91.73333333332948,898.4333333333311,385.2333333333256,591.8500000000001
1557,114.16666666666788,373.2499999999993,84.66666666666674,960.7500000000023,546.4500000000019,431.5833333333228
1558,131.8000000000029,320.4666666666669,62.849999999999454,840.7499999999993,610.6000000000004,551.616666666662
1559,114.68333333333544,251.94999999999663,227.10000000000036,563.4833333333145,639.3333333333314,704.9999999999991
1560,107.5166666666671,245.83333333333576,328.1166666666661,611.2000000000075,703.9833333333397,700.9999999999757
1561,110.10000000000036,241.81666666666843,381.483333333324,855.3166666666862,632.3833333333182,559.0666666666707
1562,88.81666666666729,290.8999999999987,321.1333333333332,877.7333333333372,651.1666666666704,549.7666666666694
1563,70.08333333333371,384.55000000000473,326.0166666666621,789.1333333333271,574.9999999999932,450.1333333333414
1564,122.25000000000114,297.13333333333594,287.0166666666664,751.0666666666821,729.0666666666691,247.46666666667807
1565,157.88333333333208,356.95000000000095,227.6333333333223,372.5999999999958,707.4333333333323,152.45000000000186
1566,218.58333333333326,388.0833333333344,89.3666666666586,316.0,562.6833333333348,222.98333333332243
1567,270.0,335.18333333332,52.96666666666715,350.6166666666654,451.09999999999445,264.4333333333418
1568,390.83333333333235,215.1999999999989,100.0,364.4000000000001,381.8666666666677,392.76666666666756
1569,337.06666666666865,164.39999999999827,130.56666666666206,488.3000000000002,423.59999999999536,395.91666666666833
1570,279.8333333333462,57.9333333333343,284.1999999999989,477.9166666666706,342.9166666666654,439.53333333333535
1571,69.71666666667147,91.7666666666671,310.9666666666667,476.0499999999954,215.33333333334303,394.14999999999395
1572,163.4166666666631,133.84999999999968,316.16666666667015,354.2500000000002,276.7999999999993,286.6833333333236
1573,176.16666666666742,172.76666666666733,292.96666666666647,578.3333333333323,354.91666666666856,216.36666666667452
1574,177.71666666666692,130.0333333333333,434.0166666666719,931.8333333333298,819.3666666666663,147.5500000000045
1575,163.6500000000035,176.9000000000001,430.93333333333203,833.2833333333426,681.4999999999868,137.16666666666833
1576,161.11666666666633,190.81666666666547,245.74999999999136,692.4666666666619,770.0,315.8500000000008
1577,106.21666666666579,154.73333333333517,147.35000000000082,591.7833333333283,592.1999999999978,428.1666666666649
1578,142.83333333333348,137.33333333333326,210.98333333333335,588.0166666666639,516.5666666666748,665.0
1579,123.63333333333162,81.36666666666474,315.30000000000086,620.4833333333456,476.2666666666735,597.1666666666583
1580,94.38333333333526,272.4166666666649,247.83333333333348,469.2500000000068,302.86666666666133,579.7833333333322
1581,62.30000000000064,273.7833333333233,311.0,470.1333333333307,227.2000000000071,644.8333333333371
1582,78.6333333333348,79.81666666666479,425.1833333333409,439.400000000001,395.33333333332484,693.800000000007
1583,92.56666666666501,46.78333333333239,318.7333333333372,380.0000000000066,451.11666666666406,711.3333333333317
1584,66.49999999999932,75.90000000000009,367.36666666666383,545.7333333333486,428.6000000000008,565.9333333333407
1585,56.53333333333421,87.2833333333324,272.61666666665656,545.9833333333297,272.516666666671,667.666666666669
1586,59.25000000000068,168.43333333333385,269.9000000000003,656.9500000000016,283.7166666666658,759.5999999999958
1587,86.73333333333267,243.58333333333235,266.68333333333635,538.8666666666704,349.9999999999934,731.599999999989
1588,79.25000000000045,386.3499999999992,131.41666666665947,443.31666666666865,282.9666666666683,627.3333333333308
1589,79.9666666666667,349.28333333333285,103.14999999999964,410.8833333333371,284.0,595.7666666666694
1590,91.7000000000005,238.88333333334117,137.1833333333352,610.88333333333,394.60000000000605,394.7500000000007
1591,146.91666666666697,128.9666666666676,210.18333333333248,721.1166666666631,299.13333333333867,269.94999999999504
1592,146.7500000000009,138.26666666666642,301.8333333333344,886.0833333333387,378.1833333333334,296.2499999999934
1593,166.31666666666774,139.08333333333144,306.8333333333337,822.2333333333249,579.2500000000002,557.3333333333326
1594,256.05000000000086,157.29999999999882,274.0999999999983,970.150000000014,497.59999999999854,929.7166666666515
1595,446.0499999999997,158.8500000000006,131.28333333333717,943.7333333333186,376.0500000000038,924.9999999999886
1596,494.88333333334117,103.66666666666674,70.03333333333103,1119.233333333336,341.4166666666804,942.9999999999891
1597,423.9833333333222,109.9666666666667,107.56666666666774,1236.333333333349,410.7000000000062,778.1333333333305
1598,360.7333333333329,99.10000000000036,227.0166666666662,1256.0166666666735,436.0,495.1666666666431
1599,321.6000000000074,218.466666666661,218.93333333333248,1221.3666666666636,601.9999999999968,752.3666666666711
1600,292.6000000000015,200.34999999999695,199.75,1084.4333333333277,511.06666666666047,799.0999999999988
1601,256.06666666666865,239.46666666666874,202.56666666666752,997.6333333333409,324.8166666666725,732.4500000000014
1602,261.99999999999955,170.01666666666483,203.19999999999936,707.316666666685,357.16666666667174,716.7333333333318
1603,264.8666666666659,100.15000000000055,185.94999999999845,460.7499999999957,343.70000000001187,445.6666666666663
1604,140.91666666667425,108.84999999999877,185.7000000000014,335.99999999999295,508.1666666666665,280.88333333332594
1605,116.70000000000027,128.73333333333107,122.94999999999686,495.5333333333299,529.7499999999877,338.4166666666549
1606,132.10000000000014,113.38333333333185,87.76666666666597,563.8666666666741,424.0499999999895,391.0
1607,132.79999999999814,147.2666666666678,84.71666666666579,626.0166666666676,289.93333333333567,428.0
1608,116.11666666666588,203.09999999999968,56.649999999999864,996.7166666666624,212.08333333333985,425.9333333333352
1609,96.88333333333276,196.96666666666601,161.10000000000286,1061.283333333338,101.98333333333494,608.1999999999819
1610,92.85000000000059,197.8999999999994,185.11666666666497,793.9666666666667,390.9000000000001,683.5000000000002
1611,152.38333333333367,290.1333333333316,183.46666666666988,687.6166666666797,400.46666666666624,771.4000000000012
1612,136.45000000000095,333.8666666666629,274.5500000000004,360.9166666666613,270.06666666667206,839.8000000000138
1613,197.76666666666392,135.1333333333339,255.54999999998904,342.7166666666685,355.0,750.3666666666661
1614,264.69999999999936,75.93333333333521,142.39999999999918,496.00000000000045,355.0,712.7666666666619
1615,274.0833333333328,115.69999999999982,54.56666666667593,597.9000000000094,459.93333333331975,660.3333333333135
1616,247.26666666665892,104.04999999999973,43.91666666666697,644.0,393.30000000000314,643.3666666666911
1617,259.4666666666633,68.79999999999836,103.83333333334213,656.7166666666608,452.3833333333341,651.7499999999845
1618,214.56666666666638,83.0,180.23333333333312,420.36666666667156,609.0,679.6333333333323
1619,234.50000000000068,193.849999999999,204.650000000001,633.716666666653,498.54999999999654,631.2833333333392
1620,249.14999999999986,174.04999999999995,189.58333333333462,519.883333333333,472.14999999999986,572.833333333308
1621,206.21666666666397,125.41666666666742,176.73333333333267,500.3999999999962,394.7666666666498,382.1166666666761
1622,154.74999999999977,62.10000000000059,191.69999999999982,574.3333333333355,262.1999999999962,533.6166666666718
1623,156.35000000000014,50.2833333333333,198.86666666666497,509.8833333333373,230.9333333333234,574.9999999999982
1624,103.75000000000318,62.43333333333203,84.400000000001,618.3999999999808,107.69999999999891,726.4333333333223
1625,167.2666666666653,57.85000000000082,114.99999999999909,591.4500000000005,139.0,615.8499999999997
1626,152.50000000000045,201.48333333333335,132.13333333333253,550.1833333333411,274.9499999999996,484.09999999999604
1627,138.66666666666833,263.4833333333338,102.99999999999909,439.81666666666456,258.3333333333346,463.16666666665697
1628,121.19999999999436,259.6999999999982,56.933333333333394,659.9000000000003,574.1166666666707,463.2000000000007
1629,63.19999999999982,246.3999999999985,150.55000000000246,871.8166666666684,566.6333333333378,643.6166666666832
1630,86.68333333333203,245.55000000000018,185.80000000000018,847.6666666666715,602.2999999999997,832.1499999999817
1631,283.10000000000286,204.81666666666865,138.38333333333048,1047.833333333329,568.5999999999992,600.9333333333261
1632,248.55000000000268,66.79999999999814,118.400000000001,1199.933333333328,344.24999999999295,764.3166666666593
1633,209.68333333334203,144.66666666666697,136.73333333333358,962.6666666666652,273.8666666666495,532.1666666666665
1634,136.1833333333334,192.56666666666615,207.14999999999895,922.2666666666605,332.1500000000001,685.7999999999952
1635,399.9333333333359,135.05000000001155,182.23333333333335,1253.9666666666592,414.0,571.2666666666746
1636,386.5333333333356,159.70000000000164,156.21666666666601,828.6166666666793,320.49999999999227,465.2166666666692
1637,434.83333333334076,170.24999999999955,109.84999999999945,683.250000000008,397.8833333333407,342.0
1638,331.49999999999727,169.76666666666983,149.0,493.5,314.0,412.6499999999976
1639,323.5000000000109,94.50000000000045,160.86666666666906,868.9000000000049,282.5000000000034,545.6666666666633
1640,277.14999999999236,210.4333333333327,86.91666666666902,653.4499999999862,373.400000000001,515.1166666666647
1641,217.78333333333512,237.96666666666806,72.00000000000045,587.0833333333403,725.9166666666722,517.533333333331
1642,338.85000000000014,225.5666666666682,62.81666666666683,564.0499999999995,718.7166666666624,412.2833333333306
1643,290.58333333333235,182.39999999999964,73.45000000000073,364.69999999999277,649.183333333335,317.33333333334076
1644,463.0000000000002,376.9499999999978,80.53333333333399,222.06666666666774,669.7499999999893,385.75000000000205
1645,431.46666666665897,241.63333333332594,82.66666666666697,438.5333333333301,941.7833333333244,283.6666666666656
1646,294.63333333333003,217.0500000000054,78.63333333333367,839.2333333333297,925.8333333333442,327.6333333333348
1647,242.8333333333312,118.11666666667793,77.40000000000032,822.8166666666641,680.2833333333281,618.1166666666663
1648,222.89999999998918,67.91666666665833,72.0166666666671,682.650000000003,687.6333333333382,480.4499999999907
1649,91.39999999999964,50.48333333333335,82.09999999999968,777.3500000000026,406.1000000000024,432.850000000004
1650,84.46666666666624,81.74999999999977,116.65000000000032,658.4166666666742,601.333333333331,365.900000000001
1651,200.16666666666765,121.94999999999641,87.69999999999936,788.7166666666776,444.49999999998977,328.79999999999563
1652,184.88333333333435,71.63333333333185,88.70000000000323,821.7833333333401,470.9999999999909,312.68333333334294
1653,157.38333333333435,52.91666666666697,75.93333333333157,732.5499999999977,339.05000000000064,244.8333333333262
1654,272.1499999999992,36.33333333333189,196.0,424.0499999999952,376.3333333333337,387.51666666665665
1655,309.6333333333332,68.54999999999995,389.400000000001,474.4333333333275,505.46666666666056,539.1000000000013
1656,282.1000000000013,80.40000000000009,296.7500000000059,571.8333333333337,626.1999999999966,610.5000000000005
1657,208.28333333333217,195.0333333333324,68.53333333333103,514.68333333333,688.1500000000165,940.7000000000021
1658,201.4833333333338,200.31666666666683,36.75000000000114,595.5499999999977,637.9000000000078,965.5166666666621
1659,116.76666666667415,229.60000000000127,99.79999999999927,659.1333333333273,767.150000000001,947.2333333333254
1660,61.30000000000018,318.0166666666744,160.89999999999145,784.8166666666755,778.7333333333456,936.9833333333397
1661,88.04999999999927,248.0500000000011,201.19999999999982,633.1666666666583,600.1666666666661,453.5000000000002
1662,122.99999999999113,313.866666666667,213.9499999999996,584.1500000000169,494.46666666666715,180.1499999999926
1663,87.76666666666597,329.2666666666664,297.0333333333331,294.7333333333322,549.9333333333341,336.2000000000021
1664,101.56666666666479,313.56666666666524,251.8166666666591,719.200000000015,449.31666666667,342.11666666667816
1665,83.21666666666715,268.9166666666638,121.31666666666479,821.2166666666669,392.41666666666674,186.56666666666615
1666,48.649999999999636,192.06666666666365,90.88333333333458,794.4999999999959,447.13333333334117,283.46666666666374
1667,67.66666666666629,240.30000000000155,63.93333333333362,816.950000000003,422.6000000000049,500.0
1668,147.20000000000027,245.33333333333098,44.566666666667516,694.5000000000009,397.79999999998927,490.0166666666664
1669,260.0833333333412,225.5166666666653,28.399999999998045,704.3000000000152,322.33333333333894,594.083333333353
1670,131.63333333333367,191.81666666667775,29.40000000000032,492.56666666668275,492.73333333333085,436.61666666666974
1671,179.61666666666702,111.01666666666506,55.38333333333503,592.3500000000065,356.1999999999982,427.05000000000587
1672,167.26666666666847,121.11666666667088,219.19999999999982,643.8666666666652,250.5166666666728,273.0666666666507
1673,214.9499999999996,191.19999999999914,282.36666666666656,759.11666666666,279.73333333333267,261.50000000000045
1674,200.46666666666238,205.53333333333399,235.61666666666952,728.666666666657,273.2833333333306,442.3333333333328
1675,198.80000000000086,187.36666666666633,169.46666666666715,779.9999999999975,223.2666666666612,434.0
1676,230.849999999999,264.28333333333285,152.03333333333694,844.7333333333386,174.0,555.8333333333267
1677,211.6666666666738,165.883333333348,179.01666666666574,837.1666666666656,206.20000000000164,536.5333333333342
1678,151.39999999999895,104.71666666666624,164.65000000000032,891.1833333333404,331.6833333333425,552.2166666666667
1679,132.30000000000064,149.46666666666715,150.91666666666765,535.0000000000027,453.7833333333281,419.4000000000078
1680,120.09999999999923,154.95000000000005,178.33333333333394,492.51666666666756,510.56666666666115,270.6333333333305
1681,99.25000000000341,115.90000000000191,140.18333333332998,618.7999999999995,406.3000000000038,427.70000000000095
1682,116.7166666666676,76.13333333333117,102.63333333333298,674.7999999999915,487.1999999999996,562.1999999999941
1683,188.11666666666792,127.01666666666824,87.66666666666401,921.3500000000079,512.5666666666666,416.4000000000069
1684,210.3166666666632,278.1833333333343,180.69999999999982,920.0000000000023,668.2333333333386,314.3666666666627
1685,187.88333333333435,193.54999999999154,286.93333333332293,564.8999999999965,797.2666666666723,349.86666666665974
1686,175.63333333333344,150.71666666666647,170.14999999999804,384.49999999999386,639.7333333333345,393.46666666665715
1687,196.56666666666774,160.70000000000118,150.7333333333347,694.4500000000269,386.50000000000546,344.2333333333311
1688,153.3666666666645,137.78333333333376,114.79999999999745,683.9166666666686,633.7166666666628,416.29999999999245
1689,144.33333333333394,174.1333333333332,121.0666666666666,554.7833333333415,642.4000000000005,442.8333333333296
1690,167.53333333333148,211.26666666666597,225.95000000000277,446.7666666666744,584.9333333333402,652.7666666666714
1691,269.9833333333329,169.38333333333685,396.5833333333378,807.8499999999899,527.683333333332,504.33333333333485
1692,185.1333333333439,237.33333333333212,320.86666666666656,906.0833333333346,582.9833333333311,733.7333333333297
1693,121.4666666666651,260.0333333333342,281.9499999999882,756.7333333333324,458.5833333333412,583.1333333333466
1694,189.9500000000005,273.4833333333338,222.2166666666683,714.9999999999848,562.9833333333288,279.5999999999981
1695,131.3000000000029,359.14999999999804,313.96666666666783,727.7499999999918,500.5166666666653,232.2666666666678
1696,158.4166666666656,336.6833333333327,95.5166666666587,709.0333333333413,625.0499999999997,212.849999999999
1697,160.08333333333348,223.23333333333198,113.73333333333426,479.5666666666589,734.3333333333214,479.0
1698,146.51666666666438,202.26666666666756,63.450000000000045,497.4333333333316,792.9666666666662,452.1666666666629
1699,142.58333333333508,220.6166666666677,63.866666666665196,494.11666666667156,715.3833333333225,488.7500000000002
1700,122.71666666666601,67.83333333332644,81.58333333333371,509.83333333333235,557.1999999999989,473.6000000000088
1701,90.50000000000136,157.0999999999999,51.149999999998045,527.883333333328,491.5166666666805,547.8333333333335
1702,39.3333333333328,186.08333333333348,115.46666666666624,554.4999999999982,500.71666666666783,478.1000000000056
1703,28.41666666666697,168.3333333333328,220.8333333333328,548.7666666666664,338.41666666666106,395.66666666666606
1704,45.066666666666606,266.5000000000002,235.2666666666662,424.2000000000039,285.3833333333296,371.7333333333338
1705,180.94999999999982,314.19999999999845,226.21666666666601,602.2999999999906,430.0333333333274,292.68333333333953
1706,233.8833333333389,240.50000000000819,121.84999999999445,700.7000000000112,440.60000000000036,187.44999999999936
1707,179.86666666665724,183.28333333333535,77.98333333333335,762.3666666666663,507.5499999999927,451.8166666666607
1708,104.76666666666665,148.61666666666542,65.70000000000027,735.1166666666704,502.7333333333311,439.3666666666659
1709,205.8666666666686,117.20000000000437,109.86666666666679,786.466666666669,470.38333333333367,552.0333333333294
1710,180.9833333333338,126.25000000000227,224.96666666667124,724.433333333347,598.9499999999996,581.5499999999981
1711,178.90000000000032,109.23333333333062,199.1000000000006,563.8499999999976,764.9500000000107,336.8000000000163
1712,137.83333333333394,157.43333333333453,68.49999999999955,535.9666666666847,819.8500000000042,324.9333333333391
1713,110.01666666666688,173.16666666666742,76.96666666666647,920.166666666659,732.4333333333234,293.69999999999663
1714,108.18333333333362,105.6666666666656,84.15000000000077,967.1166666666695,725.0333333333351,272.21666666666215
1715,293.83333333334076,150.31666666666797,56.41666666666788,1013.6333333333259,624.3499999999894,221.4166666666663
1716,256.2166666666676,99.3166666666632,68.25,923.2499999999989,441.316666666675,188.5
1717,265.1500000000012,254.6833333333334,90.6166666666661,901.0333333333294,481.95000000001323,193.0
1718,201.71666666668102,331.5833333333321,90.44999999999982,686.4166666666581,346.96666666667056,258.5500000000029
1719,258.9333333333327,242.36666666666474,129.06666666666752,693.1333333333305,346.8166666666673,198.93333333333248
1720,259.23333333333403,300.4833333333311,87.80000000000064,537.5000000000177,321.7333333333295,207.54999999999927
1721,223.083333333336,255.98333333333494,65.9333333333359,443.2833333333367,291.5999999999988,298.33333333333303
1722,167.89999999999918,131.08333333332848,119.66666666666674,456.9833333333381,677.0000000000032,376.36666666666406
1723,98.76666666666688,211.56666666666706,127.66666666666629,498.3166666666698,751.149999999991,467.6666666666704
1724,115.55000000000109,244.45000000000095,141.68333333333499,499.1000000000031,565.3166666666548,490.3000000000043
1725,82.13333333333367,232.26666666666506,128.28333333333353,760.3833333333339,486.49999999998727,535.3666666666586
1726,158.36666666666702,186.13333333332253,87.18333333332589,696.2666666666685,450.16666666667174,445.8666666666659
1727,286.0000000000009,96.1666666666656,71.56666666666729,517.9166666666686,625.5333333333328,809.099999999997
1728,367.3500000000006,133.51666666666733,97.71666666666442,642.2166666666615,641.2666666666701,751.1999999999882
1729,243.8999999999926,118.18333333333135,84.61666666666656,570.2666666666689,503.283333333344,651.9833333333356
1730,152.56666666666592,112.48333333333403,155.0,695.7666666666466,529.2166666666808,583.5499999999997
1731,115.8666666666686,71.08333333333007,106.38333333332957,766.6999999999955,413.5166666666619,662.6166666666629
1732,78.36666666666542,120.39999999999964,326.7333333333311,686.8500000000158,327.94999999999254,695.7166666666712
1733,92.29999999999995,167.49999999999977,283.9166666666697,767.9833333333602,354.33333333332735,748.5999999999901
1734,77.34999999999854,169.5333333333333,267.93333333333294,712.7999999999911,352.466666666671,664.8166666666762
1735,123.99999999999955,179.33333333333644,213.48333333333562,608.1166666666675,230.19999999999732,586.6666666666654
1736,112.33333333332985,176.6000000000006,82.99999999999068,546.0166666666844,224.19999999999527,850.7500000000095
1737,198.03333333333285,412.54999999998904,113.35000000000105,598.0833333333462,444.0,747.6166666666495
1738,197.48333333333198,266.5666666666691,163.10000000000628,754.466666666664,420.23333333333085,517.866666666682
1739,178.28333333333262,230.13333333333412,117.49999999999864,576.5500000000077,361.33333333332826,394.316666666665
1740,186.73333333333562,128.16666666667652,134.7666666666671,419.46666666666783,701.7833333333301,312.61666666667634
1741,311.699999999998,142.4000000000019,114.86666666666633,408.5666666666632,882.5500000000034,188.1999999999939
1742,251.36666666667156,151.33333333333394,50.11666666666633,292.900000000001,876.7000000000007,213.0
1743,214.11666666666747,132.9666666666676,48.98333333333335,405.1000000000013,833.0333333333242,427.6333333333339
1744,229.5999999999999,116.99999999999977,71.34999999999945,406.8833333333291,559.6833333333545,488.0000000000116
1745,192.11666666667406,60.88333333333139,68.94999999999982,458.099999999999,513.0,584.7833333333401
1746,112.76666666666847,66.99999999999886,88.88333333333367,436.7333333333404,559.4833333333263,699.3999999999971
1747,151.48333333333562,53.0,79.91666666666583,695.0,601.4666666666571,707.8833333333348
1748,161.21666666666738,146.40000000000055,180.3500000000006,725.9833333333311,394.5500000000102,610.7499999999898
1749,156.38333333333344,179.23333333333267,173.63333333333662,625.8500000000008,430.96666666666874,735.8999999999758
1750,124.66666666666265,160.2166666666676,160.75000000000068,516.0,620.2333333333272,585.8
1751,77.23333333332948,140.16666666666652,140.0000000000109,432.86666666665565,809.5500000000086,657.0666666666668
1752,277.3999999999983,282.3666666666668,63.0,320.083333333328,597.750000000003,565.6333333333373
1753,283.65000000000055,295.5666666666691,88.23333333333358,562.6166666666616,360.083333333321,303.01666666667074
1754,293.64999999999986,249.36666666666065,62.500000000002046,472.31666666668093,517.3166666666623,183.99999999999545
1755,301.30000000000064,198.96666666666715,68.50000000000068,571.4333333333193,516.9166666666731,207.21666666666556
1756,254.8166666666798,185.11666666666588,84.94999999999936,551.0999999999981,492.39999999999964,573.533333333336
1757,167.3500000000015,139.13333333334344,118.16666666666583,365.70000000000164,564.6666666666731,567.4666666666797
1758,285.29999999999995,52.83333333333303,263.89999999999964,439.8500000000056,544.3666666666513,649.6499999999985
1759,315.13333333333344,57.66666666666856,248.33333333333462,430.03333333335104,453.73333333332744,673.683333333337
1760,326.33333333333485,65.80000000000041,204.06666666666274,283.5666666666766,491.3333333333362,486.23333333332766
1761,305.19999999999504,152.71666666666647,113.4833333333338,527.9999999999993,411.09999999999445,497.4999999999993
1762,221.0166666666671,143.19999999999982,62.300000000005184,452.6666666666665,435.24999999999795,257.0666666666698
1763,123.18333333334522,206.90000000000032,20.933333333333394,839.3666666666722,403.38333333333844,456.66666666667516
1764,87.96666666666601,276.0,154.0,866.8833333333328,619.3999999999969,424.0666666666664
1765,44.96666666666897,307.96666666666783,131.56666666666797,726.7166666666621,630.8833333333353,402.0
1766,42.633333333332985,145.4833333333347,73.61666666666679,725.9999999999918,643.1166666666697,419.3666666666759
1767,135.88333333333298,187.1999999999989,65.14999999999986,752.2666666666739,698.0000000000036,336.21666666666556
1768,123.76666666666665,198.61666666666588,62.933333333333394,851.0666666666525,637.8833333333425,554.0166666666637
1769,52.76666666667438,281.51666666666756,80.86666666666792,582.7666666666589,453.4166666666647,570.5500000000013
1770,66.4833333333329,221.4499999999921,79.0,292.8166666666543,456.5666666666659,670.8500000000013
1771,148.0,277.84999999999627,90.50000000000136,267.19999999999527,408.1333333333323,932.8000000000154
1772,235.60000000000036,243.6166666666686,75.79999999999995,231.76666666667325,570.149999999989,809.7333333333404
1773,289.3666666666684,216.18333333333294,84.80000000000155,116.03333333333308,380.4000000000019,598.449999999988
1774,234.4999999999991,165.80000000000769,90.2333333333338,422.3666666666702,281.1333333333396,545.0
1775,395.06666666666547,67.49999999999704,203.10000000000036,666.049999999999,167.16666666665992,682.8166666666762
1776,425.2500000000025,195.54999999999973,284.06666666666615,633.7000000000185,457.13333333332866,553.6833333333293
1777,290.3666666666704,304.4833333333329,277.7999999999995,645.7166666666728,627.2000000000057,359.73333333333494
1778,185.3499999999974,264.1833333333268,220.35000000000173,753.1166666666581,769.0666666666643,300.14999999999554
1779,425.3499999999992,195.0,215.41666666666833,1016.7333333333329,650.3499999999981,354.73333333333267
1780,408.8500000000063,198.76666666666597,164.06666666666183,947.3999999999849,707.7500000000105,373.48333333333153
1781,377.38333333333344,173.81666666666706,114.23333333333653,789.8999999999874,640.9999999999893,544.7333333333333
1782,372.9833333333281,191.5833333333319,132.5,851.2333333333306,531.2499999999866,842.1166666666636
1783,223.5500000000104,226.16666666666856,121.96666666666601,915.1333333333457,525.350000000011,771.5166666666714
1784,106.55000000000837,116.33333333333121,124.24999999999977,931.1333333333323,484.46666666665783,607.9333333333223
1785,79.16666666666788,249.53333333333512,145.1166666666627,641.1666666666667,244.86666666666747,542.0000000000016
1786,144.30000000000018,323.49999999999955,243.15000000000214,586.166666666667,253.74999999999864,528.4666666666737
1787,133.01666666666938,418.8666666666679,190.9500000000014,311.8666666666811,237.09999999999627,378.13333333333117
1788,218.00000000000318,347.35000000000764,61.55000000000723,291.8999999999919,369.03333333333603,251.0500000000054
1789,217.78333333333194,224.7833333333415,68.00000000000068,659.6999999999969,392.74999999999295,168.80000000000064
1790,232.13333333333367,157.60000000000514,147.76666666666597,666.2499999999952,324.0833333333335,229.3666666666702
1791,275.4999999999991,84.74999999999932,166.4333333333352,673.5999999999976,328.5999999999999,156.5666666666648
1792,343.6833333333375,126.98333333333267,197.7666666666712,753.0,608.733333333344,267.0
1793,306.05000000001155,100.4500000000005,149.10000000000196,817.5000000000191,649.8166666666691,492.0499999999952
1794,237.56666666666615,132.6166666666661,104.85000000000127,549.6499999999778,683.8166666666634,527.8166666666771
1795,105.84999999998968,146.6166666666661,99.98333333333358,586.0999999999999,527.6333333333268,419.9666666666583
1796,83.4666666666667,151.58333333333417,116.68333333333248,802.0166666666589,443.93333333334704,489.8500000000008
1797,87.14999999999986,266.3333333333371,70.5833333333278,799.6666666666661,272.7666666666703,580.9999999999961
1798,121.3666666666677,237.13333333333253,70.78333333333399,909.7000000000094,410.8166666666709,362.916666666677
1799,274.0666666666666,213.70000000000095,79.29999999999927,753.9666666666647,443.4000000000051,210.59999999998104
1800,362.8333333333371,219.43333333333248,99.58333333333394,697.6333333333239,503.4000000000051,162.83333333333235
1801,205.4833333333454,208.96666666666806,125.83333333333144,700.7166666666712,419.0999999999856,310.8666666666659
1802,125.85000000000014,161.81666666666592,94.25000000000273,613.083333333323,428.41666666666924,526.0
1803,104.8666666666661,269.5500000000002,113.13333333333344,522.4999999999982,471.24999999999955,885.7500000000018
1804,104.71666666666624,260.1166666666654,111.58333333333326,281.5999999999897,440.73333333333176,843.1500000000067
1805,269.3833333333332,255.26666666666642,81.53333333333853,138.0,551.0,951.2500000000016
1806,252.30000000001223,203.6333333333257,47.966666666666924,236.4166666666647,385.7666666666728,865.8499999999924
1807,230.28333333333353,83.64999999999782,47.616666666666106,577.2999999999922,401.7333333333322,858.9500000000078
1808,348.2999999999997,102.18333333333362,34.900000000000546,454.1666666666704,286.1333333333323,839.2833333333265
1809,389.91666666665583,51.5,62.93333333333294,471.80000000000905,298.0666666666648,635.9333333333254
1810,249.1333333333289,28.699999999999818,52.0,385.20000000000186,423.33333333333485,777.0166666666642
1811,243.4999999999991,30.933333333333394,76.86666666666679,697.2666666666591,409.0333333333301,862.550000000005
1812,199.96666666666965,93.00000000000023,94.21666666666647,819.7999999999975,304.6833333333159,642.2499999999898
1813,268.20000000000095,191.29999999999882,139.51666666666665,1207.7499999999945,491.0833333333337,576.9166666666558
1814,273.7333333333336,175.4666666666551,162.85000000000105,1201.0333333333303,576.1999999999971,481.6666666666588
1815,264.9666666666676,124.10000000000082,119.1333333333323,902.2499999999893,404.9333333333161,390.06666666667275
1816,219.533333333339,102.65000000000077,65.2833333333349,988.5333333333385,307.08333333333167,335.34999999999764
1817,208.7166666666676,117.26666666666392,51.833333333332575,931.749999999997,329.86666666666724,477.60000000000673
1818,235.0000000000034,225.45000000000073,41.31666666666615,842.5666666666614,339.1999999999955,502.59999999999604
1819,127.34999999999809,405.03333333332375,30.73333333333312,860.7333333333299,206.0333333333267,613.6000000000113
1820,83.7500000000025,290.03333333333876,43.15000000000032,1016.1166666666566,482.16666666666833,489.3666666666704
1821,167.1666666666672,219.14999999999895,247.0,1204.8000000000093,650.4666666666751,522.6666666666708
1822,214.13333333333367,208.33333333333212,266.64999999999986,1077.3166666666507,519.0,875.9499999999996
1823,305.266666666668,246.63333333333912,204.68333333332544,1096.3500000000256,733.9166666666658,618.5333333333322
1824,362.2666666666653,153.09999999999968,280.650000000006,819.1166666666477,610.8333333333371,639.0
1825,292.2999999999988,158.5666666666673,268.7666666666664,535.0166666666537,520.283333333352,526.7999999999965
1826,226.76666666666688,114.64999999999804,254.96666666666715,474.20000000000255,292.44999999999845,464.29999999999654
1827,227.25000000000273,232.88333333333458,237.56666666666615,306.1499999999942,390.73333333333335,387.0666666666548
1828,194.88333333333298,214.08333333333303,158.36666666666179,355.1999999999973,452.016666666673,303.2000000000096
1829,120.48333333333494,206.50000000000023,248.85000000000355,609.0,261.2666666666669,456.59999999999945
1830,90.14999999999804,186.06666666666683,183.79999999999723,672.799999999997,256.2000000000007,563.7666666666632
1831,191.16666666666674,169.03333333333285,68.26666666667097,588.0833333333292,395.2000000000039,630.150000000006
1832,521.3166666666684,164.26666666666483,39.049999999999955,911.3333333333485,312.3333333333285,550.8166666666621
1833,446.9833333333481,172.41666666665992,57.0,753.233333333362,355.3166666666748,618.2499999999866
1834,492.3666666666659,115.61666666666679,81.94999999999777,557.3666666666581,472.60000000000036,390.51666666667575
1835,511.8666666666702,102.13333333333117,91.63333333333276,498.716666666666,624.4833333333336,378.6499999999992
1836,423.2166666666644,200.20000000000073,148.16666666666652,514.49999999999,487.2499999999841,323.9333333333334
1837,412.7333333333238,207.9999999999984,120.60000000000082,418.58333333334326,334.0500000000002,502.45000000000414
1838,230.43333333332725,216.10000000000127,262.36666666666315,501.83333333335145,361.799999999992,816.8666666666777
1839,223.61666666666952,210.1333333333332,175.93333333333248,475.0333333333333,303.04999999999677,857.3000000000038
1840,88.21666666666147,209.48333333333449,201.91666666666538,327.43333333334454,277.86666666665724,881.4000000000005
1841,117.10000000000059,140.26666666665642,217.95000000000073,471.2666666666639,359.0,942.0
1842,192.18333333333226,62.383333333334576,236.1000000000056,483.7833333333365,533.7166666666733,925.6500000000128
1843,192.81666666666683,66.08333333333348,197.19999999999823,456.6333333333466,365.9333333333466,591.5999999999997
1844,146.04999999999995,27.96666666666806,93.94999999999027,641.6333333333371,352.3666666666618,412.983333333322
1845,120.5166666666671,45.43333333333362,76.85000000000014,1073.1333333333403,495.94999999999936,418.8499999999988
1846,108.48333333333744,53.6666666666672,106.0,1153.1833333333234,382.233333333337,474.69999999999663
1847,190.73333333333312,30.550000000002,104.89999999999986,986.0499999999963,545.4833333333336,493.81666666666274
1848,258.61666666666497,18.0,81.01666666666551,606.2333333333279,539.916666666664,574.7166666666731
1849,287.1666666666665,124.0,60.0,804.5500000000011,443.91666666665765,561.8500000000001
1850,392.04999999999995,246.26666666666665,73.93333333333248,567.7999999999993,477.13333333332685,480.14999999998895
1851,398.30000000000064,245.53333333333444,159.4666666666667,548.7666666666578,427.49999999999955,638.3166666666591
1852,255.35000000000696,270.60000000000036,212.53333333332716,355.30000000000246,436.550000000012,773.1833333333345
1853,182.53333333334263,212.46666666666647,102.33333333333235,431.83333333333917,380.23333333332107,598.2666666666457
1854,132.1333333333332,149.1000000000006,241.23333333333267,430.6166666666684,265.0,500.5999999999981
1855,120.86666666666542,47.11666666666497,342.9333333333336,334.34999999999513,283.7999999999995,530.7333333333299
1856,289.8000000000002,70.0,193.2333333333313,284.2000000000007,263.03333333333853,759.4833333333261
1857,269.46666666666715,78.20000000000027,212.26666666666688,347.81666666666774,213.36666666666974,821.166666666652
1858,298.1500000000017,76.16666666666629,118.43333333332862,456.2833333333283,229.59999999999764,652.3833333333241
1859,243.8166666666773,85.38333333333321,182.60000000000105,504.65000000000146,259.79999999999563,776.0
1860,108.38333333333344,203.93333333333226,171.68333333333294,451.033333333334,166.35000000000082,799.0833333333312
1861,107.78333333333262,94.09999999999764,189.99999999999955,596.633333333335,162.41666666666515,678.8500000000022
1862,99.99999999999977,76.68333333333385,168.55000000000177,534.4166666666656,250.69999999999936,514.8499999999985
1863,114.69999999999936,58.65000000000123,181.4833333333338,461.30000000000086,390.95000000000095,518.9833333333277
1864,77.84999999999718,78.21666666666624,199.90000000000055,410.9333333333427,320.60000000000036,393.9833333333331
1865,29.0499999999995,93.40000000000146,94.70000000000937,369.9166666666738,272.0333333333258,526.2833333333467
1866,85.23333333333312,92.40000000000055,50.68333333333453,575.5,250.44999999999436,302.19999999999686
1867,180.26666666666688,113.18333333333317,21.41666666666856,632.4166666666554,450.8000000000004,247.04999999999882
1868,278.60000000000446,165.26666666666642,21.03333333333353,564.9500000000096,682.1333333333407,427.68333333333226
1869,354.1999999999998,136.3666666666643,43.600000000000364,723.450000000003,675.9999999999893,552.7333333333386
1870,359.4500000000007,227.56666666666683,40.70000000000027,746.2666666666687,632.0166666666546,523.2166666666694
1871,291.1499999999928,212.8666666666661,38.65000000000032,533.2999999999731,633.2666666666639,384.033333333329
1872,236.26666666666165,189.9166666666697,57.76666666666688,202.16666666666197,497.0500000000036,299.16666666666265
1873,115.09999999999968,152.26666666666483,110.53333333333467,182.68333333332907,544.4666666666674,484.8999999999919
1874,236.64999999999804,184.7999999999986,121.10000000000036,327.96666666665897,617.1333333333343,675.8999999999933
1875,138.7333333333329,178.5999999999999,172.4500000000005,575.8166666666618,695.3166666666648,648.2000000000155
1876,100.08333333333417,168.43333333334476,200.36666666666702,722.7166666666697,693.6833333333248,452.60000000001264
1877,76.90000000000055,77.91666666666742,167.98333333332766,706.3333333333392,716.5166666666614,386.5333333333315
1878,53.83333333333394,66.55000000000041,104.73333333333176,836.2333333333358,715.3166666666675,300.3999999999969
1879,85.43333333333317,125.79999999999859,141.10000000000036,750.2833333333404,431.23333333334017,351.2666666666621
1880,140.04999999999927,275.96666666667625,146.79999999999927,733.2833333333281,296.9333333333341,296.43333333333226
1881,138.16666666666697,225.28333333333467,133.2166666666658,466.96666666666783,210.53333333332603,225.86666666666406
1882,184.05000000000064,200.66666666666697,168.29999999999995,495.4666666666724,327.7499999999966,536.649999999999
1883,351.38333333333094,200.33333333333348,119.2333333333354,584.4500000000055,236.1666666666672,597.4500000000005
1884,434.9000000000017,222.0,99.83333333333576,515.0,379.24999999999545,518.4333333333179
1885,429.4499999999957,191.78333333332262,42.05000000000064,613.6500000000033,430.8000000000011,385.7833333333383
1886,383.6333333333332,106.65000000000873,81.59999999999923,549.599999999987,481.01666666666597,282.0
1887,365.9333333333293,89.5666666666666,82.0,537.0166666666751,522.1500000000046,223.93333333333885
1888,376.716666666674,111.61666666666679,110.58333333333326,612.866666666675,523.1000000000001,167.93333333333385
1889,198.21666666666806,197.66666666666652,93.90000000000009,766.5333333333463,578.5,190.0
1890,104.39999999999895,190.96666666666715,154.53333333333376,559.1833333333352,393.01666666666256,350.66666666666515
1891,155.2999999999986,172.39999999999986,157.2833333333333,328.133333333338,616.3833333333394,393.5
1892,276.99999999999795,120.31666666666501,118.13333333333071,308.55000000000155,544.2333333333386,418.5666666666748
1893,223.05000000000427,121.79999999999927,96.5,328.86666666666474,638.0333333333319,478.01666666667006
1894,156.33333333333962,122.75000000000114,103.0333333333324,311.3999999999976,600.8000000000168,474.6000000000049
1895,110.58333333333212,113.46666666666579,218.13333333333435,167.70000000000164,390.3333333333294,357.8666666666661
1896,91.30000000000109,236.2666666666671,154.56666666666638,449.58333333333303,632.1333333333341,314.86666666666883
1897,70.25000000000136,363.5,144.28333333332557,493.43333333333294,502.51666666666665,373.0833333333335
1898,46.3333333333328,231.9666666666751,83.75000000000023,603.5666666666591,386.0833333333444,202.31666666666274
1899,73.91666666666652,194.09999999999786,59.233333333332894,537.2833333333392,432.93333333333726,237.25000000000932
1900,88.48333333333358,223.0,67.80000000000018,773.8666666666659,304.3999999999937,298.5333333333308
1901,84.16666666666629,173.53333333333399,74.93333333333226,658.1166666666629,355.73333333333494,260.9666666666726
1902,61.55000000000018,124.16666666666515,155.61666666666724,481.0833333333328,323.0,347.28333333333376
1903,175.19999999999777,103.83333333333167,221.38333333332685,357.61666666666565,376.9833333333261,350.8666666666727
1904,140.3666666666661,121.26666666666733,183.3833333333332,445.0,266.1333333333432,240.29999999999427
1905,133.00000000000045,67.03333333333603,187.3500000000056,649.3000000000093,154.96666666666624,294.76666666666506
1906,143.76666666666733,60.0,136.5000000000009,578.1333333333255,149.15000000000032,378.31666666666615
1907,105.30000000000223,88.8333333333328,160.0166666666696,379.04999999998654,276.0,305.5333333333442
1908,73.49999999999841,185.8000000000011,206.98333333333335,293.2666666666619,372.51666666666574,383.3999999999987
1909,292.9833333333336,277.58333333333394,155.8000000000045,390.9999999999891,429.70000000000346,403.05000000000155
1910,347.8999999999987,217.05000000000496,194.86666666666724,452.0166666666628,430.5,430.4166666666681
1911,325.3333333333346,169.96666666666533,291.0999999999958,414.5166666666587,534.7499999999898,472.03333333334695
1912,312.9333333333361,196.53333333333626,375.41666666666674,395.8500000000072,443.7999999999938,398.11666666667065
1913,208.63333333333844,223.93333333333408,429.51666666667484,242.20000000000255,392.11666666667475,410.76666666667893
1914,136.16666666666606,251.1000000000131,422.316666666655,462.9666666666633,353.2500000000002,454.0
1915,150.89999999999873,205.68333333333226,410.0333333333342,400.89999999999964,508.6666666666638,521.4333333333211
1916,132.91666666666902,271.3833333333341,371.03333333332694,345.6999999999987,366.25000000000273,328.116666666662
1917,137.39999999999986,338.46666666667033,300.0666666666666,387.54999999999995,525.1833333333182,259.48333333332675
1918,187.6500000000001,270.23333333334244,213.5833333333528,552.8000000000006,553.149999999994,416.55000000000564
1919,192.89999999999918,202.1333333333289,71.69999999999982,674.1666666666642,839.8833333333425,341.26666666665255
1920,226.43333333333226,139.1500000000001,71.60000000000036,765.2499999999925,764.7166666666626,170.10000000000127
1921,323.2333333333331,132.6666666666656,59.94999999999936,832.8666666666761,766.2833333333283,343.0
1922,239.18333333333157,254.93333333333408,71.8166666666732,809.4500000000132,606.016666666666,258.86666666666497
1923,232.4833333333313,232.23333333332585,122.48333333333312,692.1666666666699,553.4166666666665,362.0
1924,210.01666666667165,233.599999999999,169.61666666666747,775.5000000000075,472.14999999999486,543.1499999999899
1925,424.6666666666706,273.28333333333194,136.86666666666565,669.7666666666646,517.7333333333384,361.6166666666709
1926,190.98333333331948,186.94999999999413,315.0333333333356,982.399999999998,437.0500000000088,402.6000000000031
1927,159.93333333332475,146.95000000000164,260.95000000000005,1155.6333333333212,291.2499999999998,442.2166666666667
1928,80.86666666666588,256.9666666666658,372.7499999999998,964.4666666666822,128.16666666666924,420.76666666665665
1929,89.78333333333444,241.90000000000032,487.0,690.650000000008,269.5333333333331,566.3999999999862
1930,120.71666666666624,152.150000000011,497.0,546.633333333318,173.28333333333876,557.5500000000025
1931,126.08333333333144,83.89999999999691,504.81666666666547,590.7666666666662,237.0,511.73333333333835
1932,135.8833333333339,80.53333333333262,420.05000000001064,699.6666666666581,340.7666666666605,338.26666666666483
1933,115.4666666666651,105.43333333333294,291.8166666666673,888.516666666655,283.61666666666883,136.98333333332448
1934,179.21666666666624,121.41666666666652,286.61666666667657,660.0833333333342,643.3333333333344,401.0
1935,223.73333333333585,100.51666666666551,92.58333333333235,670.38333333333,778.3500000000101,578.9666666666587
1936,160.08333333334303,70.59999999999923,69.43333333333362,648.9999999999964,523.0833333333314,587.8000000000011
1937,100.2666666666637,70.3666666666661,173.08333333333348,863.916666666656,653.2000000000057,644.6833333333393
1938,69.19999999999982,91.29999999999632,153.74999999999977,680.9000000000024,584.9166666666599,623.4666666666672
1939,101.29999999999382,186.28333333333444,264.9999999999991,695.9499999999907,677.2999999999872,722.9833333333397
1940,96.06666666666592,276.66666666666765,274.29999999999995,582.200000000003,440.86666666668407,468.89999999998895
1941,63.25000000000432,340.2999999999904,373.08333333332985,432.03333333331943,423.5333333333292,444.1666666666706
1942,56.0,272.9999999999927,229.55000000000564,581.3666666666647,467.7166666666594,323.966666666674
1943,74.30000000000018,226.38333333333298,247.35000000000127,520.7000000000005,568.3000000000006,343.699999999993
1944,87.65000000000032,210.7166666666683,175.46666666666442,697.7999999999838,797.5666666666718,195.14999999999486
1945,80.65000000000146,135.75000000000455,235.2333333333338,502.8666666666668,985.4333333333348,177.1333333333348
1946,68.54999999999995,129.9000000000001,342.7666666666637,395.1666666666613,817.4499999999941,313.6666666666579
1947,69.96666666666556,115.51666666666642,234.4000000000126,322.81666666666433,515.4833333333509,279.0
1948,48.73333333333312,115.74999999999818,122.23333333333017,524.8833333333428,669.850000000009,564.0500000000002
1949,120.53333333333376,65.48333333333335,98.64999999999941,441.50000000000136,608.4333333333425,548.7499999999998
1950,119.56666666666797,104.46666666666556,110.78333333332989,648.4999999999984,416.60000000000355,386.4833333333381
1951,162.85000000000286,96.9166666666656,97.61666666666679,742.3166666666734,448.9333333333316,477.13333333333185
1952,97.30000000000018,132.85000000000173,103.94999999999868,675.3333333333442,771.1000000000104,464.03333333333217
1953,165.5166666666671,141.39999999999827,80.91666666666583,749.8000000000022,677.3666666666634,421.4000000000033
1954,236.65000000000168,122.96666666666601,71.400000000001,893.4166666666724,497.69999999999663,443.36666666667315
1955,193.58333333333485,105.73333333333358,95.58333333333326,888.3833333333425,439.08333333332735,398.31666666667456
1956,179.2833333333333,94.53333333333262,131.19999999999618,1008.6500000000106,387.50000000000637,290.5666666666625
1957,194.03333333333694,125.43333333333112,79.0166666666662,875.4999999999993,409.86666666666497,258.5166666666612
1958,128.31666666666683,252.78333333333308,114.16666666666606,746.7333333333329,231.50000000000387,257.599999999999
1959,155.0,260.9333333333325,161.25,637.1499999999924,473.11666666664837,283.8666666666695
1960,135.68333333333362,338.41666666666015,141.0,695.7500000000025,437.04999999999814,329.4166666666649
1961,198.29999999999927,319.79999999998813,157.8833333333307,820.3666666666707,590.4833333333461,260.9833333333404
1962,113.16666666667265,196.59999999999945,166.91666666666538,1044.1166666666734,590.3000000000025,361.44999999999686
1963,61.53333333333603,178.74999999999977,126.90000000000305,1046.433333333322,511.80000000000086,348.1666666666747
1964,82.30000000000223,164.5666666666707,51.19999999999982,1036.316666666669,681.0000000000041,380.5833333333351
1965,90.63333333333321,141.6500000000001,129.9833333333338,948.816666666675,674.0333333333388,411.34999999999127
1966,109.21666666666488,206.16666666667675,209.1499999999926,698.9666666666717,774.0666666666614,325.59999999999354
1967,128.2333333333338,130.40000000000282,148.34999999999764,827.1499999999951,495.53333333334535,298.0
1968,78.59999999999923,105.33333333333667,164.63333333333276,946.2166666666762,623.399999999998,442.2666666666644
1969,293.0,138.83333333333348,155.05000000000064,798.6666666666677,686.2166666666585,463.9166666666749
1970,297.3500000000024,167.33333333333303,148.76666666666915,837.0,466.8333333333269,310.00000000000296
1971,306.0166666666664,180.81666666666797,211.1999999999955,860.1500000000142,309.51666666665824,222.09999999999854
1972,319.9333333333318,180.0,122.91666666666742,687.2499999999943,242.6833333333377,295.24999999999136
1973,320.2333333333345,165.9666666666658,62.98333333333562,402.13333333333867,216.9666666666758,284.3333333333344
1974,242.09999999999422,123.20000000000277,148.18333333333226,535.1666666666779,264.7499999999993,519.6666666666713
1975,79.5,54.100000000000136,134.73333333333335,795.5666666666532,335.2500000000009,565.0
1976,205.13333333333185,58.0,169.0,927.5333333333401,315.54999999999836,568.4333333333329
1977,210.99999999999818,72.66666666666652,106.04999999999654,666.8999999999878,489.06666666666615,534.7333333333279
1978,210.18333333333317,52.366666666667015,188.58333333333348,700.8833333333378,635.2999999999938,432.08333333333053
1979,230.71666666667193,181.2333333333329,177.7166666666742,707.4666666666587,710.1499999999969,522.0333333333249
1980,250.75000000000045,171.38333333333276,194.96666666666647,712.8166666666593,770.9500000000035,453.50000000000387
1981,320.29999999999836,227.7666666666662,201.1833333333334,827.3000000000072,483.483333333342,598.6500000000058
1982,285.83333333333667,285.7666666666687,220.78333333332648,675.9666666666658,420.6833333333443,406.06666666666365
1983,183.13333333333776,313.0666666666675,285.1666666666672,860.9666666666749,417.8833333333348,438.00000000000705
1984,116.11666666666474,280.4999999999991,235.14999999998304,1008.216666666671,574.5500000000018,466.66666666666947
1985,151.04999999999745,208.0,53.099999999998545,788.383333333318,561.0333333333238,365.9500000000055
1986,178.56666666666752,229.74999999999181,58.500000000000455,657.6333333333473,540.7000000000025,127.41666666665901
1987,168.56666666666752,84.78333333333376,72.61666666666542,862.2666666666603,483.2499999999918,211.0
1988,184.583333333336,87.83333333333167,159.38333333333298,937.1833333333238,288.5666666666575,280.0
1989,251.40000000000077,63.13333333333094,169.8166666666657,1056.2999999999975,233.65000000000668,214.0000000000041
1990,259.4500000000007,155.33333333333258,189.74999999999818,1160.3999999999935,237.66666666666606,96.86666666667224
1991,378.59999999999945,187.0,199.3666666666668,1287.7333333333247,201.40000000000327,190.5166666666662
1992,317.0500000000002,232.31666666666501,99.68333333333135,1080.2666666666573,207.06666666666752,316.41666666666697
1993,358.7999999999988,192.83333333332985,92.4666666666676,884.0166666666771,304.0,502.733333333329
1994,367.9333333333361,288.5666666666639,98.08333333333348,690.4500000000037,413.68333333333203,555.0
1995,333.4500000000005,269.0500000000029,108.98333333333312,389.0500000000029,506.2000000000005,585.7000000000003
1996,270.4666666666701,217.38333333333912,125.18333333333294,215.86666666665633,454.6499999999976,588.3833333333241
1997,105.56666666666592,82.08333333333121,109.1833333333368,321.0000000000009,398.2500000000207,304.96666666668625
1998,108.15000000000032,60.43333333333271,188.48333333332903,395.43333333333885,393.2999999999995,204.34999999999582
1999,96.44999999999709,42.59999999999923,200.7333333333338,569.2166666666503,489.46666666665715,121.03333333332648
2000,92.24999999999932,43.66666666666697,249.63333333333367,408.2499999999784,478.03333333332944,129.0
2001,138.1333333333332,75.55000000000018,259.4500000000007,342.5,523.3333333333264,330.0
2002,150.7166666666658,63.4666666666667,230.81666666665933,359.1999999999978,515.2666666666628,351.0999999999983
2003,288.83333333333485,108.30000000000155,120.08333333333098,443.6666666666688,385.70000000000414,532.6000000000001
2004,295.81666666666683,205.01666666666597,80.61666666666588,451.3333333333285,355.03333333332444,695.3999999999996
2005,403.20000000000437,237.63333333333344,57.69999999999936,461.9333333333352,245.79999999999563,739.4833333333231
2006,344.46666666665965,220.14999999999964,54.70000000000209,520.7166666666635,434.3666666666577,587.5500000000193
2007,313.5666666666598,212.533333333339,112.60000000000014,657.333333333328,780.0,551.9500000000128
2008,209.66666666665833,199.8999999999985,112.65000000000009,646.0666666666564,933.4999999999939,465.7833333333374
2009,130.88333333333685,185.21666666666852,150.66666666666697,723.866666666667,980.4500000000105,472.6666666666704
2010,287.60000000000014,182.28333333333467,175.83333333333258,691.1333333333334,974.7999999999927,466.8333333333437
2011,329.6666666666647,255.01666666666688,198.26666666666642,938.5666666666709,1001.7833333333326,535.0499999999988
2012,353.95000000000005,249.06666666666638,247.5999999999931,981.0999999999904,913.2166666666576,414.81666666666797
2013,314.53333333332716,443.016666666676,310.74999999999795,1009.0833333333353,996.1333333333228,382.5833333333346
2014,309.36666666666656,373.8000000000029,292.0999999999999,893.8999999999933,846.8666666666672,764.8666666666793
2015,416.0000000000009,413.2333333333354,243.60000000001833,902.5666666666787,737.5000000000059,747.4333333333229
2016,318.43333333334476,294.99999999999727,205.68333333333294,696.7333333333386,675.6333333333384,716.0999999999965
2017,141.09999999998968,294.0166666666669,248.08333333333326,833.6000000000013,530.6333333333318,522.5000000000073
2018,81.63333333333253,289.41666666667584,211.4999999999875,890.8000000000138,713.8333333333308,661.3999999999996
2019,38.53333333333239,313.63333333334276,53.716666666670335,1036.2166666666571,505.8333333333403,711.0000000000032
2020,49.649999999999864,235.56666666667775,51.399999999999636,1068.0333333333358,388.1833333333234,622.5000000000014
2021,37.53333333333285,318.4000000000003,98.70000000000118,1353.3166666666739,502.68333333333294,660.3166666666566
2022,67.9333333333334,263.2999999999879,85.70000000000073,1006.9166666666699,463.79999999999745,629.0333333333347
2023,316.0000000000018,201.23333333333335,196.79999999999995,728.9833333333347,362.11666666665565,458.0999999999942
2024,302.85000000000787,239.1333333333332,296.71666666666533,654.9833333333506,421.50000000000273,517.7333333333358
2025,262.5499999999993,194.78333333333376,270.65000000000055,644.4333333333379,270.3833333333255,311.6500000000033
2026,282.116666666667,83.18333333333408,292.90000000000055,504.0,288.7499999999984,442.91666666667425
2027,381.0,84.34999999999786,200.33333333332257,773.5666666666657,428.13333333333253,320.833333333323
2028,314.5166666666678,76.20000000000027,184.26666666666642,1115.1333333333434,630.5,316.4666666666724
2029,123.41666666666697,149.78333333333217,175.90000000000282,938.6333333333312,693.4166666666897,365.7833333333326
2030,107.8833333333314,147.0499999999995,108.03333333332284,818.2833333333433,640.0333333333324,408.54999999999336
2031,76.3166666666657,242.7333333333338,92.16666666666788,650.1166666666593,641.4333333333329,452.75000000000205
2032,79.46666666666852,253.0833333333337,95.81666666666524,530.6166666666657,480.05000000001496,477.7499999999952
2033,82.78333333333353,154.11666666666156,127.0,585.7333333333354,381.2666666666646,516.9333333333329
2034,179.24999999999818,104.7666666666671,121.90000000000146,569.2333333333363,385.049999999997,392.8166666666641
2035,152.03333333333376,138.50000000000045,160.95000000000095,635.7333333333358,422.66666666666583,454.3833333333296
2036,148.3666666666677,170.81666666666183,152.03333333333399,591.7333333333372,226.88333333333935,299.5000000000032
2037,204.0,107.88333333333549,245.06666666666865,715.5499999999977,359.0,401.59999999999945
2038,271.95000000000846,67.31666666666638,245.5000000000009,812.7333333333415,507.0,540.7333333333384
2039,255.0500000000004,159.53333333333399,283.43333333333885,940.4999999999986,542.3999999999887,515.233333333345
2040,239.54999999999836,99.46666666667784,339.00000000000045,1017.1000000000008,727.6833333333382,598.1499999999962
2041,356.0999999999988,26.80000000000041,422.00000000000114,810.4000000000096,581.6500000000067,611.0499999999954
2042,302.9000000000103,19.416666666666288,427.23333333333335,730.0499999999922,367.0999999999972,492.8333333333312
2043,260.3000000000002,40.06666666666547,284.7499999999998,856.5666666666771,246.4000000000126,385.9000000000092
2044,189.39999999999873,37.749999999999545,186.4999999999975,619.3333333333358,228.8833333333398,341.0
2045,154.26666666667143,160.40000000000055,103.99999999999272,574.4833333333254,361.93333333333567,351.8666666666718
2046,127.1166666666652,404.16666666666674,102.06666666666865,495.0333333333367,318.9333333333361,442.8833333333366
2047,117.30000000000177,379.600000000014,107.36666666666702,558.3833333333325,290.38333333333526,322.0
2048,144.73333333333449,478.450000000023,84.39999999999964,530.1500000000128,268.3666666666686,524.5999999999949
2049,152.4833333333372,317.13333333335413,77.83333333333576,587.3333333333649,397.30000000001655,466.9000000000233
2050,246.39999999999918,297.7166666666599,68.24999999999955,580.9166666666665,298.89999999999236,311.2666666666537
2051,213.46666666666806,374.0666666666666,67.58333333333576,626.4000000000033,347.7999999999993,383.5
2052,167.4499999999989,413.96666666666306,250.73333333333358,726.0666666666957,357.5333333333265,330.8833333333455
2053,273.9833333333372,315.6666666666906,233.4500000000039,597.9499999999966,436.7166666666494,171.46666666665988
2054,229.79999999998154,177.90000000000236,245.950000000003,522.6666666666761,320.99999999999454,118.23333333333176
2055,117.33333333333212,162.00000000000227,252.78333333333467,805.6500000000206,421.833333333328,244.51666666667325
2056,114.9666666666667,178.5666666666707,298.4166666666629,1016.3333333333321,348.53333333333603,257.0
2057,106.76666666666779,138.26666666667006,240.40000000000327,1085.199999999982,550.3000000000002,377.66666666666697
2058,46.500000000005,92.79999999999791,188.33333333336714,1043.2833333333228,530.9833333333454,328.26666666668734
2059,29.58333333333303,200.45000000000118,173.1333333333332,742.0500000000156,544.8000000000152,342.64999999999327
2060,78.08333333333258,181.69999999999845,169.9166666666638,773.1000000000008,475.2000000000062,518.9166666666697
2061,99.14999999999873,193.0,131.28333333333603,590.466666666669,290.88333333334776,526.3666666666763
2062,109.11666666666451,173.1999999999989,105.8166666666707,600.083333333333,297.0833333333221,569.2166666666603
2063,237.06666666667297,156.28333333334058,58.61666666666724,792.2499999999932,468.0,556.3166666666766
2064,297.71666666666715,105.11666666666815,52.399999999999636,729.1666666666852,434.8500000000281,406.34999999999445
2065,278.8500000000099,126.38333333333412,43.50000000000091,667.6333333333532,449.48333333333903,559.7833333333429
2066,245.08333333333485,300.3333333333326,59.16666666666697,625.6833333332866,722.1333333333541,413.76666666666324
2067,263.9833333333313,273.38333333334094,52.8666666666677,458.24999999999,852.0,356.58333333333894
2068,314.91666666666697,226.83333333334576,145.38333333333276,483.7666666666855,854.0999999999858,272.6000000000013
2069,201.16666666665787,195.90000000000327,154.74999999999818,367.6333333333182,723.7499999999995,508.2666666666569
2070,188.10000000000036,200.98333333333267,147.16666666666606,390.4500000000048,505.56666666665933,554.6666666666783
2071,214.68333333333112,183.199999999998,162.48333333333403,435.19999999999436,526.2000000000044,476.9666666666594
2072,185.1333333333332,100.199999999993,185.94999999998663,445.1666666666697,553.8333333333317,415.53333333332785
2073,313.28333333333876,68.44999999999982,84.35000000001537,438.68333333335295,444.8833333333423,231.8666666666345
2074,229.41666666667106,160.13333333333412,70.45000000000027,526.3333333333039,537.0,381.55000000000155
2075,158.4833333333313,141.0,76.61666666666679,363.63333333331775,382.83333333335986,502.00000000001
2076,374.2333333333331,141.2666666666678,196.88333333332776,481.5833333333653,372.6333333333305,568.6333333333287
2077,410.1666666666674,174.8499999999981,253.5499999999961,332.3833333333305,395.6333333333573,617.599999999984
2078,446.8499999999867,356.0,242.35000000000173,460.6166666666595,416.450000000008,636.1333333333196
2079,191.88333333333867,335.41666666669107,208.16666666668198,550.5000000000023,397.6666666666624,513.6499999999987
2080,161.1000000000031,268.0500000000002,186.83333333333212,670.2333333333495,301.69999999997935,504.8500000000213
2081,144.34999999998763,277.0166666666664,217.63333333331502,764.3499999999935,624.4499999999998,328.29999999998154
2082,120.11666666667406,255.81666666666843,203.48333333333312,563.6666666666551,685.7166666666858,230.64999999999782
2083,114.38333333333276,283.7999999999911,188.4499999999989,811.7999999999993,620.1000000000008,287.96666666666624
2084,103.8833333333314,195.51666666664278,209.74999999999727,967.9666666666535,778.6833333333361,240.73333333334585
2085,90.53333333333194,247.1666666666656,212.51666666666688,848.3666666666277,737.2666666666742,196.78333333332148
2086,104.73333333333449,256.75,214.4000000000051,813.1166666666272,676.5333333333328,238.6000000000222
2087,124.78333333333194,255.76666666667006,125.38333333333321,921.5000000000027,528.3833333333373,251.0
2088,126.60000000000764,184.61666666667497,113.99999999999363,976.3666666666513,587.0,224.23333333331902
2089,143.66666666666606,226.03333333333467,98.94999999999754,1183.583333333319,853.3833333333482,201.4833333333363
2090,163.60000000000082,259.91666666664105,71.35000000000218,899.5999999999976,669.1666666666597,313.0
2091,204.28333333333376,174.26666666666688,97.3333333333353,1126.01666666664,568.6999999999898,303.8999999999987
2092,311.7166666666676,242.0,243.95000000000073,1417.916666666626,636.9333333333334,370.09999999999945
2093,287.4833333333554,356.8000000000143,325.1499999999969,1133.9166666666483,600.5333333333547,358.1666666666629
2094,173.2666666666637,299.9666666666667,472.86666666666724,1074.6333333333305,664.4166666666474,297.58333333332575
2095,142.85000000000036,197.11666666666815,460.7333333333263,1356.866666666669,731.0499999999888,251.99999999999363
2096,84.70000000000573,384.46666666666806,403.74999999999545,1295.2666666666578,655.1166666666718,293.51666666666506
2097,159.9166666666688,467.2000000000139,324.4333333333143,851.9999999999841,772.9000000000169,343.44999999999845
2098,150.15000000000373,531.8333333333358,171.01666666665506,751.4166666666943,537.4333333333566,297.4333333333311
2099,235.3166666666716,498.28333333332466,56.399999999999636,828.6000000000008,474.3833333333396,309.0
2100,134.15000000000146,121.40000000002055,122.53333333333694,813.6500000000074,358.9333333333452,197.2000000000089
2101,65.69999999999982,113.28333333333376,78.36666666666542,628.1166666666627,494.69999999999845,119.81666666666979
2102,98.56666666666479,114.9166666666656,77.20000000000073,585.7666666666514,402.99999999998727,75.0333333333233
2103,126.29999999999745,31.550000000014734,76.93333333333248,597.2999999999984,385.6000000000022,157.44999999999436
2104,129.81666666666342,110.58333333333348,85.80000000000518,541.1833333332875,378.9666666666717,156.29999999999745
2105,114.41666666666924,87.7333333333172,314.0999999999999,283.0166666666805,237.70000000002528,161.33333333333212
2106,66.99999999999864,72.76666666666642,390.0,460.9166666666565,231.83333333334213,292.0
2107,74.56666666666706,75.86666666666679,207.66666666667652,532.7000000000035,120.00000000000637,287.1333333333255
2108,62.150000000001,202.0,159.10000000000946,532.9833333333095,256.0,270.2000000000103
2109,131.36666666666406,244.20000000000073,117.64999999999736,654.1166666666654,268.83333333333576,235.3833333333464
2110,112.50000000000045,260.0666666666639,83.06666666666706,729.6000000000058,270.449999999998,345.666666666672
2111,141.53333333333558,271.05000000000064,112.69999999999891,939.3999999999633,301.4999999999909,356.6499999999969
2112,126.1666666666697,347.4666666666608,114.43333333333612,707.9500000000112,242.69999999999936,506.5000000000041
2113,131.49999999999636,241.50000000000364,100.50000000000091,513.3333333333339,192.5666666666657,448.4166666666806
2114,116.31666666666706,93.95000000001437,156.48333333333767,342.8999999999919,174.59999999998035,637.9166666666329
2115,90.16666666666697,243.36666666666952,113.16666666666652,576.3333333333239,57.73333333334267,528.9666666666535
2116,106.4333333333343,292.2333333333281,100.16666666667334,656.5833333333148,409.84999999998035,619.7666666666655
2117,154.08333333333394,278.34999999999764,125.0,605.5333333333328,644.1000000000013,777.3666666666686
2118,93.53333333334831,341.8333333333385,127.30000000000064,762.8666666666668,590.9333333333416,778.0166666666469
2119,59.749999999998636,269.2000000000139,174.9166666666615,945.3666666667077,430.2000000000098,488.30000000000837
2120,75.30000000000018,105.66666666666242,114.05000000001837,1025.0000000000055,516.8000000000129,504.76666666666733
2121,87.18333333333294,82.29999999999745,188.33333333333258,703.7000000000239,528.6333333333314,639.9666666666617
2122,181.23333333333403,84.24999999999864,176.2333333333354,256.21666666668625,537.383333333346,808.2333333333554
2123,168.2999999999961,143.7333333333363,166.0,119.76666666664187,385.4000000000051,637.0499999999624
2124,146.6833333333352,122.66666666666879,152.7833333333324,141.6500000000092,313.5499999999888,436.3666666666568
2125,145.33333333333303,105.71666666666715,214.34999999999764,551.7333333333245,217.73333333332903,427.7666666666664
2126,140.1333333333323,115.0,168.31666666665524,689.0,189.94999999999663,290.41666666665924
2127,127.20000000000528,210.61666666666497,58.533333333331484,726.266666666631,237.5999999999999,292.09999999999354
2128,90.59999999999991,170.96666666665897,115.21666666666806,676.833333333313,181.05000000000928,611.833333333323
2129,147.1666666666688,164.23333333332994,104.53333333333285,631.2999999999988,375.8000000000011,519.1999999999821
2130,159.8333333333344,156.33333333333303,114.60000000000355,751.4000000000156,366.71666666664623,597.0
2131,171.0,145.69999999999982,98.00000000000182,632.0666666666816,470.0,585.566666666663
2132,197.1333333333314,26.80000000002019,58.98333333333176,899.3999999999915,647.4999999999909,454.4833333333527
2133,194.91666666667516,111.55000000000018,60.966666666668516,862.5999999999904,593.1500000000092,152.7500000000091
2134,188.7833333333324,98.76666666666415,128.18333333333157,754.9833333333354,631.7666666666673,81.15000000000418
2135,246.499999999995,72.13333333332957,114.21666666666351,773.7833333333333,519.7333333333295,77.93333333333248
2136,177.2000000000071,62.250000000002274,84.7166666666617,500.88333333335686,562.4333333333461,105.0
2137,218.34999999998945,59.90000000000191,34.0,561.9833333333363,609.3666666666686,199.33333333334303
2138,205.28333333333921,64.58333333333167,52.28333333333194,912.6833333333193,556.4000000000178,107.1333333333314
2139,193.58333333333758,92.59999999999673,34.70000000000164,933.5000000000173,733.3999999999969,353.4666666666508
2140,154.79999999999836,148.55000000000155,16.0,1041.033333333327,694.8500000000054,712.2666666666632
2141,136.8666666666636,172.36666666666588,25.783333333332394,989.0999999999667,737.6499999999951,763.1333333333009
2142,140.0499999999979,198.14999999999827,15.0,1008.7166666666635,365.2666666666946,604.0999999999858
2143,129.0499999999961,390.93333333334067,20.0,1043.9499999999985,304.7166666666685,824.2666666666642
2144,101.93333333333612,245.0833333333485,138.23333333333267,803.5499999999665,305.2499999999968,595.1666666666656
2145,157.449999999998,210.2833333333365,146.73333333333358,569.1833333333243,363.500000000015,587.2333333333577
2146,74.46666666666351,141.34999999997717,156.69999999999663,303.45000000002483,243.06666666666024,784.3333333333153
2147,87.76666666666688,76.84999999999809,188.13333333333185,266.0,129.0,556.8000000000097
2148,90.46666666666624,74.50000000000227,164.46666666667625,590.6333333332982,403.74999999999955,544.8833333333355
2149,106.75000000000091,257.96666666666624,196.9000000000001,682.8500000000008,561.133333333335,656.7166666666649
2150,227.00000000000273,286.1833333333293,147.98333333333585,688.2000000000185,629.4999999999886,501.4999999999941
2151,265.41666666667015,202.2333333333172,78.9000000000101,577.6999999999989,665.2666666666232,585.1833333333243
2152,159.0000000000091,135.11666666666179,94.76666666666688,674.3499999999826,440.366666666685,565.2666666666664
2153,253.5666666666666,123.19999999999982,184.55000000000064,437.1499999999869,444.5999999999931,500.1666666666483
2154,336.0833333333376,130.53333333333103,195.08333333333303,330.5999999999867,518.4333333333484,514.9666666666662
2155,327.84999999999764,124.21666666666579,185.23333333333403,253.11666666664405,644.2500000000164,711.4166666666692
2156,324.1333333333273,193.29999999999927,193.31666666666752,151.1000000000031,594.083333333323,509.5499999999993
2157,303.9166666666665,183.96666666667716,177.1166666666636,349.0666666666684,355.16666666664787,618.6000000000017
2158,279.8500000000113,305.3166666666657,149.4000000000019,381.3666666666686,214.0,721.6333333333168
2159,165.06666666665342,325.1666666666624,58.53333333332739,512.4499999999903,230.39999999999236,563.9499999999812
2160,118.7000000000071,234.94999999999345,31.066666666667516,619.0,242.18333333335386,460.68333333334203
2161,209.33333333333303,202.36666666666815,144.71666666666442,609.3499999999985,190.2333333333263,407.08333333333985
2162,111.46666666665715,186.30000000000018,96.45000000001801,497.8000000000002,231.0,383.2333333333354
2163,62.33333333333121,168.15000000000555,25.333333333336213,503.9666666666426,320.716666666679,549.9166666666433
2164,76.41666666666833,213.59999999999764,110.99999999999909,343.41666666668107,445.0,474.83333333333485
2165,116.15000000000009,172.1666666666806,129.51666666667006,470.9500000000194,550.9333333333329,450.6666666666788
2166,130.33333333333576,116.29999999999654,172.99999999999955,728.649999999996,630.7499999999936,495.3666666666654
2167,107.46666666666897,109.04999999999973,168.28333333331784,875.649999999976,680.7666666666328,386.9499999999962
2168,119.73333333333358,149.59999999999718,218.21666666666943,810.8000000000256,804.7166666666676,520.066666666632
2169,167.16666666667152,150.93333333332112,238.68333333333476,655.5833333333057,656.3000000000197,469.0
2170,145.1000000000031,125.93333333333476,203.84999999999945,451.85000000000537,622.2166666666681,510.1333333333014
2171,92.99999999999955,99.48333333333221,182.26666666666506,356.46666666667033,425.4000000000274,209.83333333335395
2172,149.51666666664642,85.66666666666606,173.1666666666688,348.7333333333527,478.19999999997844,119.18333333333567
2173,123.83333333332348,115.73333333333358,137.83333333333712,248.35000000000446,629.0666666666939,250.34999999999673
2174,95.85000000000491,87.9833333333363,207.83333333333212,448.6666666666738,478.78333333333967,533.9999999999854
2175,147.4500000000021,99.55000000000382,169.58333333333576,594.4999999999927,385.6666666666606,746.9999999999964
2176,140.48333333333312,82.63333333333094,128.50000000001546,672.1500000000087,305.0999999999999,749.0
2177,112.98333333332948,66.88333333333276,344.5499999999988,388.4166666666547,305.93333333333067,684.533333333342
2178,128.0,106.8833333333273,325.64999999997826,366.549999999987,430.58333333331575,715.6833333333266
2179,168.70000000000073,79.68333333333385,205.55000000001064,244.1833333333252,357.6000000000231,741.3499999999949
2180,145.91666666665878,130.0,110.09999999999945,294.66666666666424,300.0,942.2333333333363
2181,60.68333333333703,129.5500000000011,136.73333333333494,378.2166666666617,442.73333333335404,682.0666666666575
2182,101.58333333333303,120.94999999999618,119.21666666666079,543.3333333333335,518.5333333333401,684.0333333333692
2183,159.11666666666542,123.16666666666742,114.19999999999891,474.33333333334576,777.4999999999991,376.26666666665915
2184,293.5833333333335,97.46666666667079,148.13333333333276,640.3166666666543,621.9333333333498,407.5333333333383
2185,289.7333333333322,88.71666666666624,249.39999999999782,666.8166666666862,689.0499999999856,646.0
2186,269.84999999999445,223.59999999999354,251.4666666666658,900.3499999999922,465.75000000002046,607.7333333333113
2187,252.09999999999764,242.8833333333314,279.3666666666704,814.9166666666629,407.5333333333392,617.3666666666636
2188,211.85000000000082,238.84999999997854,377.28333333332193,747.8833333333446,231.00000000000045,799.9333333333389
2189,143.06666666667888,165.09999999999764,329.3499999999999,848.0333333333219,309.0,603.3499999999503
2190,160.08333333333667,116.0333333333374,374.4500000000012,654.0333333333733,377.38333333334003,527.4999999999809
2191,178.95000000000255,134.4000000000001,283.11666666668407,814.0166666666496,481.6999999999989,383.100000000004
2192,215.18333333333248,193.10000000000127,305.9166666666656,986.7666666666892,709.4666666666526,388.64999999998736
2193,377.5333333333306,197.61666666666952,233.71666666670262,1105.9499999999884,636.4333333333602,405.45000000001437
2194,345.46666666666306,214.6166666666645,118.66666666667015,1098.800000000002,470.4333333333466,539.2999999999984
2195,317.95000000000164,202.53333333333285,211.61666666666997,972.4833333333195,410.2833333333301,528.4499999999925
2196,384.68333333332976,180.88333333334822,208.91666666666924,966.2666666667274,407.6500000000069,709.1499999999905
2197,437.8000000000079,148.35000000000446,236.03333333333467,807.7666666666987,374.199999999998,643.4000000000033
2198,318.23333333331084,143.9166666666706,226.99999999999818,733.2999999999947,148.78333333333103,693.366666666644
2199,284.9833333333313,99.76666666667279,204.01666666666006,859.0500000000002,211.8000000000011,692.733333333324
2200,282.5500000000129,166.2333333333313,193.65000000001373,711.5833333333012,336.099999999994,522.5499999999888
2201,417.81666666666615,171.0333333333333,89.450000000003,628.9999999999982,342.5833333333312,689.616666666655
2202,289.2166666666694,172.99999999999454,88.1333333333364,747.6833333333352,380.84999999999764,499.8500000000013
2203,374.53333333333285,260.4833333333322,162.3833333333355,537.3000000000015,386.1166666666695,642.1666666666565
2204,361.51666666666597,228.61666666666906,162.150000000001,513.3000000000097,459.53333333333467,748.366666666655
2205,318.36666666667134,154.81666666667752,215.19999999999936,625.50000000001,725.2000000000144,870.0833333333517
2206,410.36666666664496,186.55000000000246,239.76666666666733,691.3833333333187,591.9166666666629,645.3833333333473
2207,358.94999999999663,169.4833333333454,262.750000000015,576.6333333333287,604.7666666666642,561.1333333333137
2208,297.91666666667834,101.41666666666515,192.5666666666648,849.2000000000048,598.8666666666722,500.916666666677
2209,141.26666666666597,108.15000000000055,137.58333333333712,793.4166666666711,729.7500000000023,424.1666666666615
2210,132.13333333333458,110.34999999999854,91.74999999999682,725.2500000000032,1004.3999999999733,377.93333333333385
2211,135.0,248.06666666666706,99.0,515.2333333333172,910.8833333333314,510.8999999999837
2212,221.06666666666388,316.2333333333354,150.1500000000051,692.3166666666575,920.2166666667194,698.199999999998
2213,260.6166666666468,271.4666666666676,133.26666666666642,588.6833333333043,879.949999999998,572.3666666666895
2214,123.24999999999818,277.76666666666824,92.48333333334995,504.23333333333267,639.0666666666748,485.2000000000089
2215,96.58333333333076,324.89999999999964,54.766666666666424,770.6666666666652,657.8666666666727,405.19999999999527
2216,66.89999999999873,384.4500000000012,165.6333333333364,751.8666666666409,539.8000000000197,296.86666666665815
2217,73.6166666666677,459.5333333333151,249.2500000000009,738.2166666666567,611.2333333333322,473.800000000002
2218,84.46666666667397,311.2333333333522,174.6333333333232,761.6000000000099,616.8500000000045,459.999999999995
2219,148.0,292.6999999999989,163.0,1064.9333333333393,618.9333333333275,574.8166666666675
2220,169.950000000003,281.20000000000255,293.1000000000113,794.0833333332953,600.3666666666613,674.5333333333406
2221,171.48333333333494,240.8666666666527,177.66666666668516,754.033333333341,592.8666666666672,603.9500000000171
2222,141.40000000000055,77.78333333333285,102.9666666666667,854.8166666666593,584.6833333333402,402.23333333334676
2223,194.18333333333385,55.949999999998,192.51666666666597,841.3166666666511,556.5333333333328,413.5999999999967
2224,97.95000000001619,35.1166666666677,199.41666666666424,889.6333333333669,628.3333333333312,394.9333333333316
2225,137.46666666666806,53.30000000000018,229.38333333333685,921.3333333333198,416.600000000049,549.8000000000034
2226,161.19999999999845,122.39999999999918,169.200000000028,984.3000000000065,174.93333333334158,609.5666666666548
2227,147.1333333333355,134.79999999999927,174.7166666666758,895.2999999999988,202.60000000000764,464.4833333333304
2228,147.46666666666533,156.85000000000082,157.2666666666696,712.5666666666657,104.13333333333503,477.4833333333763
2229,125.86666666666497,239.99999999999682,278.6333333333341,517.2333333333568,152.6166666666736,521.1333333333196
2230,158.81666666666297,294.91666666668516,192.43333333332475,397.0999999999817,207.0,474.03333333332466
2231,141.10000000000127,187.94999999999982,66.70000000000073,396.06666666668343,171.8833333333414,663.7499999999927
2232,122.83333333333621,185.16666666666742,47.05000000000064,350.5999999999881,325.19999999999845,705.75
2233,168.79999999999927,196.46666666666624,34.13333333333367,344.26666666667415,271.0000000000091,661.6166666666777
2234,192.06666666666433,108.01666666665733,134.78333333333376,626.11666666666,475.6500000000233,491.10000000001673
2235,184.76666666667188,113.91666666666652,144.53333333333285,549.6666666666606,534.0999999999867,491.18333333333976
2236,219.50000000000682,232.29999999999882,144.99999999999454,599.4833333333586,383.94999999995935,626.8666666666618
2237,193.2000000000221,224.0,129.09999999999536,479.39999999998463,387.6999999999862,684.1000000000154
2238,127.95000000000118,231.25000000000455,198.95000000001255,669.3500000000222,332.1999999999989,451.76666666668734
2239,154.36666666666997,240.76666666666188,155.6166666666718,761.5833333333298,634.766666666655,327.0
2240,145.60000000000173,237.44999999999936,132.7999999999979,744.1166666666536,676.7833333333278,296.3333333333503
2241,249.29999999999927,178.2833333333583,131.9499999999989,490.91666666666015,609.1166666666727,331.2499999999927
2242,190.49999999999045,158.0666666666666,154.0,546.399999999976,445.03333333331557,340.3999999999796
2243,157.86666666666906,159.0,145.13333333334413,373.3666666666595,340.03333333332466,236.7333333333513
2244,129.26666666666688,164.0333333333465,84.300000000002,465.9833333333481,395.83333333333076,488.78333333333103
2245,287.10000000000036,111.96666666666397,99.89999999999918,441.03333333331784,305.6499999999901,626.083333333328
2246,274.3499999999999,221.76666666667688,100.11666666666906,617.5500000000229,314.5,365.4500000000012
2247,186.08333333334303,214.74999999997863,171.94999999999982,654.8333333333494,387.3333333333335,259.53333333332694
2248,147.39999999999418,123.8166666666666,179.96666666665942,571.0166666666596,335.34999999998854,347.53333333333285
2249,224.29999999999018,109.63333333333594,158.2333333333322,545.5833333333262,473.6000000000022,473.8833333333496
2250,218.10000000001037,68.58333333332575,90.58333333332348,549.8999999999537,287.61666666671545,463.3166666666775
2251,248.41666666666515,76.41666666666833,105.46666666666715,317.9166666667097,217.0,352.1999999999912
2252,290.13333333333003,81.7833333333333,105.9333333333334,355.60000000000036,226.0,384.1833333333393
2253,308.63333333336004,90.0,156.9166666666647,467.48333333333994,308.6666666666565,295.5999999999967
2254,247.48333333333767,157.0,93.51666666667097,466.7333333333463,237.19999999997344,197.53333333331284
2255,419.80000000000155,173.93333333333112,50.183333333331575,638.0000000000136,272.0,289.5999999999949
2256,598.4000000000033,122.71666666667033,76.53333333333376,652.3333333333348,299.1999999999789,319.7499999999968
2257,535.1000000000122,79.79999999999745,163.150000000001,478.7666666666464,314.46666666666397,293.88333333335186
2258,421.44999999998845,58.283333333331484,252.18333333333203,577.6333333333323,347.44999999999436,387.8333333333321
2259,377.10000000000036,141.35000000000082,180.10000000000127,802.3500000000058,350.86666666666633,326.2333333333281
2260,333.9999999999841,178.33333333333212,164.7166666666626,1002.0,456.8666666666695,321.0
2261,183.89999999998008,197.0,195.6999999999971,1296.7333333333213,489.05000000001337,408.7666666666919
2262,109.41666666666652,227.1000000000031,244.29999999999973,1075.2000000000298,463.1999999999798,322.6166666666627
2263,190.550000000002,128.91666666666606,233.38333333332912,957.433333333327,417.9166666666638,338.0
2264,199.61666666666997,123.15000000000282,166.34999999999764,833.4333333333138,421.86666666666497,438.4000000000178
2265,124.18333333332339,125.21666666666442,159.03333333333467,766.5499999999956,168.0333333333565,334.3833333333582
2266,137.56666666667525,133.1666666666688,220.100000000004,664.2499999999955,449.18333333332885,391.25
2267,96.65000000000146,139.81666666666388,209.6833333333234,560.4666666666662,786.8333333333389,257.68333333334795
2268,112.28333333333376,151.00000000000227,114.44999999999982,447.34999999997945,727.3833333333232,343.16666666661695
2269,189.36666666666542,253.08333333333758,121.84999999999945,315.016666666681,563.8333333333194,161.0
2270,235.1999999999921,312.28333333333785,192.26666666666642,270.43333333331793,530.1999999999857,318.9166666666579
2271,95.34999999999854,296.29999999999745,189.29999999999973,226.6833333333293,497.5000000000232,206.3333333333344
2272,115.35000000000036,316.55000000000246,291.05000000000155,262.8500000000013,604.3999999999733,305.0
2273,87.4166666666697,424.7666666666578,169.81666666666888,258.1833333333293,455.69999999998254,243.95000000000982
2274,197.23333333333312,372.80000000002747,64.5333333333324,281.7333333333336,506.9333333333411,58.56666666668434
2275,312.5666666666707,244.45000000000164,90.050000000002,336.85000000000264,357.96666666667943,140.0
2276,283.11666666666315,202.599999999989,65.599999999999,546.3999999999965,652.8666666666763,149.99999999999818
2277,342.76666666666597,226.66666666666742,71.28333333333103,548.2833333333283,529.1333333333232,537.2499999999809
2278,324.43333333333703,245.18333333333385,130.6666666666656,682.1833333333389,417.5333333333365,498.70000000000255
2279,329.1499999999992,222.61666666666906,196.31666666665978,771.6333333333546,418.65000000001237,638.6666666666756
2280,316.19999999999845,211.65000000000555,255.84999999999673,717.1333333333214,721.0833333333285,844.3999999999928
2281,263.2666666666537,273.1500000000028,228.08333333332212,631.9999999999914,688.116666666654,846.0
2282,130.68333333333976,219.9166666666447,176.70000000000164,363.9333333333293,674.0,926.2666666666637
2283,94.59999999999991,287.86666666666133,176.68333333333476,229.23333333335313,747.9333333333384,753.216666666689
2284,116.59999999999627,223.7833333333274,173.14999999999463,349.1333333333364,687.9333333333316,454.1833333333075
2285,107.83333333333167,121.9333333333143,106.18333333333703,453.4166666666656,644.0833333333435,445.3666666666559
2286,93.3333333333344,99.19999999999482,130.96666666666624,629.9333333333439,617.7499999999864,231.66666666668198
2287,54.13333333333412,89.73333333333312,144.33333333333303,718.5833333332985,759.1500000000478,349.2500000000023
2288,57.83333333332985,78.24999999999773,111.98333333333085,594.8000000000084,614.1999999999962,697.5333333333474
2289,38.516666666667334,168.78333333333285,110.91666666666652,532.0666666666502,591.8166666666552,534.8666666666627
2290,74.95000000000255,131.39999999999918,106.38333333332866,538.249999999985,479.6499999999978,520.966666666664
2291,134.1333333333332,123.78333333333467,89.20000000000118,425.61666666669134,455.5333333333074,517.9666666666385
2292,143.1333333333332,192.93333333333157,75.54999999999882,486.3833333333391,356.25000000001,417.4666666666749
2293,148.56666666666843,208.2333333333445,42.94999999999982,545.8166666666675,160.89999999998645,283.2166666666717
2294,249.75000000000273,140.0000000000009,59.69999999999982,580.9166666666797,599.9166666666538,284.73333333334267
2295,305.20000000000346,156.55000000000155,39.76666666666597,797.3999999999805,709.3833333333464,189.56666666667388
2296,229.9166666666888,176.2333333333313,41.0,707.6000000000345,621.299999999997,285.099999999984
2297,141.53333333333967,162.99999999999864,130.70000000000118,1057.499999999996,721.583333333378,497.6833333333211
2298,132.05000000000064,106.01666666666279,130.50000000002092,1062.8999999999992,489.9500000000112,391.3666666666677
2299,313.4833333333345,66.61666666666724,61.26666666667006,610.9333333333861,643.6999999999953,391.6666666666656
2300,348.4333333333325,49.78333333333285,170.00000000000182,477.56666666666433,433.4000000000251,816.0333333333106
2301,277.1833333333393,116.26666666666688,161.46666666666897,628.3333333333471,330.60000000000036,659.1333333333587
2302,151.1166666666668,119.79999999999973,257.8666666666645,410.3999999999887,331.26666666665915,621.4000000000019
2303,134.68333333333567,141.00000000000364,264.6666666666665,348.96666666666533,337.80000000000837,573.3833333333191
2304,117.83333333332848,99.83333333333621,319.23333333333585,492.1666666666406,113.73333333333449,322.7166666666599
2305,104.0666666666657,243.68333333335522,310.5333333333342,523.3999999999978,254.0,239.86666666666815
2306,148.50000000000273,140.8833333333355,243.71666666667988,500.60000000000537,583.3666666666559,142.11666666667998
2307,187.20000000000664,136.10000000000446,198.4500000000221,573.5999999999881,548.4166666666683,254.0
2308,70.13333333332139,97.0,153.2833333333324,1066.1833333333248,682.4999999999832,406.78333333333376
2309,60.63333333333139,116.76666666666688,138.95000000000846,1044.0666666666702,375.566666666688,740.6500000000096
2310,96.21666666666306,105.91666666666742,127.21666666666533,850.2666666666823,240.35000000000036,797.8500000000195
2311,96.21666666667261,78.08333333333121,115.79999999999927,595.6500000000001,372.06666666668025,701.0833333333303
2312,100.28333333333467,197.400000000001,151.99999999999955,477.6333333333455,266.84999999999764,791.9333333333325
2313,107.49999999999727,188.58333333333212,129.41666666666515,406.74999999997635,236.5666666666698,871.9833333333108
2314,92.84999999999673,121.26666666665506,50.29999999999791,724.6166666666459,174.4166666666747,941.6500000000178
2315,79.30000000000064,124.16666666666742,49.499999999999545,915.0,182.2166666666617,929.9166666666765
2316,88.7833333333333,130.35000000000173,85.800000000002,884.3499999999385,304.0,910.9333333333107
2317,72.56666666666388,365.91666666666197,97.09999999999945,789.333333333344,287.55000000000973,919.9166666666665
2318,82.61666666666224,406.13333333332594,90.86666666666679,659.4500000000162,320.96666666666397,839.1499999999969
2319,101.36666666666997,367.85000000000446,94.21666666666442,578.9333333332884,362.3333333333253,732.933333333368
2320,165.99999999999363,310.1666666666538,106.94999999999936,563.4666666666553,587.1333333333364,616.6666666666697
2321,160.21666666666897,246.9000000000142,100.34999999999854,772.0000000000009,575.6333333333196,688.8999999999974
2322,151.38333333333458,276.3666666666486,95.36666666666815,766.2999999999888,457.2499999999968,585.2666666666837
2323,125.75000000000546,208.41666666666606,88.33333333333258,416.06666666662386,456.45000000000437,607.6333333333373
2324,118.31666666665524,145.700000000023,70.8166666666666,350.11666666665997,347.1333333333441,698.2333333333295
2325,114.06666666666706,111.0,85.10000000000173,381.0,319.91666666666833,528.350000000024
2326,113.150000000001,141.95000000000164,89.0,664.0500000000129,389.0,546.5999999999913
2327,206.51666666666688,121.69999999999982,110.5333333333324,860.8833333333496,549.0,587.2999999999893
2328,161.2166666666676,216.36666666666588,91.51666666665915,1248.2000000000007,537.8333333333253,550.5000000000346
2329,130.1666666666697,186.0833333333344,58.933333333329756,1232.4333333333007,376.8666666666718,438.3999999999942
2330,100.84999999999764,280.88333333333185,277.26666666666733,1168.2999999999947,404.75000000001364,369.61666666665315
2331,89.45000000000255,294.53333333333194,295.9500000000003,1036.4166666666338,315.46666666667716,173.00000000001774
2332,123.74999999999909,391.8833333333205,358.1499999999969,779.9166666666811,359.0166666666737,203.85000000000173
2333,110.56666666666933,337.9666666666717,257.85000000000946,573.7499999999768,423.10000000000264,268.1999999999898
2334,100.61666666666633,206.36666666667043,189.95000000000346,412.2666666666523,524.5333333333128,255.5166666666687
2335,217.01666666667143,326.1333333333314,61.0,313.0666666666448,378.98333333335404,250.8666666666686
2336,337.2333333333404,267.1166666666386,63.499999999999545,249.98333333335904,335.7499999999791,242.13333333332866
2337,361.3666666666677,129.96666666666852,102.9333333333343,211.7333333333354,395.73333333335813,401.99999999999363
2338,431.9166666666624,141.9999999999959,164.43333333333157,178.16666666668561,252.84999999997535,466.5333333333465
2339,520.6666666666329,170.81666666666297,181.6333333333323,492.3000000000061,192.0,303.4499999999766
2340,392.23333333330993,176.50000000000682,198.58333333333667,725.5833333333298,469.0,449.3833333333323
2341,308.8333333333312,172.00000000000455,266.4499999999957,928.3499999999881,413.1166666666786,562.3833333333214
2342,204.2499999999891,236.14999999999827,300.1666666666706,696.1833333333075,260.25000000000955,707.2333333333304
2343,155.45000000000118,191.06666666666206,279.0500000000179,827.9000000000115,207.1166666666645,519.6500000000137
2344,235.3833333333332,203.2333333333313,193.08333333333348,781.283333333336,244.2500000000473,525.866666666665
2345,216.40000000000146,183.15000000000282,122.85000000000173,1025.750000000001,96.29999999998881,725.0
2346,142.79999999998972,358.466666666679,115.55000000000064,783.7499999999682,175.33333333333576,724.5166666666805
2347,105.71666666666488,252.53333333333103,115.26666666666688,540.4833333333536,413.63333333333685,603.616666666665
2348,76.55000000000109,180.39999999999873,110.35000000000264,407.4666666666485,566.9499999999953,632.733333333345
2349,103.80000000000155,189.69999999999936,186.399999999996,386.1333333333232,623.0333333333415,548.7166666666176
2350,210.88333333333412,110.13333333332184,252.98333333332994,781.0499999999938,851.5500000000147,400.9500000000048
2351,195.96666666666852,88.9333333333343,174.43333333333794,829.0833333333321,1002.1166666666604,490.16666666666697
2352,189.4999999999991,105.1666666666656,139.1833333333334,953.383333333335,914.8666666666691,484.11666666666133
2353,181.6333333333355,84.63333333333321,177.9666666666658,1138.400000000005,642.1499999999965,557.9999999999891
2354,174.4333333333284,94.28333333333285,118.6333333333273,976.2000000000089,611.5499999999947,332.9499999999857
2355,204.9333333333352,124.74999999999955,57.33333333333394,791.3833333332959,567.3499999999981,470.0499999999802
2356,172.2333333333322,131.08333333333348,72.5,473.3833333333073,447.4333333333361,629.4333333333452
2357,95.19999999999709,154.4166666666688,124.93333333333112,399.53333333335377,325.63333333332184,461.5000000000068
2358,54.3666666666677,122.73333333333085,119.90000000000009,538.4333333333252,445.966666666674,463.2166666666685
2359,44.0,140.98333333333494,136.29999999999745,608.5333333333374,450.14999999999327,733.9166666666611
2360,61.66666666666606,143.1166666666668,113.00000000000091,694.7333333333295,680.6500000000178,791.7833333333033
2361,71.20000000000073,327.1166666666418,109.79999999999836,598.116666666649,923.0,705.0000000000086
2362,64.68333333333476,222.74999999999864,109.0,384.0166666666787,999.8333333333535,619.3333333333512
2363,73.34999999999854,176.30000000001883,103.99999999999272,379.06666666665024,788.4333333333434,501.40000000001555
2364,145.94999999999663,137.0999999999999,156.2166666666667,170.66666666668243,602.2500000000118,325.9666666666817
2365,136.36666666666088,211.64999999999873,153.90000000000055,218.43333333334522,500.3000000000002,208.79999999998654
2366,124.83333333333394,207.48333333333449,133.79999999997972,339.0999999999999,229.5000000000182,374.78333333333376
2367,78.9333333333384,237.80000000000155,105.20000000000073,459.79999999999563,299.4666666666685,552.6333333333341
2368,78.5333333333333,250.44999999998618,110.94999999999891,682.833333333333,390.1166666666586,546.0166666666605
2369,92.46666666667079,235.0666666666666,94.01666666666733,668.2999999999802,606.0,752.1166666666718
2370,167.8499999999949,234.18333333333794,79.30000000000655,564.6499999999896,514.8166666666975,615.0333333333465
2371,170.40000000000646,184.28333333333512,206.8666666666477,646.1833333333293,486.11666666667224,657.4999999999886
2372,144.5333333333333,224.6500000000019,120.0,611.3666666666572,413.10000000000036,753.2999999999879
2373,124.03333333334922,204.96666666667807,122.23333333333676,639.7500000000255,431.8833333333341,712.0833333333167
2374,136.999999999985,136.40000000000146,111.0,685.4500000000057,562.3333333333389,662.3499999999649
2375,141.86666666666815,219.53333333333376,122.73333333333312,551.783333333356,417.71666666667625,312.05000000000473
2376,122.26666666666779,207.73333333333176,121.18333333333294,357.38333333331366,412.73333333334085,291.99999999997317
2377,141.29999999999245,194.9833333333354,138.83333333334713,300.03333333333785,732.666666666667,530.4499999999971
2378,129.91666666667152,97.46666666666852,161.7166666666676,397.7666666666737,887.7833333333674,772.9666666666626
2379,107.08333333333621,94.60000000000036,180.4333333333334,523.5999999999995,798.3999999999915,813.8666666666522
2380,197.10000000000036,241.66666666666606,160.09999999998718,411.1833333333316,569.2666666666523,923.2333333333354
2381,219.01666666666915,289.9833333333336,187.699999999998,464.40000000000236,593.2333333332899,928.149999999986
2382,204.0166666666846,259.400000000001,268.0,522.116666666665,333.5833333333517,774.0000000000236
2383,120.64999999999918,190.11666666666633,177.66666666667925,624.7000000000071,513.9999999999982,491.76666666670735
2384,94.36666666666997,217.0,90.53333333333148,475.83333333331393,637.2499999999982,425.3666666666413
2385,64.68333333333612,243.23333333333767,90.23333333333312,333.2333333333436,731.2166666666735,663.6000000000022
2386,71.19999999999982,347.13333333333185,79.63333333333503,376.4000000000178,691.9500000000212,758.3999999999978
2387,62.1666666666697,299.1333333333255,167.66666666666606,453.6666666666674,777.5333333333442,843.0833333333326
2388,231.59999999997717,274.9666666666667,172.8666666666668,371.4999999999691,562.0000000000018,949.4999999999613
2389,143.25000000000273,238.7833333333533,157.76666666666688,390.43333333332566,543.8666666666904,705.7500000000114
2390,136.0666666666625,185.54999999999973,69.66666666665924,689.0333333333338,989.6000000000254,689.466666666664
2391,203.28333333334422,198.10000000000946,47.400000000003274,742.4833333333386,993.6499999999974,712.2500000000041
2392,157.63333333333367,122.34999999999764,66.81666666666752,831.5333333333588,883.4166666666538,861.9833333332699
2393,161.78333333333012,110.13333333333276,76.49999999999818,586.4666666666853,685.2833333333397,560.2333333333627
2394,143.03333333333558,175.5166666666646,54.39999999999827,643.6833333333366,812.6333333333519,681.349999999989
2395,101.78333333333649,260.61666666666997,51.19999999999982,695.0333333333069,917.6333333334032,622.0999999999926
2396,184.9500000000039,248.53333333333512,48.41666666666333,721.8666666666522,676.1333333333414,652.5999999999949
2397,351.26666666666733,170.06666666666115,40.01666666666961,591.466666666648,692.6999999999789,657.4999999999991
2398,311.51666666666324,169.85000000000355,48.766666666666424,654.9833333333477,658.1666666666465,722.3000000000052
2399,169.5,184.36666666666997,103.33333333333576,493.6333333333396,575.1666666666692,795.2499999999905
2400,157.23333333333403,100.5333333333374,86.00000000000091,362.64999999998827,434.09999999999945,583.6166666666795
2401,117.4333333333334,56.73333333333176,77.64999999999964,213.349999999999,368.6999999999962,370.64999999998963
2402,67.03333333332284,31.866666666668607,69.3166666666607,167.16666666665787,302.48333333333994,181.399999999996
2403,4.0,27.5,27.016666666668243,123.0,258.48333333333994,61.0
2404,4.0,1.6666666666696983,7.699999999997999,8.199999999992542,120.71666666669307,0.0
2405,2.399999999999636,0.0,0.0,0.0,17.25000000001046,0.0
2406,0.0,0.0,0.0,0.0,0.0,0.0
